# Noesis .obj export.
#
mtllib unused.mtl
g
v  101.198479 16.401978 90.730789
v  100.798676 15.966496 90.594833
v  99.725159 16.072102 91.427673
v  100.181595 16.502012 91.519699
v  110.552994 16.007360 83.777756
v  97.677185 17.274006 93.766983
v  98.045631 17.115419 94.262009
v  110.921440 15.848775 84.272781
v  98.299179 16.667631 94.645599
v  111.174995 15.400987 84.656387
v  111.277794 14.873302 84.855797
v  98.455643 16.146593 94.913345
v  98.367607 15.426754 94.864960
v  111.096176 14.241829 84.688850
v  98.346176 15.008243 94.916588
v  110.986824 13.915698 84.602173
v  110.178726 15.756788 83.327103
v  109.911507 15.244502 83.047630
v  106.357124 15.594161 85.805168
v  106.631584 16.105736 86.079025
v  109.793297 14.689445 82.965645
v  106.214996 15.038157 85.711296
v  109.970024 14.102354 83.254951
v  110.057976 13.800660 83.419510
v  96.941208 14.834236 93.127693
v  96.956932 15.252041 93.068802
v  111.788483 14.170799 83.680473
v  111.953514 14.737212 83.821365
v  111.804054 15.264577 83.561852
v  111.468857 15.476400 83.102936
v  111.468857 15.476400 83.102936
v  111.126434 15.180653 82.699066
v  110.552994 16.007360 83.777756
v  111.468857 15.476400 83.102936
v  110.961411 14.614340 82.558159
v  111.110870 14.086876 82.817688
v  114.491646 15.497784 80.726807
v  114.013130 15.084459 80.162422
v  111.468857 15.476400 83.102936
v  114.960068 15.201738 81.368126
v  114.491646 15.497784 80.726807
v  115.168930 14.464712 81.730797
v  114.938309 13.673256 81.533897
v  114.459793 13.259932 80.969505
v  111.446068 13.875051 83.276604
v  113.991371 13.555976 80.328194
v  114.459793 13.259932 80.969505
v  111.446068 13.875051 83.276604
v  111.446068 13.875051 83.276604
v  113.782509 14.293002 79.965515
v  114.653458 15.443839 80.604973
v  114.191177 15.044533 80.059738
v  115.105988 15.157833 81.224533
v  114.653458 15.443839 80.604973
v  114.491646 15.497784 80.726807
v  114.491646 15.497784 80.726807
v  115.307762 14.445827 81.574898
v  115.084969 13.681241 81.384674
v  114.622681 13.281933 80.839439
v  114.170158 13.567940 80.219872
v  114.622681 13.281933 80.839439
v  114.459793 13.259932 80.969505
v  114.459793 13.259932 80.969505
v  113.968376 14.279944 79.869507
v  100.580002 16.162479 90.287140
v  101.002792 16.659462 90.445915
v  99.985916 16.759497 91.234818
v  99.506409 16.268093 91.120049
v  97.035698 16.511148 93.036858
v  97.302917 17.023434 93.316330
v  99.725159 16.072102 91.427673
v  99.393280 15.591829 91.460876
v  99.151459 15.726430 91.130470
v  99.506409 16.268093 91.120049
v  99.725159 16.072102 91.427673
v  106.598946 15.459562 86.135574
v  100.798676 15.966496 90.594833
v  100.580002 16.162479 90.287140
v  100.580002 16.162479 90.287140
v  106.357124 15.594161 85.805168
v  106.456741 14.903564 86.041763
v  106.357124 15.594161 85.805168
v  106.357124 15.594161 85.805168
v  106.214996 15.038157 85.711296
v  99.393280 15.591829 91.460876
v  106.456741 14.903564 86.041763
v  106.214996 15.038157 85.711296
v  106.214996 15.038157 85.711296
v  99.151459 15.726430 91.130470
v  99.393280 15.591829 91.460876
v  100.181595 16.502012 91.519699
v  99.725159 16.072102 91.427673
v  99.506409 16.268093 91.120049
v  99.506409 16.268093 91.120049
v  99.985916 16.759497 91.234818
v  100.181595 16.502012 91.519699
v  101.198479 16.401978 90.730789
v  100.181595 16.502012 91.519699
v  99.985916 16.759497 91.234818
v  99.985916 16.759497 91.234818
v  101.002792 16.659462 90.445915
v  101.198479 16.401978 90.730789
v  100.798676 15.966496 90.594833
v  101.198479 16.401978 90.730789
v  101.002792 16.659462 90.445915
v  101.002792 16.659462 90.445915
v  100.580002 16.162479 90.287140
v  100.798676 15.966496 90.594833
v  99.151459 15.726430 91.130470
v  110.552994 16.007360 83.777756
v  97.677185 17.274006 93.766983
v  110.552994 16.007360 83.777756
v  97.640396 14.689422 94.047287
v  110.519104 13.626362 84.035980
v  111.446068 13.875051 83.276604
v  110.519104 13.626362 84.035980
v  111.446068 13.875051 83.276604
v  110.519104 13.626362 84.035980
v  110.519104 13.626362 84.035980
v  97.640396 14.689422 94.047287
v  106.598946 15.459562 86.135574
v  106.456741 14.903564 86.041763
v  99.393280 15.591829 91.460876
v  99.393280 15.591829 91.460876
v  106.598946 15.459562 86.135574
v  96.809044 10.830136 93.465065
v  97.580750 10.499710 94.501663
v  78.636787 12.363304 109.198647
v  77.865089 12.693731 108.162041
v  96.280228 11.763937 92.665031
v  77.336273 13.627541 107.362007
v  92.895691 12.508603 94.986137
v  77.214737 14.051202 107.151634
v  93.049591 13.526738 95.241455
v  93.038078 12.821521 95.316048
v  77.446693 14.355309 107.412056
v  77.458199 15.060526 107.337471
v  97.302917 17.023434 93.316330
v  97.035698 16.511148 93.036858
v  78.091736 18.374741 107.733826
v  78.358955 18.887028 108.013306
v  97.302917 17.023434 93.316330
v  97.677185 17.274006 93.766983
v  97.302917 17.023434 93.316330
v  78.733223 19.137600 108.463959
v  97.677185 17.274006 93.766983
v  77.357384 15.321126 107.174477
v  93.038338 13.778527 95.008980
v  96.301346 13.457532 92.477493
v  96.158699 12.187608 92.454651
v  77.682777 16.186638 107.484146
v  96.626740 14.323044 92.787170
v  77.919861 17.813038 107.583511
v  97.035698 16.511148 93.036858
v  97.035698 16.511148 93.036858
v  96.863823 15.949445 92.886536
v  98.346176 15.008243 94.916588
v  95.163757 15.321310 97.385559
v  95.392838 14.893419 97.884483
v  98.647179 14.573277 95.359726
v  98.346176 15.008243 94.916588
v  98.364609 11.022795 95.445702
v  79.420647 12.886389 110.142685
v  78.636787 12.363304 109.198647
v  78.636787 12.363304 109.198647
v  97.580750 10.499710 94.501663
v  98.921921 12.091112 96.028595
v  79.977959 13.954706 110.725578
v  95.792969 12.867434 98.675133
v  80.112007 14.410032 110.840630
v  95.487862 13.828720 98.346024
v  79.896477 15.362509 110.442032
v  79.887909 14.657657 110.520370
v  95.479301 13.123868 98.424362
v  97.677185 17.274006 93.766983
v  78.733223 19.137600 108.463959
v  79.101669 18.979013 108.958977
v  98.045631 17.115419 94.262009
v  97.677185 17.274006 93.766983
v  98.367607 15.426754 94.864960
v  95.172577 15.741062 97.343704
v  98.346176 15.008243 94.916588
v  98.367607 15.426754 94.864960
v  98.455643 16.146593 94.913345
v  95.201302 16.466736 97.438110
v  98.367607 15.426754 94.864960
v  98.455643 16.146593 94.913345
v  98.299179 16.667631 94.645599
v  94.606941 17.030851 97.510086
v  98.455643 16.146593 94.913345
v  98.299179 16.667631 94.645599
v  95.686028 14.106446 98.380188
v  80.005074 15.649045 110.545685
v  98.949036 13.785451 95.848709
v  99.055969 12.546438 96.143654
v  95.234978 14.344334 98.660263
v  91.613312 15.670582 100.140038
v  79.402222 16.871838 109.613571
v  79.703217 16.436871 110.056702
v  91.945976 15.232501 100.558609
v  91.622131 16.090334 100.098190
v  79.411041 17.291588 109.571716
v  91.814774 16.799881 100.065407
v  79.511681 18.010187 109.610321
v  92.070381 17.280384 99.477989
v  79.355225 18.531225 109.342583
v  91.119987 16.670664 99.186226
v  91.814774 16.799881 100.065407
v  91.622131 16.090334 100.098190
v  91.622131 16.090334 100.098190
v  91.010704 15.466054 99.389236
v  91.538086 17.054398 98.820534
v  92.070381 17.280384 99.477989
v  91.814774 16.799881 100.065407
v  91.814774 16.799881 100.065407
v  94.074646 16.804865 96.852631
v  94.606941 17.030851 97.510086
v  92.070381 17.280384 99.477989
v  92.070381 17.280384 99.477989
v  94.506508 16.337519 96.558922
v  95.201302 16.466736 97.438110
v  94.606941 17.030851 97.510086
v  94.606941 17.030851 97.510086
v  91.123756 14.264757 99.417297
v  92.324326 14.630667 100.918388
v  95.234978 14.344334 98.660263
v  95.234978 14.344334 98.660263
v  94.034416 13.978424 97.159172
v  91.945976 15.232501 100.558609
v  92.324326 14.630667 100.918388
v  92.324326 14.630667 100.918388
v  91.123756 14.264757 99.417297
v  95.234978 14.344334 98.660263
v  95.392838 14.893419 97.884483
v  95.392838 14.893419 97.884483
v  94.561150 15.116782 96.634750
v  78.000359 17.116875 107.775551
v  96.956932 15.252041 93.068802
v  94.506508 16.337519 96.558922
v  91.119987 16.670664 99.186226
v  91.010704 15.466054 99.389236
v  91.010704 15.466054 99.389236
v  94.561150 15.116782 96.634750
v  94.506508 16.337519 96.558922
v  91.538086 17.054398 98.820534
v  91.119987 16.670664 99.186226
v  94.506508 16.337519 96.558922
v  94.506508 16.337519 96.558922
v  94.074646 16.804865 96.852631
v  91.538086 17.054398 98.820534
v  91.123756 14.264757 99.417297
v  94.034416 13.978424 97.159172
v  94.561150 15.116782 96.634750
v  94.561150 15.116782 96.634750
v  91.010704 15.466054 99.389236
v  91.123756 14.264757 99.417297
v  96.956932 15.252041 93.068802
v  96.941208 14.834236 93.127693
v  96.941208 14.834236 93.127693
v  77.997246 16.697830 107.824669
v  92.324326 14.630667 100.918388
v  92.324326 14.630667 100.918388
v  98.045631 17.115419 94.262009
v  98.045631 17.115419 94.262009
v  96.941208 14.834236 93.127693
v  77.997246 16.697830 107.824669
v  96.941208 14.834236 93.127693
v  95.201302 16.466736 97.438110
v  95.172577 15.741062 97.343704
v  95.201302 16.466736 97.438110
v  94.686096 9.919014 96.848625
v  94.480743 9.739460 96.556305
v  92.370728 9.464316 98.146973
v  92.616814 9.679427 98.497108
v  94.935730 9.795811 97.135620
v  92.915794 9.531823 98.840988
v  95.083290 9.442027 97.249268
v  93.092651 9.107987 98.977058
v  95.042389 9.064893 97.122955
v  93.043663 8.656198 98.825737
v  94.837036 8.885339 96.830627
v  92.797577 8.441087 98.475594
v  94.587402 9.008542 96.543633
v  92.498596 8.588691 98.131721
v  94.439842 9.362335 96.429993
v  92.321815 9.012519 97.995583
v  95.359421 9.698276 96.094131
v  95.337944 9.500423 96.027870
v  95.467209 9.792469 96.247467
v  95.598137 9.727839 96.398071
v  95.675529 9.542233 96.457718
v  95.654129 9.344364 96.391396
v  95.546341 9.250160 96.238068
v  95.415413 9.314799 96.087456
v  84.578041 9.632307 102.555862
v  84.375259 9.607192 102.297668
v  83.978172 10.216225 102.408806
v  84.249283 10.249811 102.753998
v  84.573212 8.802207 102.640396
v  84.370430 8.777093 102.382210
v  83.901932 8.345028 103.212082
v  83.699150 8.319914 102.953888
v  83.361740 8.722530 103.599617
v  83.157722 8.697478 103.342392
v  83.015091 9.988070 103.748772
v  82.706955 9.949907 103.356430
v  82.305824 10.888577 104.218216
v  81.973160 10.847376 103.794647
v  82.305824 10.888577 104.218216
v  82.423538 11.255721 104.090050
v  82.090874 11.214520 103.666481
v  81.973160 10.847376 103.794647
v  82.305824 10.888577 104.218216
v  83.157722 8.697478 103.342392
v  84.375259 9.607192 102.297668
v  84.370430 8.777093 102.382210
v  84.370430 8.777093 102.382210
v  83.699150 8.319914 102.953888
v  83.157722 8.697478 103.342392
v  83.157722 8.697478 103.342392
v  82.706955 9.949907 103.356430
v  83.978172 10.216225 102.408806
v  83.978172 10.216225 102.408806
v  84.375259 9.607192 102.297668
v  83.157722 8.697478 103.342392
v  82.706955 9.949907 103.356430
v  81.973160 10.847376 103.794647
v  82.090874 11.214520 103.666481
v  82.090874 11.214520 103.666481
v  83.978172 10.216225 102.408806
v  82.706955 9.949907 103.356430
v  112.407394 10.013965 82.091537
v  112.799217 9.856953 82.616493
v  97.543442 9.323974 94.649948
v  96.734573 9.539708 93.579987
v  96.097672 10.483918 92.639313
v  112.126419 10.540709 81.662582
v  95.932564 11.770780 92.263321
v  112.031593 11.296036 81.444572
v  113.196899 10.111746 83.096786
v  98.361328 9.741183 95.651268
v  97.543442 9.323974 94.649948
v  97.543442 9.323974 94.649948
v  112.799217 9.856953 82.616493
v  99.027405 10.846768 96.369637
v  113.493889 10.710070 83.403725
v  112.150948 13.716525 81.291496
v  96.573830 15.171073 92.658730
v  98.683250 15.432326 95.344574
v  113.559853 13.891020 83.085411
v  113.610596 11.491597 83.455063
v  99.229797 12.179145 96.461563
v  95.932564 11.770780 92.263321
v  99.229797 12.179145 96.461563
v  98.683250 15.432326 95.344574
v  98.683250 15.432326 95.344574
v  96.573830 15.171073 92.658730
v  95.932564 11.770780 92.263321
v  112.150948 13.716525 81.291496
v  113.559853 13.891020 83.085411
v  113.610596 11.491597 83.455063
v  113.610596 11.491597 83.455063
v  112.031593 11.296036 81.444572
v  112.150948 13.716525 81.291496
v  112.031593 11.296036 81.444572
v  113.610596 11.491597 83.455063
v  113.493889 10.710070 83.403725
v  113.493889 10.710070 83.403725
v  112.126419 10.540709 81.662582
v  112.031593 11.296036 81.444572
v  112.407394 10.013965 82.091537
v  112.126419 10.540709 81.662582
v  113.493889 10.710070 83.403725
v  113.493889 10.710070 83.403725
v  113.196899 10.111746 83.096786
v  112.407394 10.013965 82.091537
v  96.097672 10.483918 92.639313
v  99.027405 10.846768 96.369637
v  99.229797 12.179145 96.461563
v  99.229797 12.179145 96.461563
v  95.932564 11.770780 92.263321
v  96.097672 10.483918 92.639313
v  96.734573 9.539708 93.579987
v  98.361328 9.741183 95.651268
v  99.027405 10.846768 96.369637
v  99.027405 10.846768 96.369637
v  96.097672 10.483918 92.639313
v  96.734573 9.539708 93.579987
v  110.987228 12.944002 82.239365
v  110.854774 12.927597 82.070717
v  110.993279 12.472285 82.006226
v  111.125732 12.488689 82.174873
v  111.138290 13.370828 82.079208
v  111.005836 13.354424 81.910561
v  111.490410 13.519056 81.788239
v  111.357956 13.502651 81.619591
v  111.837242 13.302069 81.536949
v  111.704796 13.285665 81.368301
v  111.975754 12.846757 81.472458
v  111.843300 12.830353 81.303810
v  111.824692 12.419930 81.632622
v  111.692238 12.403526 81.463974
v  111.472656 12.271695 81.923523
v  111.340202 12.255290 81.754875
v  78.648849 13.319244 106.336540
v  79.323715 12.806095 107.271484
v  58.756145 14.829410 123.228073
v  58.081284 15.342558 122.293129
v  57.797249 16.857382 121.734932
v  78.364815 14.834067 105.778351
v  78.390327 14.163422 105.896271
v  57.822758 16.186735 121.852852
v  58.012886 17.122442 121.979271
v  78.580452 15.099129 106.022690
v  58.756145 14.829410 123.228073
v  79.323715 12.806095 107.271484
v  79.191055 13.955282 106.954773
v  58.623489 15.978597 122.911362
v  58.756145 14.829410 123.228073
v  79.122429 14.101794 105.602943
v  79.121849 14.818672 105.511299
v  79.315948 15.027311 105.596161
v  79.301407 14.005815 105.706947
v  78.635307 14.071342 106.223717
v  81.313087 13.649212 109.728813
v  60.745518 15.672525 125.685402
v  60.053635 14.990105 124.880119
v  80.621208 12.966791 108.923538
v  81.596603 14.560523 109.978706
v  81.641327 15.239867 109.950218
v  61.073761 17.263180 125.906799
v  61.029034 16.583836 125.935287
v  81.432487 15.452355 109.654083
v  60.864922 17.475670 125.610664
v  60.053635 14.990105 124.880119
v  60.219543 16.176270 124.943558
v  80.787109 14.152955 108.986969
v  80.621208 12.966791 108.923538
v  60.053635 14.990105 124.880119
v  82.062447 14.465928 109.346367
v  82.014229 14.341800 109.161079
v  82.028770 15.363297 109.050293
v  82.083473 15.185472 109.282234
v  81.348122 14.407327 109.677849
v  112.778542 15.558699 82.066322
v  112.354454 15.192404 81.566139
v  111.018158 15.323861 82.602859
v  111.442245 15.690157 83.103043
v  113.193687 15.296343 82.634697
v  111.857384 15.427800 83.671417
v  113.378784 14.643104 82.956116
v  112.042488 14.774561 83.992836
v  113.378250 13.986618 83.038666
v  112.041946 14.118075 84.075386
v  113.368561 13.306375 83.112442
v  112.032265 13.437832 84.149155
v  112.131889 13.832255 81.451721
v  112.143944 13.154704 81.553169
v  110.807640 13.286161 82.589890
v  110.795586 13.963713 82.488441
v  112.150070 14.490926 81.391640
v  110.813766 14.622383 82.428360
v  84.383369 3.871755 106.281105
v  83.694290 3.786412 105.403732
v  84.840248 3.770378 104.696617
v  85.344513 3.832833 105.338684
v  86.477905 3.452606 104.485527
v  85.973640 3.390152 103.843452
v  84.148254 5.015975 104.927589
v  84.837334 5.101317 105.804970
v  85.832367 2.925140 103.999641
v  86.336639 2.987594 104.641716
v  88.928680 2.601758 101.599304
v  89.432953 2.664213 102.241379
v  85.832367 2.925140 103.999641
v  85.973640 3.390152 103.843452
v  88.847649 3.116295 101.612900
v  88.928680 2.601758 101.599304
v  85.832367 2.925140 103.999641
v  89.351921 3.178750 102.254967
v  88.847649 3.116295 101.612900
v  86.477905 3.452606 104.485527
v  86.336639 2.987594 104.641716
v  89.432953 2.664213 102.241379
v  89.432953 2.664213 102.241379
v  89.351921 3.178750 102.254967
v  86.477905 3.452606 104.485527
v  89.622314 3.343587 100.982384
v  90.126587 3.406042 101.624451
v  88.928680 2.601758 101.599304
v  89.259521 3.590297 101.243309
v  89.622314 3.343587 100.982384
v  88.928680 2.601758 101.599304
v  88.847649 3.116295 101.612900
v  89.763794 3.652746 101.885384
v  89.259521 3.590297 101.243309
v  88.847649 3.116295 101.612900
v  89.351921 3.178750 102.254967
v  89.432953 2.664213 102.241379
v  90.126587 3.406042 101.624451
v  90.126587 3.406042 101.624451
v  89.763794 3.652746 101.885384
v  89.351921 3.178750 102.254967
v  90.591667 6.239819 99.671288
v  91.354851 6.334340 100.643028
v  90.016754 6.288879 100.118042
v  90.591667 6.239819 99.671288
v  89.622314 3.343587 100.982384
v  89.622314 3.343587 100.982384
v  90.779945 6.383401 101.089783
v  90.016754 6.288879 100.118042
v  89.259521 3.590297 101.243309
v  89.259521 3.590297 101.243309
v  91.354851 6.334340 100.643028
v  90.779945 6.383401 101.089783
v  89.763794 3.652746 101.885384
v  89.763794 3.652746 101.885384
v  90.126587 3.406042 101.624451
v  91.354851 6.334340 100.643028
v  92.016266 7.168623 98.462082
v  92.779449 7.263145 99.433830
v  90.591667 6.239819 99.671288
v  89.679207 7.391033 100.275940
v  92.016266 7.168623 98.462082
v  90.591667 6.239819 99.671288
v  90.016754 6.288879 100.118042
v  90.442390 7.485555 101.247681
v  89.679207 7.391033 100.275940
v  90.016754 6.288879 100.118042
v  90.779945 6.383401 101.089783
v  91.354851 6.334340 100.643028
v  92.779449 7.263145 99.433830
v  92.779449 7.263145 99.433830
v  90.442390 7.485555 101.247681
v  90.779945 6.383401 101.089783
v  90.748772 4.404713 99.164619
v  91.298912 4.316746 98.741112
v  92.604691 4.478463 100.403709
v  92.054550 4.566435 100.827225
v  91.349693 6.240194 98.666084
v  92.508705 6.383739 100.141808
v  92.783302 7.202389 99.694557
v  91.771072 7.077023 98.405716
v  91.855652 6.190421 98.273560
v  91.349693 6.240194 98.666084
v  91.771072 7.077023 98.405716
v  91.771072 7.077023 98.405716
v  92.151070 7.039641 98.110909
v  93.014664 6.333965 99.749283
v  91.855652 6.190421 98.273560
v  92.151070 7.039641 98.110909
v  92.151070 7.039641 98.110909
v  93.163300 7.165007 99.399742
v  92.508705 6.383739 100.141808
v  93.014664 6.333965 99.749283
v  93.163300 7.165007 99.399742
v  93.163300 7.165007 99.399742
v  92.783302 7.202389 99.694557
v  92.508705 6.383739 100.141808
v  91.349693 6.240194 98.666084
v  91.298912 4.316746 98.741112
v  91.298912 4.316746 98.741112
v  90.748772 4.404713 99.164619
v  91.349693 6.240194 98.666084
v  90.748772 4.404713 99.164619
v  90.748772 4.404713 99.164619
v  92.054550 4.566435 100.827225
v  93.014664 6.333965 99.749283
v  92.508705 6.383739 100.141808
v  93.014664 6.333965 99.749283
v  91.855652 6.190421 98.273560
v  92.604691 4.478463 100.403709
v  92.604691 4.478463 100.403709
v  91.298912 4.316746 98.741112
v  91.855652 6.190421 98.273560
v  74.826340 13.397550 110.024536
v  75.693024 11.261606 109.551620
v  77.743034 11.515502 112.161827
v  76.876350 13.651445 112.634743
v  78.146797 13.070903 107.448479
v  78.117645 11.023087 107.670570
v  75.693024 11.261606 109.551620
v  75.693024 11.261606 109.551620
v  74.826340 13.397550 110.024536
v  78.117645 11.023087 107.670570
v  78.117645 11.023087 107.670570
v  80.167656 11.276982 110.280777
v  76.876350 13.651445 112.634743
v  77.743034 11.515502 112.161827
v  80.167656 11.276982 110.280777
v  80.167656 11.276982 110.280777
v  80.196808 13.324799 110.058685
v  76.876350 13.651445 112.634743
v  113.268776 12.192096 80.597008
v  113.411736 12.066186 81.041870
v  113.383591 11.934972 81.038757
v  113.240715 12.060873 80.593834
v  113.385284 12.233983 80.140526
v  113.357147 12.102768 80.137413
v  112.566124 12.615075 79.520348
v  112.537979 12.483860 79.517235
v  111.997131 12.733435 79.918335
v  111.968987 12.602220 79.915222
v  112.129578 12.524589 80.853012
v  112.101440 12.393374 80.849907
v  112.759109 12.320322 80.827538
v  112.730972 12.189107 80.824425
v  113.180199 12.104846 81.257561
v  113.152054 11.973631 81.254456
v  113.383591 11.934972 81.038757
v  113.152054 11.973631 81.254456
v  112.730972 12.189107 80.824425
v  112.730972 12.189107 80.824425
v  113.240715 12.060873 80.593834
v  113.383591 11.934972 81.038757
v  113.357147 12.102768 80.137413
v  113.240715 12.060873 80.593834
v  112.730972 12.189107 80.824425
v  112.730972 12.189107 80.824425
v  112.101440 12.393374 80.849907
v  113.357147 12.102768 80.137413
v  113.357147 12.102768 80.137413
v  112.101440 12.393374 80.849907
v  111.968987 12.602220 79.915222
v  111.968987 12.602220 79.915222
v  112.537979 12.483860 79.517235
v  113.357147 12.102768 80.137413
v  113.385284 12.233983 80.140526
v  112.566124 12.615075 79.520348
v  111.997131 12.733435 79.918335
v  111.997131 12.733435 79.918335
v  112.129578 12.524589 80.853012
v  113.385284 12.233983 80.140526
v  113.385284 12.233983 80.140526
v  112.129578 12.524589 80.853012
v  112.759109 12.320322 80.827538
v  112.759109 12.320322 80.827538
v  113.268776 12.192096 80.597008
v  113.385284 12.233983 80.140526
v  112.759109 12.320322 80.827538
v  113.180199 12.104846 81.257561
v  113.411736 12.066186 81.041870
v  113.411736 12.066186 81.041870
v  113.268776 12.192096 80.597008
v  112.759109 12.320322 80.827538
v  92.768120 3.265872 97.549988
v  94.131973 3.434786 99.286530
v  93.201637 9.181951 99.458160
v  91.837784 9.013037 97.721619
v  94.664513 3.752361 96.012741
v  92.768120 3.265872 97.549988
v  91.837784 9.013037 97.721619
v  91.837784 9.013037 97.721619
v  93.198029 9.331714 96.621864
v  97.290352 4.244925 96.728096
v  95.925629 4.075903 94.990440
v  94.988808 9.367095 95.211533
v  96.353523 9.536117 96.949181
v  95.344780 -1.598138 98.823578
v  93.980919 -1.767054 97.087021
v  95.857681 -1.213431 95.558662
v  93.980919 -1.767054 97.087021
v  93.980919 -1.767054 97.087021
v  92.768120 3.265872 97.549988
v  98.471626 -0.675876 96.279007
v  97.106903 -0.844899 94.541344
v  98.905037 -10.928248 96.934975
v  97.132248 -7.019173 97.947044
v  95.768387 -7.188088 96.210495
v  97.541176 -11.097164 95.198418
v  95.768387 -7.188088 96.210495
v  97.500404 -6.174229 94.751045
v  99.243881 -9.997300 93.753624
v  97.541176 -11.097164 95.198418
v  95.768387 -7.188088 96.210495
v  100.017181 -5.330956 95.517967
v  101.740883 -9.096943 94.530518
v  100.376152 -9.265966 92.792854
v  98.652443 -5.499979 93.780296
v  93.201637 9.181951 99.458160
v  94.562309 9.500681 98.358955
v  93.198029 9.331714 96.621864
v  93.198029 9.331714 96.621864
v  91.837784 9.013037 97.721619
v  93.201637 9.181951 99.458160
v  95.925629 4.075903 94.990440
v  95.213333 3.893169 95.567841
v  94.497131 9.240963 95.610092
v  94.988808 9.367095 95.211533
v  95.925629 4.075903 94.990440
v  96.402374 -1.052708 95.115082
v  95.925629 4.075903 94.990440
v  95.925629 4.075903 94.990440
v  97.106903 -0.844899 94.541344
v  99.736618 -9.679062 93.335510
v  98.002014 -5.880775 94.328377
v  98.652443 -5.499979 93.780296
v  98.652443 -5.499979 93.780296
v  100.376152 -9.265966 92.792854
v  97.750824 -6.143221 95.069733
v  98.252365 -5.849749 94.647133
v  99.987991 -9.654350 93.655739
v  99.494736 -9.977445 94.068886
v  96.108025 -1.182405 95.877419
v  96.652794 -1.021700 95.433777
v  94.914932 3.783369 96.331429
v  95.463760 3.924178 95.886536
v  94.198868 9.132033 96.382248
v  94.747963 9.273466 95.930099
v  97.750824 -6.143221 95.069733
v  99.494736 -9.977445 94.068886
v  99.243881 -9.997300 93.753624
v  99.243881 -9.997300 93.753624
v  97.500404 -6.174229 94.751045
v  97.750824 -6.143221 95.069733
v  99.987991 -9.654350 93.655739
v  98.252365 -5.849749 94.647133
v  98.002014 -5.880775 94.328377
v  98.002014 -5.880775 94.328377
v  99.736618 -9.679062 93.335510
v  99.987991 -9.654350 93.655739
v  97.500404 -6.174229 94.751045
v  95.857681 -1.213431 95.558662
v  96.108025 -1.182405 95.877419
v  96.108025 -1.182405 95.877419
v  97.750824 -6.143221 95.069733
v  97.500404 -6.174229 94.751045
v  98.252365 -5.849749 94.647133
v  96.652794 -1.021700 95.433777
v  96.402374 -1.052708 95.115082
v  96.402374 -1.052708 95.115082
v  98.002014 -5.880775 94.328377
v  98.252365 -5.849749 94.647133
v  94.914932 3.783369 96.331429
v  96.108025 -1.182405 95.877419
v  95.857681 -1.213431 95.558662
v  95.857681 -1.213431 95.558662
v  94.664513 3.752361 96.012741
v  94.914932 3.783369 96.331429
v  96.652794 -1.021700 95.433777
v  95.463760 3.924178 95.886536
v  95.213333 3.893169 95.567841
v  95.213333 3.893169 95.567841
v  96.402374 -1.052708 95.115082
v  96.652794 -1.021700 95.433777
v  94.664513 3.752361 96.012741
v  93.944031 9.099075 96.058441
v  94.198868 9.132033 96.382248
v  94.198868 9.132033 96.382248
v  94.914932 3.783369 96.331429
v  94.664513 3.752361 96.012741
v  95.463760 3.924178 95.886536
v  94.747963 9.273466 95.930099
v  94.497131 9.240963 95.610092
v  94.497131 9.240963 95.610092
v  95.213333 3.893169 95.567841
v  95.463760 3.924178 95.886536
v  95.054138 9.237959 97.471237
v  95.610130 9.380246 97.027870
v  94.747963 9.273466 95.930099
v  94.747963 9.273466 95.930099
v  94.198868 9.132033 96.382248
v  86.720947 6.933818 103.886528
v  86.708000 8.126244 103.780716
v  86.473129 8.097156 103.481667
v  86.486084 6.904730 103.587479
v  86.663788 4.923140 104.159538
v  86.397499 4.890159 103.820480
v  87.452461 3.806366 103.616226
v  87.217590 3.777277 103.317177
v  87.059990 5.012584 103.839668
v  86.793701 4.979603 103.500610
v  87.222206 6.660309 103.519455
v  86.987343 6.631221 103.220406
v  87.885971 7.831208 102.884254
v  87.651100 7.802120 102.585205
v  86.486084 6.904730 103.587479
v  86.987343 6.631221 103.220406
v  86.793701 4.979603 103.500610
v  86.793701 4.979603 103.500610
v  86.397499 4.890159 103.820480
v  86.486084 6.904730 103.587479
v  86.473129 8.097156 103.481667
v  87.651100 7.802120 102.585205
v  86.987343 6.631221 103.220406
v  86.987343 6.631221 103.220406
v  86.486084 6.904730 103.587479
v  86.473129 8.097156 103.481667
v  87.222206 6.660309 103.519455
v  87.885971 7.831208 102.884254
v  86.708000 8.126244 103.780716
v  86.708000 8.126244 103.780716
v  86.720947 6.933818 103.886528
v  87.222206 6.660309 103.519455
v  87.059990 5.012584 103.839668
v  87.222206 6.660309 103.519455
v  86.720947 6.933818 103.886528
v  86.720947 6.933818 103.886528
v  86.663788 4.923140 104.159538
v  87.059990 5.012584 103.839668
v  79.415970 4.790036 107.247459
v  79.891220 5.272702 108.903152
v  81.362915 8.314714 107.451401
v  80.749947 8.136655 105.947456
v  86.171791 7.959290 103.709175
v  83.773872 2.418988 106.131371
v  82.598709 2.758338 105.461731
v  84.399055 7.777677 103.116425
v  76.617752 -0.485246 109.873703
v  77.035194 0.271458 111.632706
v  80.289856 -2.247700 107.575569
v  77.866966 -2.135482 108.166946
v  80.681778 3.787802 105.758751
v  81.678543 -2.551961 108.260544
v  81.933495 -3.069139 108.110611
v  80.504997 -2.763799 107.440193
v  81.753365 -3.662255 108.309776
v  80.285065 -3.355846 107.653915
v  82.434891 7.970901 104.640259
v  79.126686 18.568651 106.869385
v  78.710770 17.622009 106.821945
v  76.935684 17.796631 108.199081
v  76.254410 18.853626 109.120033
v  76.755119 19.251589 109.255356
v  79.487228 18.994776 107.150444
v  74.913109 12.910774 110.386375
v  78.400375 12.567719 107.680908
v  79.209457 12.391325 108.746155
v  75.722191 12.734381 111.451622
v  77.741669 13.481710 106.715965
v  74.254402 13.824766 109.421432
v  73.997726 14.967386 108.945702
v  77.484993 14.624330 106.240234
v  77.883698 15.356862 106.661270
v  77.605049 15.055317 106.340332
v  74.122528 15.397897 109.042023
v  74.416191 15.697974 109.351410
v  76.127396 18.112984 110.610191
v  76.746063 19.111494 110.027176
v  76.254410 18.853626 109.120033
v  76.254410 18.853626 109.120033
v  75.629333 17.942427 109.371941
v  76.405685 16.234003 108.156754
v  75.629333 17.942427 109.371941
v  75.629333 17.942427 109.371941
v  78.564766 16.733433 107.064278
v  76.942703 16.893002 108.322701
v  78.173210 16.060122 106.785446
v  79.888496 19.159534 107.554497
v  77.293022 19.414862 109.568100
v  75.480476 11.099747 112.216660
v  75.075356 11.049572 111.700836
v  76.063850 10.952330 110.933945
v  76.468971 11.002504 111.449768
v  76.303299 11.296269 110.712433
v  76.708420 11.346444 111.228256
v  74.864258 11.437835 111.828865
v  75.269371 11.488008 112.344688
v  75.949387 13.391992 111.625412
v  75.544266 13.341817 111.109589
v  76.063850 10.952330 110.933945
v  75.075356 11.049572 111.700836
v  74.864258 11.437835 111.828865
v  74.864258 11.437835 111.828865
v  76.303299 11.296269 110.712433
v  76.063850 10.952330 110.933945
v  75.544266 13.341817 111.109589
v  75.544266 13.341817 111.109589
v  75.949387 13.391992 111.625412
v  75.480476 11.099747 112.216660
v  76.468971 11.002504 111.449768
v  76.708420 11.346444 111.228256
v  76.708420 11.346444 111.228256
v  75.269371 11.488008 112.344688
v  75.480476 11.099747 112.216660
v  73.958504 14.685987 112.175652
v  74.410583 14.741978 112.751259
v  76.345284 14.551654 111.250298
v  75.893204 14.495664 110.674683
v  74.858032 12.989048 111.634239
v  75.870338 12.889463 110.848877
v  76.322418 12.945454 111.424492
v  75.310104 13.045038 112.209854
v  74.858032 12.989048 111.634239
v  73.958504 14.685987 112.175652
v  75.893204 14.495664 110.674683
v  75.893204 14.495664 110.674683
v  75.870338 12.889463 110.848877
v  74.858032 12.989048 111.634239
v  76.345284 14.551654 111.250298
v  74.410583 14.741978 112.751259
v  75.310104 13.045038 112.209854
v  75.310104 13.045038 112.209854
v  76.322418 12.945454 111.424492
v  76.345284 14.551654 111.250298
v  73.931519 12.790433 112.381226
v  74.589134 12.725741 111.871040
v  75.041206 12.781732 112.446655
v  74.383598 12.846423 112.956841
v  75.041206 12.781732 112.446655
v  75.310104 13.045038 112.209854
v  74.410583 14.741978 112.751259
v  74.410583 14.741978 112.751259
v  74.383598 12.846423 112.956841
v  75.041206 12.781732 112.446655
v  74.589134 12.725741 111.871040
v  73.931519 12.790433 112.381226
v  73.958504 14.685987 112.175652
v  73.958504 14.685987 112.175652
v  74.858032 12.989048 111.634239
v  74.589134 12.725741 111.871040
v  81.940193 20.890001 106.851791
v  81.988159 20.895941 106.912865
v  82.791039 20.871410 106.284683
v  82.743073 20.865471 106.223610
v  79.904358 18.443542 106.337318
v  81.129311 18.595253 107.897003
v  81.188622 19.991171 107.529495
v  80.142494 19.861605 106.197487
v  80.053078 19.850533 106.083649
v  81.591942 19.629765 104.896523
v  81.572723 18.279419 105.042976
v  79.904358 18.443542 106.337318
v  82.791039 20.871410 106.284683
v  81.988159 20.895941 106.912865
v  81.278038 20.002243 107.643333
v  82.816895 19.781475 106.456207
v  82.791039 20.871410 106.284683
v  81.648979 20.729967 104.830536
v  80.846100 20.754496 105.458717
v  80.894058 20.760437 105.519791
v  81.696945 20.735907 104.891609
v  81.928276 20.052597 106.942612
v  80.882141 19.923031 105.610603
v  81.648979 20.729967 104.830536
v  80.846100 20.754496 105.458717
v  81.648979 20.729967 104.830536
v  81.129311 18.595253 107.897003
v  82.797676 18.431129 106.602661
v  83.165947 18.122686 103.806923
v  83.056488 18.979198 103.809578
v  84.281441 19.130911 105.369263
v  84.390900 18.274397 105.366615
v  84.390900 18.274397 105.366615
v  84.281441 19.130911 105.369263
v  84.390900 18.274397 105.366615
v  83.056488 18.979198 103.809578
v  83.165947 18.122686 103.806923
v  83.056488 18.979198 103.809578
v  80.053078 19.850533 106.083649
v  80.142494 19.861605 106.197487
v  80.142494 19.861605 106.197487
v  82.728371 19.832333 106.335655
v  81.682236 19.702768 105.003654
v  81.188622 19.991171 107.529495
v  81.278038 20.002243 107.643333
v  81.188622 19.991171 107.529495
v  80.882141 19.923031 105.610603
v  81.682236 19.702768 105.003654
v  81.696945 20.735907 104.891609
v  81.696945 20.735907 104.891609
v  80.894058 20.760437 105.519791
v  80.882141 19.923031 105.610603
v  82.728371 19.832333 106.335655
v  81.928276 20.052597 106.942612
v  81.940193 20.890001 106.851791
v  81.940193 20.890001 106.851791
v  82.743073 20.865471 106.223610
v  82.728371 19.832333 106.335655
v  82.816895 19.781475 106.456207
v  82.728371 19.832333 106.335655
v  82.816895 19.781475 106.456207
v  81.682236 19.702768 105.003654
v  81.591942 19.629765 104.896523
v  81.682236 19.702768 105.003654
v  90.734070 17.678665 100.412140
v  90.802841 17.655235 100.205124
v  90.677948 18.162422 99.979836
v  90.633232 18.325670 100.200119
v  88.227547 17.660252 99.913322
v  88.087227 17.674055 100.022186
v  88.206886 18.348766 100.090866
v  88.345245 18.197483 99.996910
v  88.345245 18.197483 99.996910
v  88.206886 18.348766 100.090866
v  89.178833 18.469143 101.328415
v  89.317200 18.317860 101.234467
v  88.345245 18.197483 99.996910
v  89.317200 18.317860 101.234467
v  89.178833 18.469143 101.328415
v  89.279671 17.821741 101.540482
v  89.419991 17.807938 101.431625
v  89.317200 18.317860 101.234467
v  89.517082 18.082205 99.087784
v  89.399384 17.544973 99.004196
v  88.345245 18.197483 99.996910
v  90.489037 18.202581 100.325340
v  89.517082 18.082205 99.087784
v  88.345245 18.197483 99.996910
v  90.591835 17.692659 100.522491
v  90.489037 18.202581 100.325340
v  90.489037 18.202581 100.325340
v  89.317200 18.317860 101.234467
v  88.206886 18.348766 100.090866
v  88.158173 18.237461 100.340981
v  88.935951 18.333790 101.331299
v  89.178833 18.469143 101.328415
v  88.206886 18.348766 100.090866
v  89.661278 18.205294 98.962563
v  89.541626 17.530981 98.893845
v  89.661278 18.205294 98.962563
v  89.517082 18.082205 99.087784
v  90.633232 18.325670 100.200119
v  89.661278 18.205294 98.962563
v  90.489037 18.202581 100.325340
v  89.060837 17.826603 101.556587
v  89.178833 18.469143 101.328415
v  89.900169 18.066093 98.989517
v  89.661278 18.205294 98.962563
v  89.661278 18.205294 98.962563
v  89.900169 18.066093 98.989517
v  89.900169 18.066093 98.989517
v  89.760376 17.526125 98.877792
v  90.802841 17.655235 100.205124
v  89.760376 17.526125 98.877792
v  90.802841 17.655235 100.205124
v  88.158173 18.237461 100.340981
v  88.018379 17.697493 100.229263
v  88.158173 18.237461 100.340981
v  88.018379 17.697493 100.229263
v  89.060837 17.826603 101.556587
v  88.935951 18.333790 101.331299
v  88.935951 18.333790 101.331299
v  88.158173 18.237461 100.340981
v  88.018379 17.697493 100.229263
v  81.026070 20.168993 106.563583
v  80.908287 20.124908 106.141632
v  80.904709 19.873608 106.168884
v  81.022499 19.917692 106.590836
v  81.409325 20.186962 106.779587
v  81.405746 19.935661 106.806839
v  81.833519 20.168293 106.663116
v  81.829948 19.916990 106.690376
v  82.050186 20.123919 106.282394
v  82.046608 19.872616 106.309654
v  81.932396 20.079834 105.860451
v  81.928818 19.828533 105.887703
v  81.549149 20.061863 105.644440
v  81.545570 19.810562 105.671700
v  81.124947 20.080534 105.760910
v  81.121368 19.829233 105.788170
v  114.356331 17.324814 80.524445
v  113.963097 17.363499 80.829514
v  114.090637 17.379293 80.991905
v  114.483795 17.340618 80.686897
v  114.492874 16.609652 80.750870
v  114.365334 16.593857 80.588470
v  114.365334 16.593857 80.588470
v  113.952721 16.634447 80.908585
v  113.963097 17.363499 80.829514
v  113.963097 17.363499 80.829514
v  114.356331 17.324814 80.524445
v  114.365334 16.593857 80.588470
v  113.952721 16.634447 80.908585
v  114.080261 16.650244 81.070976
v  114.080261 16.650244 81.070976
v  114.492874 16.609652 80.750870
v  114.483795 17.340618 80.686897
v  114.483795 17.340618 80.686897
v  114.090637 17.379293 80.991905
v  114.080261 16.650244 81.070976
v  114.143677 16.301317 81.027763
v  114.470818 16.269136 80.773964
v  114.492874 16.609652 80.750870
v  114.492874 16.609652 80.750870
v  114.080261 16.650244 81.070976
v  113.952721 16.634447 80.908585
v  114.042549 16.288794 80.899002
v  114.143677 16.301317 81.027763
v  114.369690 16.256611 80.645203
v  114.042549 16.288794 80.899002
v  114.365334 16.593857 80.588470
v  114.470818 16.269136 80.773964
v  114.470818 16.269136 80.773964
v  114.369690 16.256611 80.645203
v  115.410049 12.548269 80.144951
v  114.899124 12.598531 80.541328
v  115.044624 12.616551 80.726593
v  115.555550 12.566290 80.330215
v  115.070274 12.193626 80.813278
v  115.801132 12.121730 80.246277
v  115.592178 12.095851 79.980225
v  114.861328 12.167748 80.547234
v  114.422684 12.307681 81.094460
v  114.058800 12.021976 80.661652
v  112.473976 12.177882 81.891182
v  112.837860 12.463587 82.323990
v  114.779701 12.111260 81.579552
v  113.194870 12.267166 82.809082
v  114.920723 11.547981 81.832748
v  113.335892 11.703888 83.062279
v  114.763138 10.947670 81.705742
v  113.178307 11.103577 82.935272
v  114.399261 10.662036 81.272934
v  112.814430 10.817942 82.502464
v  114.042236 10.858386 80.787849
v  112.457413 11.014292 82.017380
v  113.901215 11.421715 80.534645
v  112.316391 11.577621 81.764175
v  116.964455 11.156240 78.488869
v  116.616280 11.154623 78.428261
v  116.773865 11.754885 78.555267
v  117.072144 11.566445 78.575668
v  117.137749 12.040589 78.988075
v  117.320808 11.761670 78.871437
v  117.494766 11.844169 79.473167
v  117.564789 11.627460 79.202934
v  117.635788 11.280890 79.726364
v  117.661156 11.242527 79.375961
v  117.478203 10.680578 79.599358
v  117.553467 10.832302 79.289169
v  117.114319 10.394944 79.166550
v  117.304802 10.637097 78.993401
v  116.757301 10.591294 78.681465
v  117.060822 10.771288 78.661903
v  114.408607 12.165049 80.109505
v  114.195389 11.352783 79.937668
v  113.776161 11.394025 80.262909
v  113.989380 12.206289 80.434746
v  114.386200 10.590589 80.280258
v  113.966965 10.631830 80.605499
v  114.869263 10.324917 80.936592
v  114.450027 10.366158 81.261841
v  115.361603 10.711394 81.522202
v  114.942375 10.752635 81.847450
v  115.574821 11.523627 81.694046
v  115.155594 11.564869 82.019287
v  115.384018 12.285853 81.351448
v  114.964783 12.327094 81.676697
v  114.900955 12.551506 80.695114
v  114.481728 12.592748 81.020363
v  114.458458 11.366897 80.102333
v  114.616043 11.967158 80.229340
v  114.599480 10.803568 80.355530
v  114.956497 10.607218 80.840622
v  115.320381 10.892853 81.273430
v  115.477966 11.493164 81.400429
v  115.336945 12.056442 81.147232
v  114.979927 12.252863 80.662148
v  116.126579 10.977311 81.267731
v  115.615654 11.027573 81.664116
v  115.540009 10.815175 81.593544
v  116.050934 10.764914 81.197166
v  115.297562 10.953901 81.263443
v  116.028412 10.882005 80.696442
v  116.137047 11.187021 80.797783
v  115.406197 11.258918 81.364792
v  114.861542 10.617597 79.682755
v  114.350616 10.667858 80.079132
v  114.280762 10.862245 79.964447
v  114.791687 10.811983 79.568062
v  114.497559 11.146383 80.207863
v  115.228416 11.074486 79.640854
v  115.328735 10.795338 79.805557
v  114.597878 10.867234 80.372566
v  96.028885 3.921340 97.749947
v  94.131973 3.434786 99.286530
v  95.344780 -1.598138 98.823578
v  95.344780 -1.598138 98.823578
v  97.222069 -1.044450 97.295883
v  97.132248 -7.019173 97.947044
v  98.905037 -10.928248 96.934975
v  100.608269 -9.828320 95.490845
v  98.864784 -6.005249 96.488266
v  97.132248 -7.019173 97.947044
v  95.861717 9.409968 97.347565
v  96.577858 4.062167 97.305244
v  97.290352 4.244925 96.728096
v  97.290352 4.244925 96.728096
v  96.353523 9.536117 96.949181
v  97.766907 -0.883709 96.852493
v  98.471626 -0.675876 96.279007
v  97.290352 4.244925 96.728096
v  97.290352 4.244925 96.728096
v  101.101158 -9.510062 95.072929
v  101.740883 -9.096943 94.530518
v  100.017181 -5.330956 95.517967
v  100.017181 -5.330956 95.517967
v  99.366554 -5.711775 96.065796
v  98.614525 -6.036252 96.169449
v  100.362465 -9.869975 95.173729
v  100.850243 -9.547561 94.753601
v  99.116211 -5.742761 95.747040
v  97.516640 -0.914712 96.533676
v  96.971718 -1.075436 96.977127
v  95.778618 3.890337 97.431129
v  96.327599 4.031165 96.986427
v  95.610130 9.380246 97.027870
v  95.054138 9.237959 97.471237
v  95.610130 9.380246 97.027870
v  98.614525 -6.036252 96.169449
v  98.864784 -6.005249 96.488266
v  100.608269 -9.828320 95.490845
v  100.608269 -9.828320 95.490845
v  100.362465 -9.869975 95.173729
v  98.614525 -6.036252 96.169449
v  100.850243 -9.547561 94.753601
v  101.101158 -9.510062 95.072929
v  99.366554 -5.711775 96.065796
v  99.366554 -5.711775 96.065796
v  99.116211 -5.742761 95.747040
v  100.850243 -9.547561 94.753601
v  98.614525 -6.036252 96.169449
v  96.971718 -1.075436 96.977127
v  97.222069 -1.044450 97.295883
v  97.222069 -1.044450 97.295883
v  98.864784 -6.005249 96.488266
v  98.614525 -6.036252 96.169449
v  99.366554 -5.711775 96.065796
v  97.766907 -0.883709 96.852493
v  97.516640 -0.914712 96.533676
v  97.516640 -0.914712 96.533676
v  99.116211 -5.742761 95.747040
v  99.366554 -5.711775 96.065796
v  95.778618 3.890337 97.431129
v  96.028885 3.921340 97.749947
v  97.222069 -1.044450 97.295883
v  97.222069 -1.044450 97.295883
v  96.971718 -1.075436 96.977127
v  95.778618 3.890337 97.431129
v  97.516640 -0.914712 96.533676
v  97.766907 -0.883709 96.852493
v  96.577858 4.062167 97.305244
v  96.577858 4.062167 97.305244
v  96.327599 4.031165 96.986427
v  97.516640 -0.914712 96.533676
v  95.778618 3.890337 97.431129
v  95.054138 9.237959 97.471237
v  95.308464 9.268061 97.795723
v  96.028885 3.921340 97.749947
v  95.778618 3.890337 97.431129
v  96.577858 4.062167 97.305244
v  95.861717 9.409968 97.347565
v  95.610130 9.380246 97.027870
v  95.610130 9.380246 97.027870
v  96.327599 4.031165 96.986427
v  96.577858 4.062167 97.305244
v  95.125900 17.647692 95.263756
v  95.563713 17.701916 95.821198
v  97.130264 17.547806 94.605850
v  96.692451 17.493584 94.048401
v  95.017342 17.466579 95.312225
v  96.743179 17.296803 93.973297
v  95.507706 17.527311 95.936584
v  97.233536 17.357534 94.597656
v  75.727959 16.359449 111.094475
v  75.190231 15.895032 110.460258
v  73.502762 16.061035 111.769424
v  74.040482 16.525454 112.403641
v  76.254326 16.026821 111.815132
v  74.566856 16.192823 113.124298
v  76.489029 15.198615 112.222672
v  74.801559 15.364618 113.531837
v  76.229881 14.309246 112.001411
v  74.542404 14.475249 113.310570
v  75.692162 13.844789 111.367195
v  74.004684 14.010792 112.676361
v  75.165787 14.177457 110.646538
v  75.692162 13.844789 111.367195
v  74.004684 14.010792 112.676361
v  74.004684 14.010792 112.676361
v  73.478310 14.343460 111.955696
v  74.931084 15.005662 110.238998
v  73.243614 15.171665 111.548157
v  101.182518 16.471497 90.650841
v  100.766525 16.018343 90.509346
v  99.649452 16.128235 91.375992
v  100.124367 16.575590 91.471771
v  104.709930 16.303989 85.824730
v  104.613800 16.467920 85.287651
v  104.523376 16.018999 85.181549
v  104.614220 15.864111 85.689072
v  105.183853 16.102993 86.068703
v  105.062057 15.674202 85.919617
v  105.723228 15.978311 85.934105
v  105.571785 15.556276 85.792412
v  105.997971 16.022905 85.437096
v  105.831436 15.598516 85.322723
v  105.901840 16.186737 84.900032
v  105.740593 15.753305 84.815216
v  105.427917 16.387833 84.656052
v  105.292747 15.943314 84.584656
v  104.888618 16.512508 84.790581
v  104.783104 16.061132 84.711807
v  106.545982 15.161660 86.503036
v  106.490990 15.009474 86.451447
v  105.750778 15.626910 85.419052
v  105.805779 15.779097 85.470650
v  106.057892 15.052079 86.787445
v  106.112892 15.204266 86.839035
v  105.369743 15.824116 85.802551
v  105.314743 15.671929 85.750954
v  106.057892 15.052079 86.787445
v  105.314743 15.671929 85.750954
v  105.314743 15.671929 85.750954
v  106.802017 15.490961 85.869240
v  106.654106 14.912296 85.771591
v  99.304123 15.628480 91.410522
v  81.362915 8.314714 107.451401
v  79.891220 5.272702 108.903152
v  81.420998 5.038360 109.800377
v  82.684258 8.376222 108.410355
v  81.362915 8.314714 107.451401
v  86.333374 8.017244 105.579323
v  84.105042 2.944899 107.379692
v  83.773872 2.418988 106.131371
v  83.773872 2.418988 106.131371
v  86.171791 7.959290 103.709175
v  77.035194 0.271458 111.632706
v  78.704453 -0.226806 112.530617
v  79.891220 5.272702 108.903152
v  77.035194 0.271458 111.632706
v  80.809578 -1.771037 111.913666
v  81.976265 -2.038836 109.722816
v  83.258636 4.106949 109.039780
v  81.678543 -2.551961 108.260544
v  81.678543 -2.551961 108.260544
v  83.773872 2.418988 106.131371
v  81.933495 -3.069139 108.110611
v  81.678543 -2.551961 108.260544
v  82.207451 -2.552949 109.607864
v  81.933495 -3.069139 108.110611
v  81.753365 -3.662255 108.309776
v  81.933495 -3.069139 108.110611
v  82.003555 -3.143009 109.842010
v  81.753365 -3.662255 108.309776
v  84.369202 8.210467 107.103149
v  80.421806 18.729052 108.518410
v  77.527763 19.011332 110.741348
v  78.681061 18.012798 110.421402
v  80.456146 17.838175 109.044266
v  77.480560 19.341434 110.179031
v  80.197350 19.082726 108.054619
v  76.539154 13.112162 112.456764
v  75.722191 12.734381 111.451622
v  79.209457 12.391325 108.746155
v  79.209457 12.391325 108.746155
v  80.026428 12.769107 109.751305
v  80.713516 13.849776 110.499916
v  77.226257 14.192833 113.205383
v  81.003693 15.060123 110.720467
v  77.516426 15.403180 113.425934
v  80.624466 15.696308 110.150993
v  77.156960 16.037422 112.841133
v  77.413071 15.805434 113.231758
v  80.895508 15.462844 110.529953
v  76.746063 19.111494 110.027176
v  76.127396 18.112984 110.610191
v  77.219154 18.139328 111.396202
v  77.527763 19.011332 110.741348
v  76.746063 19.111494 110.027176
v  77.219154 18.139328 111.396202
v  78.740799 16.523209 111.129967
v  77.219154 18.139328 111.396202
v  80.270317 16.944668 109.235901
v  78.648254 17.104237 110.494316
v  80.508354 16.349331 109.758705
v  75.695862 17.083620 111.049240
v  76.512810 16.790453 112.139427
v  76.127396 18.112984 110.610191
v  79.888496 19.159534 107.554497
v  77.293022 19.414862 109.568100
v  79.888496 19.159534 107.554497
v  91.424622 15.458793 100.126091
v  91.779396 14.889896 100.586143
v  95.415466 14.532201 97.765228
v  95.169952 15.090349 97.220413
v  91.403442 16.066545 100.021736
v  95.148781 15.698102 97.116058
v  91.611809 16.719166 100.005966
v  95.184235 16.367731 97.234428
v  94.576569 17.044397 97.324898
v  91.900818 17.307621 99.400787
v  92.091553 14.069194 100.877228
v  95.162033 13.767138 98.495102
v  84.703148 18.686211 104.619820
v  97.995697 17.378569 94.307289
v  97.222397 17.282795 93.322670
v  83.929848 18.590437 103.635208
v  83.925339 18.273626 103.669571
v  83.929848 18.590437 103.635208
v  97.222397 17.282795 93.322670
v  97.222397 17.282795 93.322670
v  97.289101 16.958979 93.301788
v  97.222397 17.282795 93.322670
v  98.062401 17.054752 94.286400
v  97.289101 16.958979 93.301788
v  97.222397 17.282795 93.322670
v  84.698639 18.369400 104.654182
v  84.703148 18.686211 104.619820
v  83.929848 18.590437 103.635208
v  83.929848 18.590437 103.635208
v  83.925339 18.273626 103.669571
v  84.698639 18.369400 104.654182
v  98.062401 17.054752 94.286400
v  97.995697 17.378569 94.307289
v  97.995697 17.378569 94.307289
v  84.703148 18.686211 104.619820
v  84.698639 18.369400 104.654182
v  98.836334 -10.680054 96.916893
v  101.569939 -8.914748 94.599121
v  100.251511 -9.078036 92.920410
v  97.518745 -10.843239 95.239250
v  97.672760 -11.190854 95.155083
v  100.405609 -9.425658 92.836182
v  101.721153 -9.262727 94.511223
v  98.987465 -11.028126 96.829056
v  97.518745 -10.843239 95.239250
v  100.251511 -9.078036 92.920410
v  100.405609 -9.425658 92.836182
v  100.405609 -9.425658 92.836182
v  97.672760 -11.190854 95.155083
v  97.518745 -10.843239 95.239250
v  98.987465 -11.028126 96.829056
v  98.836334 -10.680054 96.916893
v  97.518745 -10.843239 95.239250
v  97.518745 -10.843239 95.239250
v  97.672760 -11.190854 95.155083
v  98.987465 -11.028126 96.829056
v  101.569939 -8.914748 94.599121
v  98.836334 -10.680054 96.916893
v  98.987465 -11.028126 96.829056
v  98.987465 -11.028126 96.829056
v  101.721153 -9.262727 94.511223
v  101.569939 -8.914748 94.599121
v  101.721153 -9.262727 94.511223
v  100.405609 -9.425658 92.836182
v  100.251511 -9.078036 92.920410
v  100.251511 -9.078036 92.920410
v  101.569939 -8.914748 94.599121
v  101.721153 -9.262727 94.511223
v  80.146255 13.465927 110.140282
v  80.136711 12.795516 110.212990
v  92.562119 11.573179 100.573196
v  92.976631 12.203732 100.186310
v  97.107986 10.034575 97.277725
v  94.883415 9.759060 94.445251
v  95.516777 11.472916 93.781097
v  97.741371 11.748433 96.613586
v  97.210258 8.546293 97.342186
v  97.107986 10.034575 97.277725
v  93.037048 12.211215 100.263245
v  93.907288 6.813260 100.104858
v  94.985672 8.270776 94.509697
v  97.210258 8.546293 97.342186
v  95.200539 7.826587 94.384155
v  95.136147 8.063886 94.279907
v  97.487968 8.355162 97.274391
v  97.425125 8.102104 97.216644
v  97.210258 8.546293 97.342186
v  97.210258 8.546293 97.342186
v  93.348129 10.405385 100.069473
v  92.762512 10.278893 100.541710
v  93.907288 6.813260 100.104858
v  93.037048 12.211215 100.263245
v  93.348129 10.405385 100.069473
v  93.348129 10.405385 100.069473
v  93.846863 6.805776 100.027924
v  93.907288 6.813260 100.104858
v  80.136711 12.795516 110.212990
v  80.223473 12.806261 110.323456
v  92.648880 11.583924 100.683670
v  92.562119 11.573179 100.573196
v  80.136711 12.795516 110.212990
v  92.848831 10.258605 100.655548
v  92.762512 10.278893 100.541710
v  92.562119 11.573179 100.573196
v  92.562119 11.573179 100.573196
v  93.262962 6.894392 100.657539
v  93.176132 6.878945 100.547577
v  93.501625 7.578472 100.223907
v  93.572571 7.587636 100.314194
v  93.183334 8.173143 100.514992
v  93.135307 8.167316 100.454315
v  92.157349 8.590672 101.181213
v  92.193329 8.595138 101.227020
v  92.131165 9.976225 101.067001
v  92.217415 9.984323 101.178131
v  92.463493 10.308310 100.773689
v  92.550255 10.319056 100.884163
v  78.042519 13.205377 107.461670
v  78.032974 12.534966 107.534378
v  80.136711 12.795516 110.212990
v  80.136711 12.795516 110.212990
v  80.146255 13.465927 110.140282
v  79.230095 9.939526 106.667000
v  80.043007 8.787422 106.140617
v  82.320259 9.069462 109.040161
v  81.507347 10.221565 109.566544
v  77.977959 10.343215 107.611137
v  80.255203 10.625255 110.510681
v  92.157349 8.590672 101.181213
v  93.135307 8.167316 100.454315
v  92.762512 10.278893 100.541710
v  92.762512 10.278893 100.541710
v  92.131165 9.976225 101.067001
v  92.157349 8.590672 101.181213
v  90.458374 11.312629 97.894585
v  78.032974 12.534966 107.534378
v  78.042519 13.205377 107.461670
v  78.042519 13.205377 107.461670
v  90.872894 11.943181 97.507698
v  91.254784 10.146123 97.404091
v  90.658775 10.018344 97.863091
v  91.254784 10.146123 97.404091
v  90.812469 11.935698 97.430763
v  91.682701 6.537742 97.272369
v  91.743118 6.545225 97.349304
v  91.254784 10.146123 97.404091
v  90.371620 11.301884 97.784119
v  77.946220 12.524221 107.423912
v  78.032974 12.534966 107.534378
v  78.032974 12.534966 107.534378
v  90.458374 11.312629 97.894585
v  90.571579 9.976564 97.755997
v  90.458374 11.312629 97.894585
v  90.458374 11.312629 97.894585
v  90.658775 10.018344 97.863091
v  90.985703 6.612352 97.757988
v  91.326950 7.309512 97.454918
v  91.397881 7.317921 97.545280
v  91.072395 6.618395 97.868965
v  91.031570 7.906767 97.775703
v  90.984016 7.900755 97.714676
v  90.021484 8.407781 98.445770
v  90.057465 8.412237 98.491585
v  89.940155 9.702282 98.278580
v  90.027420 9.715675 98.388382
v  90.272995 10.037015 97.984612
v  90.359756 10.047760 98.095078
v  90.027420 9.715675 98.388382
v  90.658775 10.018344 97.863091
v  91.031570 7.906767 97.775703
v  91.031570 7.906767 97.775703
v  90.057465 8.412237 98.491585
v  90.027420 9.715675 98.388382
v  58.107018 11.914279 126.591614
v  58.368996 15.530372 126.038124
v  57.191795 15.384575 124.539238
v  56.933693 11.768961 125.097656
v  57.313755 7.798048 127.678947
v  56.078686 7.645083 126.106377
v  58.444759 17.901134 125.810951
v  57.206768 17.747808 124.234665
v  57.305824 15.431609 124.165802
v  57.047852 11.628908 124.752533
v  56.218864 7.332949 125.836235
v  57.349983 17.814903 123.840668
v  57.626472 19.532166 124.440742
v  57.852421 19.663755 124.822968
v  58.128971 19.817923 124.590775
v  57.782368 19.601736 124.171425
v  56.568134 6.381512 126.054619
v  56.470062 6.740567 126.364082
v  56.218864 7.332949 125.836235
v  56.218864 7.332949 125.836235
v  56.321091 6.932966 125.437668
v  57.047852 11.628908 124.752533
v  57.188229 11.528639 124.175972
v  56.218864 7.332949 125.836235
v  57.047852 11.628908 124.752533
v  57.047852 11.628908 124.752533
v  57.305824 15.431609 124.165802
v  57.434063 14.146772 123.728226
v  57.047852 11.628908 124.752533
v  57.987453 19.831009 123.720764
v  57.157326 17.389420 122.160019
v  57.349983 17.814903 123.840668
v  57.349983 17.814903 123.840668
v  57.782368 19.601736 124.171425
v  60.822296 19.309578 122.524925
v  60.197987 19.197624 121.734406
v  58.463634 20.097975 124.300690
v  57.024624 6.120972 126.790428
v  56.772923 6.654080 126.936256
v  59.138618 17.194511 120.622910
v  58.974667 16.238213 120.532837
v  57.378574 16.395226 121.771111
v  59.300613 14.995979 121.110489
v  56.934040 15.228788 122.946510
v  58.403019 11.449773 123.608231
v  58.910301 14.042187 122.957649
v  57.219460 6.885230 125.115425
v  57.782368 19.601736 124.171425
v  57.782368 19.601736 124.171425
v  58.128971 19.817923 124.590775
v  59.596367 14.651291 121.535416
v  59.345566 11.526753 124.441772
v  58.111172 6.952868 125.856155
v  59.839066 14.120523 123.801888
v  58.481079 11.806415 126.577408
v  58.752800 15.610819 126.008186
v  57.637840 7.508690 127.642967
v  58.853577 18.001123 125.755142
v  58.179405 19.600647 125.144768
v  58.470631 19.686979 125.047768
v  58.128971 19.817923 124.590775
v  58.128971 19.817923 124.590775
v  57.852421 19.663755 124.822968
v  57.600628 6.509387 127.369255
v  58.085060 7.151435 127.683662
v  57.637840 7.508690 127.642967
v  57.637840 7.508690 127.642967
v  57.244320 6.836460 127.349915
v  59.081272 11.763094 126.586319
v  58.481079 11.806415 126.577408
v  58.481079 11.806415 126.577408
v  57.637840 7.508690 127.642967
v  59.327110 14.381228 126.138573
v  58.752800 15.610819 126.008186
v  58.752800 15.610819 126.008186
v  58.481079 11.806415 126.577408
v  58.853577 18.001123 125.755142
v  60.470306 17.799736 126.378326
v  58.933880 19.948225 124.925812
v  58.470631 19.686979 125.047768
v  58.853577 18.001123 125.755142
v  60.822296 19.309578 122.524925
v  58.463634 20.097975 124.300690
v  61.445621 19.352146 123.322975
v  60.822296 19.309578 122.524925
v  57.024624 6.120972 126.790428
v  56.772923 6.654080 126.936256
v  57.024624 6.120972 126.790428
v  62.451599 17.604828 124.841209
v  60.992760 16.842848 126.372925
v  62.588852 16.685833 125.134659
v  59.859756 15.591142 126.671715
v  62.226326 15.358332 124.835701
v  59.930328 11.638931 125.552902
v  60.437614 14.231345 124.902321
v  58.617683 7.058401 126.895737
v  58.463634 20.097975 124.300690
v  58.128971 19.817923 124.590775
v  58.470631 19.686979 125.047768
v  58.470631 19.686979 125.047768
v  58.463634 20.097975 124.300690
v  58.111172 6.952868 125.856155
v  59.345566 11.526753 124.441772
v  58.111172 6.952868 125.856155
v  59.345566 11.526753 124.441772
v  59.839066 14.120523 123.801888
v  59.839066 14.120523 123.801888
v  84.096306 20.470982 104.871216
v  83.914948 20.282213 104.282974
v  83.441139 18.987835 104.781006
v  83.611679 19.121361 105.337059
v  83.807579 20.754982 105.403923
v  83.344818 19.360100 105.815193
v  83.167511 20.984482 105.523399
v  82.801575 19.566826 105.936829
v  83.977417 20.242220 104.237801
v  84.179222 20.447124 104.888443
v  83.694229 19.096973 105.353996
v  83.504128 18.948092 104.735397
v  83.860558 20.760038 105.473267
v  83.397484 19.362822 105.885231
v  83.167625 21.010832 105.610542
v  82.787773 19.590004 106.017952
v  82.545364 20.351044 105.351929
v  82.474106 20.384832 105.404610
v  82.587440 20.398869 105.548912
v  82.653923 20.369959 105.488640
v  84.179222 20.447124 104.888443
v  83.977417 20.242220 104.237801
v  83.977417 20.242220 104.237801
v  83.167625 21.010832 105.610542
v  83.860558 20.760038 105.473267
v  83.860558 20.760038 105.473267
v  83.860558 20.760038 105.473267
v  84.179222 20.447124 104.888443
v  84.179222 20.447124 104.888443
v  82.859253 20.834629 105.478630
v  82.831108 20.864317 105.564102
v  83.167625 21.010832 105.610542
v  83.167625 21.010832 105.610542
v  83.914948 20.282213 104.282974
v  83.372833 20.381380 103.950050
v  82.932693 19.037268 104.472534
v  83.441139 18.987835 104.781006
v  83.914948 20.282213 104.282974
v  82.761925 20.625477 104.072540
v  82.384026 19.241104 104.591850
v  82.470444 20.898149 104.635841
v  82.115967 19.481913 105.063866
v  82.938553 19.003384 104.391823
v  83.378456 20.347948 103.868858
v  83.977417 20.242220 104.237801
v  83.977417 20.242220 104.237801
v  83.504128 18.948092 104.735397
v  82.707275 20.617203 104.004822
v  82.328835 19.230469 104.524559
v  82.545364 20.351044 105.351929
v  82.437744 20.343185 105.213394
v  82.360771 20.370796 105.260300
v  82.474106 20.384832 105.404610
v  82.545364 20.351044 105.351929
v  83.914948 20.282213 104.282974
v  83.977417 20.242220 104.237801
v  83.977417 20.242220 104.237801
v  83.378456 20.347948 103.868858
v  82.707275 20.617203 104.004822
v  82.707275 20.617203 104.004822
v  82.383827 20.913757 104.612556
v  83.378456 20.347948 103.868858
v  83.378456 20.347948 103.868858
v  82.707275 20.617203 104.004822
v  82.453339 20.784357 104.961792
v  82.361198 20.806118 104.965782
v  90.272995 10.037015 97.984612
v  89.940155 9.702282 98.278580
v  79.230095 9.939526 106.667000
v  79.230095 9.939526 106.667000
v  77.946220 12.524221 107.423912
v  90.272995 10.037015 97.984612
v  74.867668 16.586700 110.044731
v  75.695862 17.083620 111.049240
v  97.132248 -7.019173 97.947044
v  95.344780 -1.598138 98.823578
v  97.132248 -7.019173 97.947044
v  100.017181 -5.330956 95.517967
v  100.017181 -5.330956 95.517967
v  98.471626 -0.675876 96.279007
v  98.652443 -5.499979 93.780296
v  97.106903 -0.844899 94.541344
v  98.652443 -5.499979 93.780296
v  95.768387 -7.188088 96.210495
v  95.768387 -7.188088 96.210495
v  93.980919 -1.767054 97.087021
v  93.201637 9.181951 99.458160
v  94.131973 3.434786 99.286530
v  94.562309 9.500681 98.358955
v  93.201637 9.181951 99.458160
v  80.043007 8.787422 106.140617
v  90.021484 8.407781 98.445770
v  90.985703 6.612352 97.757988
v  90.985703 6.612352 97.757988
v  80.491570 7.653780 105.898582
v  80.043007 8.787422 106.140617
v  79.230095 9.939526 106.667000
v  89.940155 9.702282 98.278580
v  90.021484 8.407781 98.445770
v  90.021484 8.407781 98.445770
v  80.043007 8.787422 106.140617
v  79.230095 9.939526 106.667000
v  92.193329 8.595138 101.227020
v  92.217415 9.984323 101.178131
v  81.507347 10.221565 109.566544
v  81.507347 10.221565 109.566544
v  82.320259 9.069462 109.040161
v  92.193329 8.595138 101.227020
v  91.072395 6.618395 97.868965
v  91.743118 6.545225 97.349304
v  93.846863 6.805776 100.027924
v  93.846863 6.805776 100.027924
v  93.176132 6.878945 100.547577
v  91.072395 6.618395 97.868965
v  94.985672 8.270776 94.509697
v  91.682701 6.537742 97.272369
v  90.812469 11.935698 97.430763
v  90.812469 11.935698 97.430763
v  94.883415 9.759060 94.445251
v  94.985672 8.270776 94.509697
v  91.743118 6.545225 97.349304
v  95.200539 7.826587 94.384155
v  97.425125 8.102104 97.216644
v  97.425125 8.102104 97.216644
v  93.846863 6.805776 100.027924
v  91.743118 6.545225 97.349304
v  80.136711 12.795516 110.212990
v  112.441910 13.124166 84.091560
v  112.580414 12.668854 84.027069
v  112.712875 12.685259 84.195724
v  112.574371 13.140571 84.260216
v  112.592972 13.550992 83.931404
v  112.725433 13.567397 84.100060
v  112.945091 13.699220 83.640434
v  113.077553 13.715625 83.809090
v  113.291931 13.482233 83.389145
v  113.424385 13.498638 83.557800
v  113.430435 13.026921 83.324654
v  113.562889 13.043326 83.493309
v  113.279373 12.600095 83.484818
v  113.411827 12.616500 83.653473
v  112.927338 12.451859 83.775719
v  113.059792 12.468264 83.944374
v  84.599678 11.525238 106.860855
v  84.932335 11.566438 107.284416
v  86.696518 10.552895 105.869980
v  86.425415 10.519328 105.524796
v  86.754173 9.901824 105.326660
v  86.956947 9.926937 105.584846
v  86.749352 9.071724 105.411194
v  86.952118 9.096837 105.669380
v  86.078072 8.614545 105.982880
v  86.280838 8.639659 106.241058
v  85.537880 8.992047 106.370415
v  85.739418 9.017223 106.629562
v  85.191223 10.257586 106.519569
v  85.499359 10.295750 106.911903
v  84.481964 11.158093 106.989014
v  84.814621 11.199293 107.412575
v  84.481964 11.158093 106.989014
v  84.814621 11.199293 107.412575
v  84.481964 11.158093 106.989014
v  85.739418 9.017223 106.629562
v  86.280838 8.639659 106.241058
v  86.952118 9.096837 105.669380
v  86.952118 9.096837 105.669380
v  86.956947 9.926937 105.584846
v  85.739418 9.017223 106.629562
v  85.739418 9.017223 106.629562
v  86.956947 9.926937 105.584846
v  86.696518 10.552895 105.869980
v  86.696518 10.552895 105.869980
v  85.499359 10.295750 106.911903
v  85.739418 9.017223 106.629562
v  84.814621 11.199293 107.412575
v  85.499359 10.295750 106.911903
v  86.696518 10.552895 105.869980
v  86.696518 10.552895 105.869980
v  84.932335 11.566438 107.284416
v  84.814621 11.199293 107.412575
v  82.320259 9.069462 109.040161
v  82.768829 7.935821 108.798141
v  93.262962 6.894392 100.657539
v  93.262962 6.894392 100.657539
v  92.193329 8.595138 101.227020
v  82.320259 9.069462 109.040161
v  61.919701 14.939038 124.493637
v  115.157448 14.474388 81.812943
v  113.819412 14.606015 82.851006
v  113.618980 13.783567 82.696953
v  114.957016 13.651939 81.658890
v  114.979767 15.249908 81.485580
v  113.641731 15.381536 82.523651
v  113.690048 16.877884 82.396194
v  115.028084 16.746256 81.358124
v  114.500153 18.811974 80.415695
v  113.162117 18.943600 81.453766
v  113.689644 18.606850 82.176437
v  115.027679 18.475222 81.138374
v  115.264877 17.638205 81.550240
v  113.926842 17.769833 82.588310
v  113.645340 18.531601 82.128868
v  113.689644 18.606850 82.176437
v  113.162117 18.943600 81.453766
v  113.162117 18.943600 81.453766
v  113.160660 18.841213 81.464867
v  113.622665 16.939001 82.301590
v  113.690048 16.877884 82.396194
v  113.926842 17.769833 82.588310
v  113.926842 17.769833 82.588310
v  113.863419 17.761978 82.507553
v  113.926842 17.769833 82.588310
v  113.689644 18.606850 82.176437
v  113.689644 18.606850 82.176437
v  114.498695 18.709585 80.426804
v  114.500153 18.811974 80.415695
v  115.027679 18.475222 81.138374
v  115.027679 18.475222 81.138374
v  114.983376 18.399973 81.090797
v  115.201454 17.630350 81.469490
v  115.264877 17.638205 81.550240
v  115.028084 16.746256 81.358124
v  115.028084 16.746256 81.358124
v  114.960701 16.807373 81.263519
v  115.027679 18.475222 81.138374
v  115.264877 17.638205 81.550240
v  115.264877 17.638205 81.550240
v  113.622665 16.939001 82.301590
v  114.960701 16.807373 81.263519
v  114.465431 16.372921 80.680222
v  113.127396 16.504549 81.718285
v  113.622665 16.939001 82.301590
v  113.160660 18.841213 81.464867
v  114.498695 18.709585 80.426804
v  114.983376 18.399973 81.090797
v  114.983376 18.399973 81.090797
v  113.645340 18.531601 82.128868
v  113.160660 18.841213 81.464867
v  113.863419 17.761978 82.507553
v  115.201454 17.630350 81.469490
v  114.960701 16.807373 81.263519
v  114.960701 16.807373 81.263519
v  113.622665 16.939001 82.301590
v  113.863419 17.761978 82.507553
v  113.645340 18.531601 82.128868
v  114.983376 18.399973 81.090797
v  115.201454 17.630350 81.469490
v  115.201454 17.630350 81.469490
v  113.863419 17.761978 82.507553
v  113.645340 18.531601 82.128868
v  113.177246 15.239011 82.675270
v  113.641731 15.381536 82.523651
v  113.115753 15.686626 81.806992
v  112.759827 15.481635 82.106461
v  113.318535 14.622318 82.935577
v  113.819412 14.606015 82.851006
v  113.641731 15.381536 82.523651
v  113.641731 15.381536 82.523651
v  113.126808 13.964283 82.771889
v  113.618980 13.783567 82.696953
v  113.819412 14.606015 82.851006
v  113.819412 14.606015 82.851006
v  112.733345 13.621231 82.308228
v  113.082443 13.346982 82.060730
v  113.618980 13.783567 82.696953
v  113.618980 13.783567 82.696953
v  114.794357 10.784812 81.812775
v  113.535828 10.795153 82.968704
v  113.039970 10.363576 82.384285
v  114.380745 10.424272 81.325363
v  114.995827 11.476234 81.984787
v  113.776939 11.622620 83.174561
v  114.847359 12.124278 81.711243
v  113.599266 12.398230 82.847198
v  113.950569 12.013209 80.569389
v  113.884087 13.519056 80.292763
v  114.957016 13.651939 81.658890
v  114.957016 13.651939 81.658890
v  114.847359 12.124278 81.711243
v  113.706406 14.294676 79.965385
v  115.157448 14.474388 81.812943
v  115.157448 14.474388 81.812943
v  114.957016 13.651939 81.658890
v  114.995827 11.476234 81.984787
v  113.783089 11.326036 80.440651
v  114.847359 12.124278 81.711243
v  114.995827 11.476234 81.984787
v  113.776939 11.622620 83.174561
v  112.325905 11.442907 81.327011
v  112.544266 10.672347 81.706184
v  113.535828 10.795153 82.968704
v  113.776939 11.622620 83.174561
v  113.706406 14.294676 79.965385
v  113.884087 13.519056 80.292763
v  112.546051 13.650684 81.330826
v  112.368370 14.426303 81.003456
v  113.706406 14.294676 79.965385
v  113.906837 15.117025 80.119461
v  113.706406 14.294676 79.965385
v  112.568802 15.248653 81.157524
v  112.562988 16.738297 80.961143
v  113.901024 16.606668 79.923080
v  114.500153 18.811974 80.415695
v  113.950745 18.341841 79.767143
v  112.612709 18.473469 80.805206
v  113.162117 18.943600 81.453766
v  114.500153 18.811974 80.415695
v  113.688835 17.443010 79.543526
v  112.350800 17.574638 80.581596
v  112.655029 18.408949 80.867935
v  113.160660 18.841213 81.464867
v  113.162117 18.943600 81.453766
v  113.162117 18.943600 81.453766
v  112.612709 18.473469 80.805206
v  112.632355 16.816349 81.040657
v  112.414215 17.582493 80.662338
v  112.350800 17.574638 80.581596
v  112.350800 17.574638 80.581596
v  112.562988 16.738297 80.961143
v  112.612709 18.473469 80.805206
v  112.612709 18.473469 80.805206
v  112.350800 17.574638 80.581596
v  114.498695 18.709585 80.426804
v  113.993065 18.277323 79.829872
v  113.950745 18.341841 79.767143
v  113.950745 18.341841 79.767143
v  114.500153 18.811974 80.415695
v  114.498695 18.709585 80.426804
v  113.752251 17.450865 79.624275
v  113.970390 16.684721 80.002594
v  113.901024 16.606668 79.923080
v  113.901024 16.606668 79.923080
v  113.688835 17.443010 79.543526
v  113.688835 17.443010 79.543526
v  113.688835 17.443010 79.543526
v  113.950745 18.341841 79.767143
v  112.632355 16.816349 81.040657
v  113.127396 16.504549 81.718285
v  114.465431 16.372921 80.680222
v  114.465431 16.372921 80.680222
v  113.970390 16.684721 80.002594
v  112.632355 16.816349 81.040657
v  113.160660 18.841213 81.464867
v  112.655029 18.408949 80.867935
v  113.993065 18.277323 79.829872
v  113.993065 18.277323 79.829872
v  114.498695 18.709585 80.426804
v  113.160660 18.841213 81.464867
v  112.414215 17.582493 80.662338
v  112.632355 16.816349 81.040657
v  113.970390 16.684721 80.002594
v  113.970390 16.684721 80.002594
v  113.752251 17.450865 79.624275
v  112.414215 17.582493 80.662338
v  112.655029 18.408949 80.867935
v  112.414215 17.582493 80.662338
v  113.752251 17.450865 79.624275
v  113.752251 17.450865 79.624275
v  113.993065 18.277323 79.829872
v  112.655029 18.408949 80.867935
v  112.323608 15.133286 81.588356
v  112.759827 15.481635 82.106461
v  113.115753 15.686626 81.806992
v  113.115753 15.686626 81.806992
v  112.568802 15.248653 81.157524
v  112.164230 14.479357 81.465851
v  112.568802 15.248653 81.157524
v  112.568802 15.248653 81.157524
v  112.368370 14.426303 81.003456
v  112.337868 13.866571 81.767365
v  112.368370 14.426303 81.003456
v  112.368370 14.426303 81.003456
v  112.546051 13.650684 81.330826
v  112.733345 13.621231 82.308228
v  112.546051 13.650684 81.330826
v  112.546051 13.650684 81.330826
v  113.082443 13.346982 82.060730
v  112.733345 13.621231 82.308228
v  113.965553 10.682164 80.757492
v  114.380745 10.424272 81.325363
v  113.039970 10.363576 82.384285
v  113.039970 10.363576 82.384285
v  112.544266 10.672347 81.706184
v  113.783089 11.326036 80.440651
v  112.544266 10.672347 81.706184
v  112.544266 10.672347 81.706184
v  112.325905 11.442907 81.327011
v  113.783089 11.326036 80.440651
v  113.950569 12.013209 80.569389
v  113.783089 11.326036 80.440651
v  112.325905 11.442907 81.327011
v  112.325905 11.442907 81.327011
v  112.526329 12.265347 81.481071
v  113.950569 12.013209 80.569389
v  113.884087 13.519056 80.292763
v  113.950569 12.013209 80.569389
v  113.950569 12.013209 80.569389
v  113.906837 15.117025 80.119461
v  114.979767 15.249908 81.485580
v  115.157448 14.474388 81.812943
v  115.157448 14.474388 81.812943
v  113.906837 15.117025 80.119461
v  114.794357 10.784812 81.812775
v  113.965553 10.682164 80.757492
v  114.995827 11.476234 81.984787
v  114.794357 10.784812 81.812775
v  112.526329 12.265347 81.481071
v  113.776939 11.622620 83.174561
v  113.776939 11.622620 83.174561
v  113.599266 12.398230 82.847198
v  112.526329 12.265347 81.481071
v  92.550255 10.319056 100.884163
v  80.223473 12.806261 110.323456
v  81.507347 10.221565 109.566544
v  81.507347 10.221565 109.566544
v  92.217415 9.984323 101.178131
v  92.550255 10.319056 100.884163
v  113.127396 16.504549 81.718285
v  112.562988 16.738297 80.961143
v  112.562988 16.738297 80.961143
v  112.568802 15.248653 81.157524
v  113.641731 15.381536 82.523651
v  113.690048 16.877884 82.396194
v  113.127396 16.504549 81.718285
v  113.127396 16.504549 81.718285
v  113.641731 15.381536 82.523651
v  94.988808 9.367095 95.211533
v  94.747963 9.273466 95.930099
v  96.353523 9.536117 96.949181
v  94.988808 9.367095 95.211533
v  94.198868 9.132033 96.382248
v  94.198868 9.132033 96.382248
v  93.198029 9.331714 96.621864
v  114.191177 15.044533 80.059738
v  114.653458 15.443839 80.604973
v  114.609795 14.365668 80.744148
v  114.653458 15.443839 80.604973
v  115.105988 15.157833 81.224533
v  115.105988 15.157833 81.224533
v  115.307762 14.445827 81.574898
v  115.307762 14.445827 81.574898
v  115.084969 13.681241 81.384674
v  115.084969 13.681241 81.384674
v  114.622681 13.281933 80.839439
v  114.622681 13.281933 80.839439
v  114.170158 13.567940 80.219872
v  114.170158 13.567940 80.219872
v  113.968376 14.279944 79.869507
v  113.968376 14.279944 79.869507
v  114.191177 15.044533 80.059738
v  96.863823 15.949445 92.886536
v  99.151459 15.726430 91.130470
v  91.945976 15.232501 100.558609
v  91.613312 15.670582 100.140038
v  95.163757 15.321310 97.385559
v  95.392838 14.893419 97.884483
v  91.613312 15.670582 100.140038
v  91.622131 16.090334 100.098190
v  95.163757 15.321310 97.385559
v  95.172577 15.741062 97.343704
v  99.393280 15.591829 91.460876
v  110.552994 16.007360 83.777756
v  96.863823 15.949445 92.886536
v  99.151459 15.726430 91.130470
v  97.677185 17.274006 93.766983
v  97.677185 17.274006 93.766983
v  98.299179 16.667631 94.645599
v  98.045631 17.115419 94.262009
v  92.324326 14.630667 100.918388
v  92.324326 14.630667 100.918388
v  99.151459 15.726430 91.130470
v  92.616814 9.679427 98.497108
v  92.370728 9.464316 98.146973
v  92.707237 9.060253 98.486320
v  92.915794 9.531823 98.840988
v  92.616814 9.679427 98.497108
v  93.092651 9.107987 98.977058
v  92.915794 9.531823 98.840988
v  93.043663 8.656198 98.825737
v  93.092651 9.107987 98.977058
v  92.797577 8.441087 98.475594
v  93.043663 8.656198 98.825737
v  92.498596 8.588691 98.131721
v  92.797577 8.441087 98.475594
v  92.321815 9.012519 97.995583
v  92.498596 8.588691 98.131721
v  92.370728 9.464316 98.146973
v  92.321815 9.012519 97.995583
v  95.581108 9.548127 96.181778
v  112.150948 13.716525 81.291496
v  98.683250 15.432326 95.344574
v  113.559853 13.891020 83.085411
v  112.150948 13.716525 81.291496
v  96.573830 15.171073 92.658730
v  113.559853 13.891020 83.085411
v  112.407394 10.013965 82.091537
v  113.196899 10.111746 83.096786
v  112.799217 9.856953 82.616493
v  98.361328 9.741183 95.651268
v  96.734573 9.539708 93.579987
v  97.543442 9.323974 94.649948
v  111.349075 12.878971 81.687233
v  84.840248 3.770378 104.696617
v  84.148254 5.015975 104.927589
v  85.973640 3.390152 103.843452
v  84.837334 5.101317 105.804970
v  84.383369 3.871755 106.281105
v  85.344513 3.832833 105.338684
v  85.973640 3.390152 103.843452
v  85.832367 2.925140 103.999641
v  84.840248 3.770378 104.696617
v  94.198868 9.132033 96.382248
v  93.944031 9.099075 96.058441
v  93.198029 9.331714 96.621864
v  74.416191 15.697974 109.351410
v  74.122528 15.397897 109.042023
v  75.626526 14.946234 111.311607
v  78.564766 16.733433 107.064278
v  78.710770 17.622009 106.821945
v  79.240761 14.590687 108.507629
v  74.122528 15.397897 109.042023
v  73.997726 14.967386 108.945702
v  73.997726 14.967386 108.945702
v  74.254402 13.824766 109.421432
v  74.254402 13.824766 109.421432
v  74.913109 12.910774 110.386375
v  74.913109 12.910774 110.386375
v  75.722191 12.734381 111.451622
v  74.416191 15.697974 109.351410
v  76.254410 18.853626 109.120033
v  76.755119 19.251589 109.255356
v  82.816895 19.781475 106.456207
v  95.861717 9.409968 97.347565
v  96.353523 9.536117 96.949181
v  105.386810 16.520327 85.431747
v  104.783104 16.061132 84.711807
v  105.292747 15.943314 84.584656
v  105.099236 15.542901 85.185013
v  105.292747 15.943314 84.584656
v  105.740593 15.753305 84.815216
v  105.740593 15.753305 84.815216
v  105.831436 15.598516 85.322723
v  105.831436 15.598516 85.322723
v  105.571785 15.556276 85.792412
v  105.571785 15.556276 85.792412
v  105.062057 15.674202 85.919617
v  105.062057 15.674202 85.919617
v  104.614220 15.864111 85.689072
v  104.614220 15.864111 85.689072
v  104.523376 16.018999 85.181549
v  104.523376 16.018999 85.181549
v  104.783104 16.061132 84.711807
v  80.270317 16.944668 109.235901
v  79.240761 14.590687 108.507629
v  80.456146 17.838175 109.044266
v  77.516426 15.403180 113.425934
v  77.413071 15.805434 113.231758
v  75.626526 14.946234 111.311607
v  77.226257 14.192833 113.205383
v  77.516426 15.403180 113.425934
v  75.626526 14.946234 111.311607
v  76.539154 13.112162 112.456764
v  77.226257 14.192833 113.205383
v  75.626526 14.946234 111.311607
v  75.722191 12.734381 111.451622
v  76.539154 13.112162 112.456764
v  75.626526 14.946234 111.311607
v  75.626526 14.946234 111.311607
v  77.156960 16.037422 112.841133
v  77.480560 19.341434 110.179031
v  76.746063 19.111494 110.027176
v  77.527763 19.011332 110.741348
v  93.348129 10.405385 100.069473
v  93.037048 12.211215 100.263245
v  92.976631 12.203732 100.186310
v  92.762512 10.278893 100.541710
v  93.262962 6.894392 100.657539
v  82.768829 7.935821 108.798141
v  93.176132 6.878945 100.547577
v  93.501625 7.578472 100.223907
v  93.348129 10.405385 100.069473
v  92.762512 10.278893 100.541710
v  90.812469 11.935698 97.430763
v  95.516777 11.472916 93.781097
v  94.883415 9.759060 94.445251
v  90.658775 10.018344 97.863091
v  97.425125 8.102104 97.216644
v  93.907288 6.813260 100.104858
v  93.846863 6.805776 100.027924
v  91.397881 7.317921 97.545280
v  91.743118 6.545225 97.349304
v  91.072395 6.618395 97.868965
v  56.470062 6.740567 126.364082
v  57.305824 15.431609 124.165802
v  57.349983 17.814903 123.840668
v  57.622631 6.270190 126.306252
v  56.772923 6.654080 126.936256
v  57.244320 6.836460 127.349915
v  57.622631 6.270190 126.306252
v  58.853577 18.001123 125.755142
v  58.752800 15.610819 126.008186
v  57.024624 6.120972 126.790428
v  57.622631 6.270190 126.306252
v  60.758034 14.795164 123.014526
v  59.839066 14.120523 123.801888
v  59.596367 14.651291 121.535416
v  59.839066 14.120523 123.801888
v  61.919701 14.939038 124.493637
v  82.383827 20.913757 104.612556
v  82.032104 19.496414 105.055779
v  77.035194 0.271458 111.632706
v  76.617752 -0.485246 109.873703
v  78.954933 -1.516527 110.298897
v  79.323715 12.806095 107.271484
v  78.648849 13.319244 106.336540
v  79.191055 13.955282 106.954773
v  78.580452 15.099129 106.022690
v  79.191055 13.955282 106.954773
v  78.635307 14.071342 106.223717
v  78.390327 14.163422 105.896271
v  78.635307 14.071342 106.223717
v  78.648849 13.319244 106.336540
v  78.648849 13.319244 106.336540
v  78.635307 14.071342 106.223717
v  79.191055 13.955282 106.954773
v  80.621208 12.966791 108.923538
v  80.787109 14.152955 108.986969
v  81.313087 13.649212 109.728813
v  81.348122 14.407327 109.677849
v  80.787109 14.152955 108.986969
v  81.432487 15.452355 109.654083
v  81.596603 14.560523 109.978706
v  81.313087 13.649212 109.728813
v  81.348122 14.407327 109.677849
v  81.313087 13.649212 109.728813
v  80.787109 14.152955 108.986969
v  81.348122 14.407327 109.677849
v  112.354454 15.192404 81.566139
v  112.778542 15.558699 82.066322
v  112.765739 14.540879 82.178879
v  112.778542 15.558699 82.066322
v  113.193687 15.296343 82.634697
v  113.193687 15.296343 82.634697
v  113.378784 14.643104 82.956116
v  113.378784 14.643104 82.956116
v  113.378250 13.986618 83.038666
v  113.378250 13.986618 83.038666
v  113.368561 13.306375 83.112442
v  112.143944 13.154704 81.553169
v  112.131889 13.832255 81.451721
v  112.131889 13.832255 81.451721
v  112.150070 14.490926 81.391640
v  112.150070 14.490926 81.391640
v  112.354454 15.192404 81.566139
v  112.032265 13.437832 84.149155
v  112.041946 14.118075 84.075386
v  111.427856 14.485089 83.237305
v  112.041946 14.118075 84.075386
v  112.042488 14.774561 83.992836
v  112.042488 14.774561 83.992836
v  111.857384 15.427800 83.671417
v  111.857384 15.427800 83.671417
v  111.442245 15.690157 83.103043
v  111.442245 15.690157 83.103043
v  111.018158 15.323861 82.602859
v  111.018158 15.323861 82.602859
v  110.813766 14.622383 82.428360
v  110.813766 14.622383 82.428360
v  110.795586 13.963713 82.488441
v  110.795586 13.963713 82.488441
v  110.807640 13.286161 82.589890
v  93.944031 9.099075 96.058441
v  87.059990 5.012584 103.839668
v  86.663788 4.923140 104.159538
v  87.452461 3.806366 103.616226
v  86.397499 4.890159 103.820480
v  86.793701 4.979603 103.500610
v  87.217590 3.777277 103.317177
v  79.209457 12.391325 108.746155
v  78.400375 12.567719 107.680908
v  78.400375 12.567719 107.680908
v  77.741669 13.481710 106.715965
v  77.741669 13.481710 106.715965
v  77.484993 14.624330 106.240234
v  77.883698 15.356862 106.661270
v  78.173210 16.060122 106.785446
v  78.564766 16.733433 107.064278
v  78.173210 16.060122 106.785446
v  78.710770 17.622009 106.821945
v  79.126686 18.568651 106.869385
v  77.605049 15.055317 106.340332
v  77.883698 15.356862 106.661270
v  77.484993 14.624330 106.240234
v  77.605049 15.055317 106.340332
v  75.629333 17.942427 109.371941
v  76.708420 11.346444 111.228256
v  75.949387 13.391992 111.625412
v  75.269371 11.488008 112.344688
v  74.864258 11.437835 111.828865
v  75.544266 13.341817 111.109589
v  76.303299 11.296269 110.712433
v  81.188622 19.991171 107.529495
v  81.940193 20.890001 106.851791
v  81.928276 20.052597 106.942612
v  80.894058 20.760437 105.519791
v  80.142494 19.861605 106.197487
v  80.882141 19.923031 105.610603
v  79.904358 18.443542 106.337318
v  80.142494 19.861605 106.197487
v  80.053078 19.850533 106.083649
v  81.278038 20.002243 107.643333
v  81.188622 19.991171 107.529495
v  81.129311 18.595253 107.897003
v  80.908287 20.124908 106.141632
v  81.026070 20.168993 106.563583
v  81.480255 20.195887 106.204262
v  81.026070 20.168993 106.563583
v  81.409325 20.186962 106.779587
v  81.409325 20.186962 106.779587
v  81.833519 20.168293 106.663116
v  81.833519 20.168293 106.663116
v  82.050186 20.123919 106.282394
v  82.050186 20.123919 106.282394
v  81.932396 20.079834 105.860451
v  81.932396 20.079834 105.860451
v  81.549149 20.061863 105.644440
v  81.549149 20.061863 105.644440
v  81.124947 20.080534 105.760910
v  81.124947 20.080534 105.760910
v  80.908287 20.124908 106.141632
v  117.072144 11.566445 78.575668
v  117.320808 11.761670 78.871437
v  115.217293 11.405527 80.558144
v  117.320808 11.761670 78.871437
v  117.564789 11.627460 79.202934
v  117.564789 11.627460 79.202934
v  117.661156 11.242527 79.375961
v  117.661156 11.242527 79.375961
v  117.553467 10.832302 79.289169
v  117.553467 10.832302 79.289169
v  117.304802 10.637097 78.993401
v  117.304802 10.637097 78.993401
v  117.060822 10.771288 78.661903
v  117.060822 10.771288 78.661903
v  116.964455 11.156240 78.488869
v  116.964455 11.156240 78.488869
v  117.072144 11.566445 78.575668
v  95.308464 9.268061 97.795723
v  94.562309 9.500681 98.358955
v  74.040482 16.525454 112.403641
v  73.502762 16.061035 111.769424
v  74.022583 15.268142 112.540001
v  74.566856 16.192823 113.124298
v  74.040482 16.525454 112.403641
v  74.801559 15.364618 113.531837
v  74.566856 16.192823 113.124298
v  74.542404 14.475249 113.310570
v  74.801559 15.364618 113.531837
v  74.004684 14.010792 112.676361
v  74.542404 14.475249 113.310570
v  73.478310 14.343460 111.955696
v  74.004684 14.010792 112.676361
v  73.243614 15.171665 111.548157
v  73.478310 14.343460 111.955696
v  73.502762 16.061035 111.769424
v  73.243614 15.171665 111.548157
v  77.959503 16.237532 107.110420
v  78.427963 17.701443 107.163857
v  78.592712 16.802612 107.204941
v  78.114624 16.942322 107.566833
v  79.209457 12.391325 108.746155
v  79.240761 14.590687 108.507629
v  80.026428 12.769107 109.751305
v  80.026428 12.769107 109.751305
v  79.240761 14.590687 108.507629
v  80.713516 13.849776 110.499916
v  79.240761 14.590687 108.507629
v  81.003693 15.060123 110.720467
v  80.713516 13.849776 110.499916
v  80.624466 15.696308 110.150993
v  79.240761 14.590687 108.507629
v  80.508354 16.349331 109.758705
v  80.270317 16.944668 109.235901
v  80.508354 16.349331 109.758705
v  79.240761 14.590687 108.507629
v  79.240761 14.590687 108.507629
v  79.888496 19.159534 107.554497
v  80.197350 19.082726 108.054619
v  79.240761 14.590687 108.507629
v  80.624466 15.696308 110.150993
v  80.895508 15.462844 110.529953
v  81.003693 15.060123 110.720467
v  79.240761 14.590687 108.507629
v  80.895508 15.462844 110.529953
v  77.219154 18.139328 111.396202
v  79.126686 18.568651 106.869385
v  79.487228 18.994776 107.150444
v  79.487228 18.994776 107.150444
v  79.888496 19.159534 107.554497
v  79.240761 14.590687 108.507629
v  80.421806 18.729052 108.518410
v  80.456146 17.838175 109.044266
v  79.240761 14.590687 108.507629
v  80.197350 19.082726 108.054619
v  80.421806 18.729052 108.518410
v  92.648880 11.583924 100.683670
v  92.550255 10.319056 100.884163
v  92.848831 10.258605 100.655548
v  93.183334 8.173143 100.514992
v  93.262962 6.894392 100.657539
v  93.572571 7.587636 100.314194
v  92.131165 9.976225 101.067001
v  92.762512 10.278893 100.541710
v  92.463493 10.308310 100.773689
v  92.762512 10.278893 100.541710
v  92.848831 10.258605 100.655548
v  80.255203 10.625255 110.510681
v  80.136711 12.795516 110.212990
v  82.768829 7.935821 108.798141
v  80.882805 7.868324 107.928200
v  92.762512 10.278893 100.541710
v  93.135307 8.167316 100.454315
v  93.501625 7.578472 100.223907
v  90.571579 9.976564 97.755997
v  90.272995 10.037015 97.984612
v  90.371620 11.301884 97.784119
v  91.326950 7.309512 97.454918
v  90.985703 6.612352 97.757988
v  90.984016 7.900755 97.714676
v  90.359756 10.047760 98.095078
v  90.658775 10.018344 97.863091
v  90.027420 9.715675 98.388382
v  90.571579 9.976564 97.755997
v  90.658775 10.018344 97.863091
v  78.032974 12.534966 107.534378
v  77.977959 10.343215 107.611137
v  80.882805 7.868324 107.928200
v  80.491570 7.653780 105.898582
v  91.397881 7.317921 97.545280
v  91.031570 7.906767 97.775703
v  90.658775 10.018344 97.863091
v  80.285065 -3.355846 107.653915
v  81.753365 -3.662255 108.309776
v  80.285065 -3.355846 107.653915
v  77.866966 -2.135482 108.166946
v  82.003555 -3.143009 109.842010
v  80.809578 -1.771037 111.913666
v  77.866966 -2.135482 108.166946
v  76.617752 -0.485246 109.873703
v  78.704453 -0.226806 112.530617
v  80.809578 -1.771037 111.913666
v  57.852421 19.663755 124.822968
v  59.839066 14.120523 123.801888
v  58.111172 6.952868 125.856155
v  57.622631 6.270190 126.306252
v  59.138618 17.194511 120.622910
v  60.197987 19.197624 121.734406
v  60.666935 16.236856 122.945831
v  58.974667 16.238213 120.532837
v  59.138618 17.194511 120.622910
v  59.300613 14.995979 121.110489
v  58.974667 16.238213 120.532837
v  60.197987 19.197624 121.734406
v  60.822296 19.309578 122.524925
v  59.596367 14.651291 121.535416
v  59.300613 14.995979 121.110489
v  59.596367 14.651291 121.535416
v  61.445621 19.352146 123.322975
v  62.451599 17.604828 124.841209
v  62.451599 17.604828 124.841209
v  62.588852 16.685833 125.134659
v  62.588852 16.685833 125.134659
v  62.226326 15.358332 124.835701
v  60.822296 19.309578 122.524925
v  61.445621 19.352146 123.322975
v  62.226326 15.358332 124.835701
v  61.919701 14.939038 124.493637
v  82.348236 19.587704 105.581001
v  82.831108 20.864317 105.564102
v  82.278519 19.614670 105.633133
v  82.587440 20.398869 105.548912
v  82.474106 20.384832 105.404610
v  82.587440 20.398869 105.548912
v  82.383827 20.913757 104.612556
v  82.348236 19.587704 105.581001
v  82.545364 20.351044 105.351929
v  82.348236 19.587704 105.581001
v  82.360771 20.370796 105.260300
v  82.361198 20.806118 104.965782
v  82.278519 19.614670 105.633133
v  82.474106 20.384832 105.404610
v  82.360771 20.370796 105.260300
v  82.278519 19.614670 105.633133
v  82.360771 20.370796 105.260300
v  81.753365 -3.662255 108.309776
v  82.003555 -3.143009 109.842010
v  77.035194 0.271458 111.632706
v  78.704453 -0.226806 112.530617
v  56.772923 6.654080 126.936256
v  56.470062 6.740567 126.364082
v  56.772923 6.654080 126.936256
v  57.244320 6.836460 127.349915
v  57.305824 15.431609 124.165802
v  57.349983 17.814903 123.840668
v  58.853577 18.001123 125.755142
v  77.156960 16.037422 112.841133
v  75.626526 14.946234 111.311607
v  77.413071 15.805434 113.231758
v  75.626526 14.946234 111.311607
v  75.695862 17.083620 111.049240
v  74.416191 15.697974 109.351410
v  77.156960 16.037422 112.841133
v  77.480560 19.341434 110.179031
v  77.293022 19.414862 109.568100
v  76.746063 19.111494 110.027176
v  76.755119 19.251589 109.255356
v  77.293022 19.414862 109.568100
v  86.336639 2.987594 104.641716
v  86.477905 3.452606 104.485527
v  85.344513 3.832833 105.338684
v  84.840248 3.770378 104.696617
v  83.694290 3.786412 105.403732
v  84.148254 5.015975 104.927589
v  84.837334 5.101317 105.804970
v  85.344513 3.832833 105.338684
v  86.477905 3.452606 104.485527
v  93.183334 8.173143 100.514992
v  92.193329 8.595138 101.227020
v  93.262962 6.894392 100.657539
v  80.255203 10.625255 110.510681
v  81.507347 10.221565 109.566544
v  80.223473 12.806261 110.323456
v  94.985672 8.270776 94.509697
v  95.136147 8.063886 94.279907
v  91.682701 6.537742 97.272369
v  91.397881 7.317921 97.545280
v  91.254784 10.146123 97.404091
v  91.743118 6.545225 97.349304
v  91.397881 7.317921 97.545280
v  90.658775 10.018344 97.863091
v  91.254784 10.146123 97.404091
v  97.487968 8.355162 97.274391
v  97.425125 8.102104 97.216644
v  93.846863 6.805776 100.027924
v  93.501625 7.578472 100.223907
v  93.176132 6.878945 100.547577
v  93.846863 6.805776 100.027924
v  93.348129 10.405385 100.069473
v  93.501625 7.578472 100.223907
v  91.254784 10.146123 97.404091
v  90.872894 11.943181 97.507698
v  97.107986 10.034575 97.277725
v  97.741371 11.748433 96.613586
v  97.487968 8.355162 97.274391
v  91.682701 6.537742 97.272369
v  95.136147 8.063886 94.279907
v  95.200539 7.826587 94.384155
v  95.200539 7.826587 94.384155
v  91.743118 6.545225 97.349304
v  91.682701 6.537742 97.272369
v  91.072395 6.618395 97.868965
v  80.491570 7.653780 105.898582
v  90.985703 6.612352 97.757988
v  93.176132 6.878945 100.547577
v  80.882805 7.868324 107.928200
v  91.072395 6.618395 97.868965
v  90.272995 10.037015 97.984612
v  77.946220 12.524221 107.423912
v  90.371620 11.301884 97.784119
v  77.977959 10.343215 107.611137
v  77.946220 12.524221 107.423912
v  79.230095 9.939526 106.667000
v  80.223473 12.806261 110.323456
v  92.550255 10.319056 100.884163
v  92.648880 11.583924 100.683670
v  113.068672 13.091945 83.876732
v  81.591942 19.629765 104.896523
v  82.383827 20.913757 104.612556
v  82.361198 20.806118 104.965782
v  82.831108 20.864317 105.564102
v  82.587440 20.398869 105.548912
v  58.752800 15.610819 126.008186
v  90.985703 6.612352 97.757988
v  90.021484 8.407781 98.445770
v  90.984016 7.900755 97.714676
v  112.562988 16.738297 80.961143
v  113.127396 16.504549 81.718285
v  114.979767 15.249908 81.485580
v  114.465431 16.372921 80.680222
v  115.028084 16.746256 81.358124
v  112.526329 12.265347 81.481071
v  113.082443 13.346982 82.060730
v  112.546051 13.650684 81.330826
v  114.979767 15.249908 81.485580
v  113.906837 15.117025 80.119461
v  114.465431 16.372921 80.680222
v  114.465431 16.372921 80.680222
v  113.901024 16.606668 79.923080
v  113.965553 10.682164 80.757492
v  114.794357 10.784812 81.812775
v  114.380745 10.424272 81.325363
v  113.127396 16.504549 81.718285
v  113.690048 16.877884 82.396194
v  113.082443 13.346982 82.060730
v  113.599266 12.398230 82.847198
v  113.618980 13.783567 82.696953
v  112.526329 12.265347 81.481071
v  113.599266 12.398230 82.847198
v  113.082443 13.346982 82.060730
v  113.039970 10.363576 82.384285
v  113.535828 10.795153 82.968704
v  93.176132 6.878945 100.547577
v  82.768829 7.935821 108.798141
v  80.882805 7.868324 107.928200
v  91.072395 6.618395 97.868965
v  80.882805 7.868324 107.928200
v  80.491570 7.653780 105.898582
v  115.028084 16.746256 81.358124
v  114.465431 16.372921 80.680222
v  113.906837 15.117025 80.119461
v  113.901024 16.606668 79.923080
v  114.465431 16.372921 80.680222
v  94.747963 9.273466 95.930099
v  94.988808 9.367095 95.211533
v  94.497131 9.240963 95.610092
v  95.308464 9.268061 97.795723
v  94.686096 9.919014 96.848625
v  94.480743 9.739460 96.556305
v  92.370728 9.464316 98.146973
v  92.616814 9.679427 98.497108
v  94.935730 9.795811 97.135620
v  92.915794 9.531823 98.840988
v  95.083290 9.442027 97.249268
v  93.092651 9.107987 98.977058
v  95.042389 9.064893 97.122955
v  93.043663 8.656198 98.825737
v  94.837036 8.885339 96.830627
v  92.797577 8.441087 98.475594
v  94.587402 9.008542 96.543633
v  92.498596 8.588691 98.131721
v  94.439842 9.362335 96.429993
v  92.321815 9.012519 97.995583
v  95.359421 9.698276 96.094131
v  95.337944 9.500423 96.027870
v  95.467209 9.792469 96.247467
v  95.598137 9.727839 96.398071
v  95.675529 9.542233 96.457718
v  95.654129 9.344364 96.391396
v  95.546341 9.250160 96.238068
v  95.415413 9.314799 96.087456
v  92.768120 3.265872 97.549988
v  94.131973 3.434786 99.286530
v  93.201637 9.181951 99.458160
v  91.837784 9.013037 97.721619
v  94.664513 3.752361 96.012741
v  92.768120 3.265872 97.549988
v  91.837784 9.013037 97.721619
v  91.837784 9.013037 97.721619
v  93.198029 9.331714 96.621864
v  97.290352 4.244925 96.728096
v  95.925629 4.075903 94.990440
v  94.988808 9.367095 95.211533
v  96.353523 9.536117 96.949181
v  95.344780 -1.598138 98.823578
v  93.980919 -1.767054 97.087021
v  95.857681 -1.213431 95.558662
v  93.980919 -1.767054 97.087021
v  93.980919 -1.767054 97.087021
v  92.768120 3.265872 97.549988
v  98.471626 -0.675876 96.279007
v  97.106903 -0.844899 94.541344
v  98.905037 -10.928248 96.934975
v  97.132248 -7.019173 97.947044
v  95.768387 -7.188088 96.210495
v  97.541176 -11.097164 95.198418
v  95.768387 -7.188088 96.210495
v  97.500404 -6.174229 94.751045
v  99.243881 -9.997300 93.753624
v  97.541176 -11.097164 95.198418
v  95.768387 -7.188088 96.210495
v  100.017181 -5.330956 95.517967
v  101.740883 -9.096943 94.530518
v  100.376152 -9.265966 92.792854
v  98.652443 -5.499979 93.780296
v  93.201637 9.181951 99.458160
v  94.562309 9.500681 98.358955
v  93.198029 9.331714 96.621864
v  93.198029 9.331714 96.621864
v  91.837784 9.013037 97.721619
v  93.201637 9.181951 99.458160
v  95.925629 4.075903 94.990440
v  95.213333 3.893169 95.567841
v  94.497131 9.240963 95.610092
v  94.988808 9.367095 95.211533
v  95.925629 4.075903 94.990440
v  96.402374 -1.052708 95.115082
v  95.925629 4.075903 94.990440
v  95.925629 4.075903 94.990440
v  97.106903 -0.844899 94.541344
v  99.736618 -9.679062 93.335510
v  98.002014 -5.880775 94.328377
v  98.652443 -5.499979 93.780296
v  98.652443 -5.499979 93.780296
v  100.376152 -9.265966 92.792854
v  97.750824 -6.143221 95.069733
v  98.252365 -5.849749 94.647133
v  99.987991 -9.654350 93.655739
v  99.494736 -9.977445 94.068886
v  96.108025 -1.182405 95.877419
v  96.652794 -1.021700 95.433777
v  94.914932 3.783369 96.331429
v  95.463760 3.924178 95.886536
v  94.198868 9.132033 96.382248
v  94.747963 9.273466 95.930099
v  97.750824 -6.143221 95.069733
v  99.494736 -9.977445 94.068886
v  99.243881 -9.997300 93.753624
v  99.243881 -9.997300 93.753624
v  97.500404 -6.174229 94.751045
v  97.750824 -6.143221 95.069733
v  99.987991 -9.654350 93.655739
v  98.252365 -5.849749 94.647133
v  98.002014 -5.880775 94.328377
v  98.002014 -5.880775 94.328377
v  99.736618 -9.679062 93.335510
v  99.987991 -9.654350 93.655739
v  97.500404 -6.174229 94.751045
v  95.857681 -1.213431 95.558662
v  96.108025 -1.182405 95.877419
v  96.108025 -1.182405 95.877419
v  97.750824 -6.143221 95.069733
v  97.500404 -6.174229 94.751045
v  98.252365 -5.849749 94.647133
v  96.652794 -1.021700 95.433777
v  96.402374 -1.052708 95.115082
v  96.402374 -1.052708 95.115082
v  98.002014 -5.880775 94.328377
v  98.252365 -5.849749 94.647133
v  94.914932 3.783369 96.331429
v  96.108025 -1.182405 95.877419
v  95.857681 -1.213431 95.558662
v  95.857681 -1.213431 95.558662
v  94.664513 3.752361 96.012741
v  94.914932 3.783369 96.331429
v  96.652794 -1.021700 95.433777
v  95.463760 3.924178 95.886536
v  95.213333 3.893169 95.567841
v  95.213333 3.893169 95.567841
v  96.402374 -1.052708 95.115082
v  96.652794 -1.021700 95.433777
v  94.664513 3.752361 96.012741
v  93.944031 9.099075 96.058441
v  94.198868 9.132033 96.382248
v  94.198868 9.132033 96.382248
v  94.914932 3.783369 96.331429
v  94.664513 3.752361 96.012741
v  95.463760 3.924178 95.886536
v  94.747963 9.273466 95.930099
v  94.497131 9.240963 95.610092
v  94.497131 9.240963 95.610092
v  95.213333 3.893169 95.567841
v  95.463760 3.924178 95.886536
v  95.054138 9.237959 97.471237
v  95.610130 9.380246 97.027870
v  94.747963 9.273466 95.930099
v  94.747963 9.273466 95.930099
v  94.198868 9.132033 96.382248
v  96.028885 3.921340 97.749947
v  94.131973 3.434786 99.286530
v  95.344780 -1.598138 98.823578
v  95.344780 -1.598138 98.823578
v  97.222069 -1.044450 97.295883
v  97.132248 -7.019173 97.947044
v  98.905037 -10.928248 96.934975
v  100.608269 -9.828320 95.490845
v  98.864784 -6.005249 96.488266
v  97.132248 -7.019173 97.947044
v  95.861717 9.409968 97.347565
v  96.577858 4.062167 97.305244
v  97.290352 4.244925 96.728096
v  97.290352 4.244925 96.728096
v  96.353523 9.536117 96.949181
v  97.766907 -0.883709 96.852493
v  98.471626 -0.675876 96.279007
v  97.290352 4.244925 96.728096
v  97.290352 4.244925 96.728096
v  101.101158 -9.510062 95.072929
v  101.740883 -9.096943 94.530518
v  100.017181 -5.330956 95.517967
v  100.017181 -5.330956 95.517967
v  99.366554 -5.711775 96.065796
v  98.614525 -6.036252 96.169449
v  100.362465 -9.869975 95.173729
v  100.850243 -9.547561 94.753601
v  99.116211 -5.742761 95.747040
v  97.516640 -0.914712 96.533676
v  96.971718 -1.075436 96.977127
v  95.778618 3.890337 97.431129
v  96.327599 4.031165 96.986427
v  95.610130 9.380246 97.027870
v  95.054138 9.237959 97.471237
v  95.610130 9.380246 97.027870
v  98.614525 -6.036252 96.169449
v  98.864784 -6.005249 96.488266
v  100.608269 -9.828320 95.490845
v  100.608269 -9.828320 95.490845
v  100.362465 -9.869975 95.173729
v  98.614525 -6.036252 96.169449
v  100.850243 -9.547561 94.753601
v  101.101158 -9.510062 95.072929
v  99.366554 -5.711775 96.065796
v  99.366554 -5.711775 96.065796
v  99.116211 -5.742761 95.747040
v  100.850243 -9.547561 94.753601
v  98.614525 -6.036252 96.169449
v  96.971718 -1.075436 96.977127
v  97.222069 -1.044450 97.295883
v  97.222069 -1.044450 97.295883
v  98.864784 -6.005249 96.488266
v  98.614525 -6.036252 96.169449
v  99.366554 -5.711775 96.065796
v  97.766907 -0.883709 96.852493
v  97.516640 -0.914712 96.533676
v  97.516640 -0.914712 96.533676
v  99.116211 -5.742761 95.747040
v  99.366554 -5.711775 96.065796
v  95.778618 3.890337 97.431129
v  96.028885 3.921340 97.749947
v  97.222069 -1.044450 97.295883
v  97.222069 -1.044450 97.295883
v  96.971718 -1.075436 96.977127
v  95.778618 3.890337 97.431129
v  97.516640 -0.914712 96.533676
v  97.766907 -0.883709 96.852493
v  96.577858 4.062167 97.305244
v  96.577858 4.062167 97.305244
v  96.327599 4.031165 96.986427
v  97.516640 -0.914712 96.533676
v  95.778618 3.890337 97.431129
v  95.054138 9.237959 97.471237
v  95.308464 9.268061 97.795723
v  96.028885 3.921340 97.749947
v  95.778618 3.890337 97.431129
v  96.577858 4.062167 97.305244
v  95.861717 9.409968 97.347565
v  95.610130 9.380246 97.027870
v  95.610130 9.380246 97.027870
v  96.327599 4.031165 96.986427
v  96.577858 4.062167 97.305244
v  98.836334 -10.680054 96.916893
v  101.569939 -8.914748 94.599121
v  100.251511 -9.078036 92.920410
v  97.518745 -10.843239 95.239250
v  97.672760 -11.190854 95.155083
v  100.405609 -9.425658 92.836182
v  101.721153 -9.262727 94.511223
v  98.987465 -11.028126 96.829056
v  97.518745 -10.843239 95.239250
v  100.251511 -9.078036 92.920410
v  100.405609 -9.425658 92.836182
v  100.405609 -9.425658 92.836182
v  97.672760 -11.190854 95.155083
v  97.518745 -10.843239 95.239250
v  98.987465 -11.028126 96.829056
v  98.836334 -10.680054 96.916893
v  97.518745 -10.843239 95.239250
v  97.518745 -10.843239 95.239250
v  97.672760 -11.190854 95.155083
v  98.987465 -11.028126 96.829056
v  101.569939 -8.914748 94.599121
v  98.836334 -10.680054 96.916893
v  98.987465 -11.028126 96.829056
v  98.987465 -11.028126 96.829056
v  101.721153 -9.262727 94.511223
v  101.569939 -8.914748 94.599121
v  101.721153 -9.262727 94.511223
v  100.405609 -9.425658 92.836182
v  100.251511 -9.078036 92.920410
v  100.251511 -9.078036 92.920410
v  101.569939 -8.914748 94.599121
v  101.721153 -9.262727 94.511223
v  97.132248 -7.019173 97.947044
v  95.344780 -1.598138 98.823578
v  97.132248 -7.019173 97.947044
v  100.017181 -5.330956 95.517967
v  100.017181 -5.330956 95.517967
v  98.471626 -0.675876 96.279007
v  98.652443 -5.499979 93.780296
v  97.106903 -0.844899 94.541344
v  98.652443 -5.499979 93.780296
v  95.768387 -7.188088 96.210495
v  95.768387 -7.188088 96.210495
v  93.980919 -1.767054 97.087021
v  93.201637 9.181951 99.458160
v  94.131973 3.434786 99.286530
v  94.562309 9.500681 98.358955
v  93.201637 9.181951 99.458160
v  94.988808 9.367095 95.211533
v  94.747963 9.273466 95.930099
v  96.353523 9.536117 96.949181
v  94.988808 9.367095 95.211533
v  94.198868 9.132033 96.382248
v  94.198868 9.132033 96.382248
v  93.198029 9.331714 96.621864
v  92.616814 9.679427 98.497108
v  92.370728 9.464316 98.146973
v  92.707237 9.060253 98.486320
v  92.915794 9.531823 98.840988
v  92.616814 9.679427 98.497108
v  93.092651 9.107987 98.977058
v  92.915794 9.531823 98.840988
v  93.043663 8.656198 98.825737
v  93.092651 9.107987 98.977058
v  92.797577 8.441087 98.475594
v  93.043663 8.656198 98.825737
v  92.498596 8.588691 98.131721
v  92.797577 8.441087 98.475594
v  92.321815 9.012519 97.995583
v  92.498596 8.588691 98.131721
v  92.370728 9.464316 98.146973
v  92.321815 9.012519 97.995583
v  95.581108 9.548127 96.181778
v  94.198868 9.132033 96.382248
v  93.944031 9.099075 96.058441
v  93.198029 9.331714 96.621864
v  95.861717 9.409968 97.347565
v  96.353523 9.536117 96.949181
v  93.944031 9.099075 96.058441
v  95.308464 9.268061 97.795723
v  94.562309 9.500681 98.358955
v  94.747963 9.273466 95.930099
v  94.988808 9.367095 95.211533
v  94.497131 9.240963 95.610092
v  95.308464 9.268061 97.795723

vt  0.948521 -0.656702 0.000000
vt  0.937660 -0.652259 0.000000
vt  0.937660 -0.621605 0.000000
vt  0.948521 -0.627665 0.000000
vt  0.113397 -0.150579 0.000000
vt  0.439602 -0.150579 0.000000
vt  0.439602 -0.154687 0.000000
vt  0.113397 -0.154687 0.000000
vt  0.439602 -0.164323 0.000000
vt  0.113397 -0.164323 0.000000
vt  0.113397 -0.175193 0.000000
vt  0.439602 -0.175193 0.000000
vt  0.439283 -0.189394 0.000000
vt  0.113238 -0.187412 0.000000
vt  0.439602 -0.197815 0.000000
vt  0.113397 -0.193727 0.000000
vt  0.111584 -0.009088 0.000000
vt  0.111584 -0.017652 0.000000
vt  0.201491 -0.018710 0.000000
vt  0.201309 -0.010145 0.000000
vt  0.111584 -0.028504 0.000000
vt  0.201721 -0.028504 0.000000
vt  0.111425 -0.038942 0.000000
vt  0.111584 -0.045248 0.000000
vt  0.437278 -0.049328 0.000000
vt  0.436960 -0.040921 0.000000
vt  0.089947 -0.188600 0.000000
vt  0.089947 -0.175476 0.000000
vt  0.089947 -0.162354 0.000000
vt  0.089947 -0.156263 0.000000
vt  0.081943 -0.007842 0.000000
vt  0.081943 -0.013923 0.000000
vt  0.111584 -0.002167 0.000000
vt  0.081943 -0.007842 0.000000
vt  0.081943 -0.027025 0.000000
vt  0.081943 -0.040128 0.000000
vt  0.011824 -0.004597 0.000000
vt  0.011824 -0.011706 0.000000
vt  0.081943 -0.007842 0.000000
vt  0.013481 -0.160134 0.000000
vt  0.013481 -0.153013 0.000000
vt  0.013481 -0.175477 0.000000
vt  0.013481 -0.190820 0.000000
vt  0.013481 -0.197940 0.000000
vt  0.089947 -0.194691 0.000000
vt  0.011824 -0.042344 0.000000
vt  0.011824 -0.049454 0.000000
vt  0.081943 -0.046209 0.000000
vt  0.081943 -0.046209 0.000000
vt  0.011824 -0.027025 0.000000
vt  0.007716 -0.005358 0.000000
vt  0.007716 -0.012227 0.000000
vt  0.009367 -0.160655 0.000000
vt  0.009367 -0.153776 0.000000
vt  0.013481 -0.153013 0.000000
vt  0.013481 -0.153013 0.000000
vt  0.009367 -0.175477 0.000000
vt  0.009367 -0.190298 0.000000
vt  0.009367 -0.197178 0.000000
vt  0.007716 -0.041825 0.000000
vt  0.007716 -0.048693 0.000000
vt  0.011824 -0.049454 0.000000
vt  0.011824 -0.049454 0.000000
vt  0.007716 -0.027025 0.000000
vt  0.347625 -0.018710 0.000000
vt  0.343690 -0.011908 0.000000
vt  0.369412 -0.011908 0.000000
vt  0.374781 -0.018710 0.000000
vt  0.437278 -0.015890 0.000000
vt  0.437278 -0.006268 0.000000
vt  0.980735 -0.516043 0.000000
vt  0.980735 -0.531660 0.000000
vt  0.992187 -0.534974 0.000000
vt  0.992187 -0.517610 0.000000
vt  0.980735 -0.516043 0.000000
vt  0.975284 -0.235516 0.000000
vt  0.975431 -0.426725 0.000000
vt  0.986521 -0.426711 0.000000
vt  0.986521 -0.426711 0.000000
vt  0.986521 -0.235496 0.000000
vt  0.974685 -0.220366 0.000000
vt  0.986521 -0.235496 0.000000
vt  0.986521 -0.235496 0.000000
vt  0.985922 -0.220346 0.000000
vt  0.989975 -0.264277 0.000000
vt  0.989839 -0.425934 0.000000
vt  0.997642 -0.425921 0.000000
vt  0.997642 -0.425921 0.000000
vt  0.997778 -0.264264 0.000000
vt  0.989975 -0.264277 0.000000
vt  0.980735 -0.498522 0.000000
vt  0.980735 -0.516043 0.000000
vt  0.992187 -0.517610 0.000000
vt  0.992187 -0.517610 0.000000
vt  0.992187 -0.498358 0.000000
vt  0.980735 -0.498522 0.000000
vt  0.980735 -0.462817 0.000000
vt  0.980735 -0.498522 0.000000
vt  0.992187 -0.498358 0.000000
vt  0.992187 -0.498358 0.000000
vt  0.992187 -0.462653 0.000000
vt  0.980735 -0.462817 0.000000
vt  0.980735 -0.446038 0.000000
vt  0.980735 -0.462817 0.000000
vt  0.992187 -0.462653 0.000000
vt  0.992187 -0.462653 0.000000
vt  0.992187 -0.444079 0.000000
vt  0.980735 -0.446038 0.000000
vt  0.379643 -0.026742 0.000000
vt  0.111584 -0.002167 0.000000
vt  0.437278 -0.002167 0.000000
vt  0.111584 -0.002167 0.000000
vt  0.439602 -0.202469 0.000000
vt  0.113397 -0.198381 0.000000
vt  0.081943 -0.046209 0.000000
vt  0.111584 -0.049894 0.000000
vt  0.081943 -0.046209 0.000000
vt  0.111584 -0.049894 0.000000
vt  0.111584 -0.049894 0.000000
vt  0.437278 -0.053975 0.000000
vt  0.937783 -0.817441 0.000000
vt  0.925532 -0.817181 0.000000
vt  0.925532 -0.616334 0.000000
vt  0.925532 -0.616334 0.000000
vt  0.937783 -0.817441 0.000000
vt  0.439602 -0.278013 0.000000
vt  0.439602 -0.286580 0.000000
vt  0.919541 -0.286580 0.000000
vt  0.919541 -0.278013 0.000000
vt  0.439602 -0.257915 0.000000
vt  0.919541 -0.257915 0.000000
vt  0.522268 -0.249092 0.000000
vt  0.919541 -0.249092 0.000000
vt  0.524538 -0.229399 0.000000
vt  0.524538 -0.243554 0.000000
vt  0.919541 -0.243554 0.000000
vt  0.919541 -0.229399 0.000000
vt  0.439602 -0.154687 0.000000
vt  0.439602 -0.164323 0.000000
vt  0.919541 -0.164323 0.000000
vt  0.919541 -0.154687 0.000000
vt  0.439602 -0.154687 0.000000
vt  0.439602 -0.150579 0.000000
vt  0.439602 -0.154687 0.000000
vt  0.919541 -0.150579 0.000000
vt  0.439602 -0.150579 0.000000
vt  0.919541 -0.223907 0.000000
vt  0.522268 -0.223907 0.000000
vt  0.439602 -0.223907 0.000000
vt  0.439602 -0.249092 0.000000
vt  0.919541 -0.207311 0.000000
vt  0.439602 -0.207311 0.000000
vt  0.919541 -0.175193 0.000000
vt  0.439602 -0.164323 0.000000
vt  0.439602 -0.164323 0.000000
vt  0.439602 -0.175193 0.000000
vt  0.437278 -0.049328 0.000000
vt  0.519991 -0.048747 0.000000
vt  0.521811 -0.058229 0.000000
vt  0.437278 -0.058810 0.000000
vt  0.437278 -0.049328 0.000000
vt  0.437278 -0.129401 0.000000
vt  0.916467 -0.129401 0.000000
vt  0.916467 -0.137955 0.000000
vt  0.916467 -0.137955 0.000000
vt  0.437278 -0.137955 0.000000
vt  0.437278 -0.109335 0.000000
vt  0.916467 -0.109335 0.000000
vt  0.519815 -0.100525 0.000000
vt  0.916467 -0.100525 0.000000
vt  0.522082 -0.080864 0.000000
vt  0.916467 -0.080864 0.000000
vt  0.916467 -0.094996 0.000000
vt  0.522082 -0.094996 0.000000
vt  0.437278 -0.002167 0.000000
vt  0.916467 -0.002167 0.000000
vt  0.916467 -0.006268 0.000000
vt  0.437278 -0.006268 0.000000
vt  0.437278 -0.002167 0.000000
vt  0.436960 -0.040921 0.000000
vt  0.519991 -0.040340 0.000000
vt  0.437278 -0.049328 0.000000
vt  0.436960 -0.040921 0.000000
vt  0.437278 -0.026742 0.000000
vt  0.521811 -0.026161 0.000000
vt  0.436960 -0.040921 0.000000
vt  0.437278 -0.026742 0.000000
vt  0.437278 -0.015890 0.000000
vt  0.532887 -0.015309 0.000000
vt  0.437278 -0.026742 0.000000
vt  0.437278 -0.015890 0.000000
vt  0.519815 -0.075380 0.000000
vt  0.916467 -0.075380 0.000000
vt  0.437278 -0.075380 0.000000
vt  0.437278 -0.100525 0.000000
vt  0.532846 -0.071279 0.000000
vt  0.609801 -0.048747 0.000000
vt  0.916467 -0.049328 0.000000
vt  0.916467 -0.058810 0.000000
vt  0.609001 -0.058229 0.000000
vt  0.609801 -0.040340 0.000000
vt  0.916467 -0.040921 0.000000
vt  0.607474 -0.026161 0.000000
vt  0.916467 -0.026742 0.000000
vt  0.597050 -0.015309 0.000000
vt  0.916467 -0.015890 0.000000
vt  0.916334 -0.567521 0.000000
vt  0.884494 -0.567521 0.000000
vt  0.884494 -0.561628 0.000000
vt  0.884494 -0.561628 0.000000
vt  0.914026 -0.556045 0.000000
vt  0.916335 -0.574121 0.000000
vt  0.884494 -0.574121 0.000000
vt  0.884494 -0.567521 0.000000
vt  0.884494 -0.567521 0.000000
vt  0.916335 -0.603780 0.000000
vt  0.884494 -0.603780 0.000000
vt  0.884494 -0.574121 0.000000
vt  0.884494 -0.574121 0.000000
vt  0.916335 -0.610437 0.000000
vt  0.884494 -0.610437 0.000000
vt  0.884494 -0.603780 0.000000
vt  0.884494 -0.603780 0.000000
vt  0.916335 -0.669274 0.000000
vt  0.884494 -0.669274 0.000000
vt  0.884494 -0.634821 0.000000
vt  0.884494 -0.634821 0.000000
vt  0.916335 -0.634821 0.000000
vt  0.884494 -0.550991 0.000000
vt  0.884494 -0.545030 0.000000
vt  0.884494 -0.545030 0.000000
vt  0.916335 -0.545030 0.000000
vt  0.884494 -0.634821 0.000000
vt  0.884494 -0.627159 0.000000
vt  0.884494 -0.627159 0.000000
vt  0.913269 -0.621655 0.000000
vt  0.919541 -0.189394 0.000000
vt  0.439283 -0.189394 0.000000
vt  0.621324 -0.931739 0.000000
vt  0.685927 -0.931739 0.000000
vt  0.687682 -0.950085 0.000000
vt  0.687682 -0.950085 0.000000
vt  0.619952 -0.950085 0.000000
vt  0.621324 -0.931739 0.000000
vt  0.678065 -0.925325 0.000000
vt  0.685927 -0.931739 0.000000
vt  0.621324 -0.931739 0.000000
vt  0.621324 -0.931739 0.000000
vt  0.629678 -0.925325 0.000000
vt  0.678065 -0.925325 0.000000
vt  0.685203 -0.968050 0.000000
vt  0.629678 -0.968050 0.000000
vt  0.619952 -0.950085 0.000000
vt  0.619952 -0.950085 0.000000
vt  0.687682 -0.950085 0.000000
vt  0.685203 -0.968050 0.000000
vt  0.439283 -0.189394 0.000000
vt  0.439602 -0.197815 0.000000
vt  0.439602 -0.197815 0.000000
vt  0.919541 -0.197815 0.000000
vt  0.606534 -0.071279 0.000000
vt  0.606534 -0.071279 0.000000
vt  0.437278 -0.006268 0.000000
vt  0.437278 -0.006268 0.000000
vt  0.439602 -0.197815 0.000000
vt  0.919541 -0.197815 0.000000
vt  0.439602 -0.197815 0.000000
vt  0.884494 -0.610437 0.000000
vt  0.884494 -0.617116 0.000000
vt  0.884494 -0.610437 0.000000
vt  0.317285 -0.437094 0.000000
vt  0.317314 -0.432884 0.000000
vt  0.244312 -0.434408 0.000000
vt  0.244277 -0.439453 0.000000
vt  0.317314 -0.432884 0.000000
vt  0.244312 -0.434408 0.000000
vt  0.317383 -0.422720 0.000000
vt  0.244396 -0.422232 0.000000
vt  0.317453 -0.412556 0.000000
vt  0.244480 -0.410056 0.000000
vt  0.317482 -0.408346 0.000000
vt  0.244514 -0.405012 0.000000
vt  0.317453 -0.412556 0.000000
vt  0.244480 -0.410056 0.000000
vt  0.317383 -0.422720 0.000000
vt  0.244396 -0.422232 0.000000
vt  0.347569 -0.428225 0.000000
vt  0.347569 -0.422893 0.000000
vt  0.347569 -0.430434 0.000000
vt  0.347569 -0.428225 0.000000
vt  0.347569 -0.422893 0.000000
vt  0.347569 -0.417560 0.000000
vt  0.347569 -0.415351 0.000000
vt  0.347569 -0.417560 0.000000
vt  0.126157 -0.918699 0.000000
vt  0.126158 -0.911490 0.000000
vt  0.138362 -0.909135 0.000000
vt  0.138383 -0.918699 0.000000
vt  0.103848 -0.918699 0.000000
vt  0.103853 -0.911523 0.000000
vt  0.081902 -0.918699 0.000000
vt  0.081909 -0.911510 0.000000
vt  0.063811 -0.918699 0.000000
vt  0.063805 -0.911517 0.000000
vt  0.035695 -0.918699 0.000000
vt  0.035733 -0.907846 0.000000
vt  0.007134 -0.918699 0.000000
vt  0.007145 -0.907029 0.000000
vt  0.198988 -0.918699 0.000000
vt  0.191931 -0.918699 0.000000
vt  0.191936 -0.907036 0.000000
vt  0.198957 -0.907048 0.000000
vt  0.198988 -0.918699 0.000000
vt  0.757692 -0.556831 0.000000
vt  0.722080 -0.537159 0.000000
vt  0.723426 -0.555858 0.000000
vt  0.723426 -0.555858 0.000000
vt  0.742994 -0.565703 0.000000
vt  0.757692 -0.556831 0.000000
vt  0.757692 -0.556831 0.000000
vt  0.765721 -0.527789 0.000000
vt  0.730506 -0.522843 0.000000
vt  0.730506 -0.522843 0.000000
vt  0.722080 -0.537159 0.000000
vt  0.757692 -0.556831 0.000000
vt  0.765721 -0.527789 0.000000
vt  0.784324 -0.506944 0.000000
vt  0.780445 -0.498767 0.000000
vt  0.780445 -0.498767 0.000000
vt  0.730506 -0.522843 0.000000
vt  0.765721 -0.527789 0.000000
vt  0.428137 -0.286904 0.000000
vt  0.428137 -0.294703 0.000000
vt  0.008515 -0.338772 0.000000
vt  0.008515 -0.328574 0.000000
vt  0.008515 -0.308549 0.000000
vt  0.428137 -0.276911 0.000000
vt  0.008515 -0.280131 0.000000
vt  0.428137 -0.260237 0.000000
vt  0.428137 -0.286904 0.000000
vt  0.008515 -0.328574 0.000000
vt  0.008515 -0.338772 0.000000
vt  0.008515 -0.338772 0.000000
vt  0.428137 -0.294703 0.000000
vt  0.008515 -0.308549 0.000000
vt  0.428137 -0.276911 0.000000
vt  0.000665 -0.997188 0.000000
vt  0.283493 -0.997188 0.000000
vt  0.283493 -0.985461 0.000000
vt  0.000665 -0.985461 0.000000
vt  0.428137 -0.260237 0.000000
vt  0.008515 -0.280131 0.000000
vt  0.494306 -0.793005 0.000000
vt  0.494677 -0.819642 0.000000
vt  0.510366 -0.815958 0.000000
vt  0.510366 -0.815958 0.000000
vt  0.510128 -0.798918 0.000000
vt  0.494306 -0.793005 0.000000
vt  0.539060 -0.817904 0.000000
vt  0.539060 -0.797293 0.000000
vt  0.553722 -0.796049 0.000000
vt  0.553722 -0.796049 0.000000
vt  0.553722 -0.819148 0.000000
vt  0.539060 -0.817904 0.000000
vt  0.553722 -0.819148 0.000000
vt  0.553722 -0.796049 0.000000
vt  0.558398 -0.797596 0.000000
vt  0.558398 -0.797596 0.000000
vt  0.558398 -0.817601 0.000000
vt  0.553722 -0.819148 0.000000
vt  0.561820 -0.813373 0.000000
vt  0.558398 -0.817601 0.000000
vt  0.558398 -0.797596 0.000000
vt  0.558398 -0.797596 0.000000
vt  0.561820 -0.801824 0.000000
vt  0.561820 -0.813373 0.000000
vt  0.488125 -0.794051 0.000000
vt  0.488455 -0.817718 0.000000
vt  0.494677 -0.819642 0.000000
vt  0.494677 -0.819642 0.000000
vt  0.494306 -0.793005 0.000000
vt  0.488125 -0.794051 0.000000
vt  0.483344 -0.798971 0.000000
vt  0.483527 -0.812112 0.000000
vt  0.488455 -0.817718 0.000000
vt  0.488455 -0.817718 0.000000
vt  0.488125 -0.794051 0.000000
vt  0.483344 -0.798971 0.000000
vt  0.399464 -0.227205 0.000000
vt  0.399464 -0.227205 0.000000
vt  0.402963 -0.235653 0.000000
vt  0.402963 -0.235653 0.000000
vt  0.402963 -0.218756 0.000000
vt  0.402963 -0.218756 0.000000
vt  0.411411 -0.215257 0.000000
vt  0.411411 -0.215257 0.000000
vt  0.419859 -0.218756 0.000000
vt  0.419859 -0.218756 0.000000
vt  0.423358 -0.227205 0.000000
vt  0.423358 -0.227205 0.000000
vt  0.419859 -0.235653 0.000000
vt  0.419859 -0.235653 0.000000
vt  0.411411 -0.239152 0.000000
vt  0.411411 -0.239152 0.000000
vt  0.015494 -0.133750 0.000000
vt  0.015494 -0.144302 0.000000
vt  0.432549 -0.144302 0.000000
vt  0.432549 -0.133750 0.000000
vt  0.432549 -0.104783 0.000000
vt  0.015494 -0.104783 0.000000
vt  0.015494 -0.118257 0.000000
vt  0.432549 -0.118257 0.000000
vt  0.432549 -0.099561 0.000000
vt  0.015494 -0.099561 0.000000
vt  0.432549 -0.060393 0.000000
vt  0.015494 -0.060393 0.000000
vt  0.015494 -0.074338 0.000000
vt  0.432549 -0.074338 0.000000
vt  0.432549 -0.060393 0.000000
vt  0.003343 -0.118595 0.000000
vt  0.003343 -0.104359 0.000000
vt  0.001988 -0.099651 0.000000
vt  0.001988 -0.120422 0.000000
vt  0.015494 -0.120422 0.000000
vt  0.015494 -0.133750 0.000000
vt  0.432549 -0.133750 0.000000
vt  0.432549 -0.144302 0.000000
vt  0.015494 -0.144302 0.000000
vt  0.015494 -0.118257 0.000000
vt  0.015494 -0.106343 0.000000
vt  0.432549 -0.106343 0.000000
vt  0.432549 -0.118257 0.000000
vt  0.015494 -0.102301 0.000000
vt  0.432549 -0.102301 0.000000
vt  0.432549 -0.060393 0.000000
vt  0.432549 -0.074338 0.000000
vt  0.015494 -0.074338 0.000000
vt  0.015494 -0.060393 0.000000
vt  0.432549 -0.060393 0.000000
vt  0.003343 -0.118595 0.000000
vt  0.001988 -0.120422 0.000000
vt  0.001988 -0.102392 0.000000
vt  0.003343 -0.105919 0.000000
vt  0.015494 -0.120422 0.000000
vt  0.052311 -0.004852 0.000000
vt  0.052311 -0.012034 0.000000
vt  0.082853 -0.012034 0.000000
vt  0.082853 -0.004852 0.000000
vt  0.052311 -0.012034 0.000000
vt  0.082853 -0.012034 0.000000
vt  0.052311 -0.025864 0.000000
vt  0.082853 -0.025864 0.000000
vt  0.052311 -0.039291 0.000000
vt  0.082853 -0.039291 0.000000
vt  0.052311 -0.053182 0.000000
vt  0.082853 -0.053182 0.000000
vt  0.052311 -0.039291 0.000000
vt  0.052311 -0.053182 0.000000
vt  0.082853 -0.053182 0.000000
vt  0.082853 -0.039291 0.000000
vt  0.052311 -0.025864 0.000000
vt  0.082853 -0.025864 0.000000
vt  0.973812 -0.875350 0.000000
vt  0.960793 -0.875349 0.000000
vt  0.960793 -0.858418 0.000000
vt  0.973812 -0.858418 0.000000
vt  0.957106 -0.785733 0.000000
vt  0.942503 -0.785733 0.000000
vt  0.942503 -0.794768 0.000000
vt  0.957106 -0.794768 0.000000
vt  0.960793 -0.839718 0.000000
vt  0.973812 -0.839718 0.000000
vt  0.960793 -0.789983 0.000000
vt  0.973812 -0.789983 0.000000
vt  0.180955 -0.450454 0.000000
vt  0.177206 -0.439888 0.000000
vt  0.097083 -0.439692 0.000000
vt  0.094623 -0.450868 0.000000
vt  0.180955 -0.450454 0.000000
vt  0.957106 -0.782550 0.000000
vt  0.942503 -0.782550 0.000000
vt  0.177206 -0.439888 0.000000
vt  0.180955 -0.450454 0.000000
vt  0.094623 -0.450868 0.000000
vt  0.094623 -0.450868 0.000000
vt  0.097083 -0.439692 0.000000
vt  0.177206 -0.439888 0.000000
vt  0.960793 -0.774949 0.000000
vt  0.973812 -0.774949 0.000000
vt  0.094623 -0.450868 0.000000
vt  0.085804 -0.432582 0.000000
vt  0.075606 -0.437237 0.000000
vt  0.094623 -0.450868 0.000000
vt  0.942503 -0.782550 0.000000
vt  0.957106 -0.775874 0.000000
vt  0.942503 -0.775874 0.000000
vt  0.942503 -0.782550 0.000000
vt  0.097083 -0.439692 0.000000
vt  0.094623 -0.450868 0.000000
vt  0.075606 -0.437237 0.000000
vt  0.075606 -0.437237 0.000000
vt  0.085804 -0.432582 0.000000
vt  0.097083 -0.439692 0.000000
vt  0.960793 -0.732956 0.000000
vt  0.973812 -0.732956 0.000000
vt  0.062194 -0.370769 0.000000
vt  0.046169 -0.370603 0.000000
vt  0.075606 -0.437237 0.000000
vt  0.075606 -0.437237 0.000000
vt  0.957106 -0.740958 0.000000
vt  0.942503 -0.740958 0.000000
vt  0.942503 -0.775874 0.000000
vt  0.942503 -0.775874 0.000000
vt  0.046169 -0.370603 0.000000
vt  0.062194 -0.370769 0.000000
vt  0.085804 -0.432582 0.000000
vt  0.085804 -0.432582 0.000000
vt  0.075606 -0.437237 0.000000
vt  0.046169 -0.370603 0.000000
vt  0.960793 -0.706555 0.000000
vt  0.973812 -0.706555 0.000000
vt  0.046169 -0.370603 0.000000
vt  0.072028 -0.347186 0.000000
vt  0.006875 -0.347020 0.000000
vt  0.046169 -0.370603 0.000000
vt  0.942503 -0.740958 0.000000
vt  0.957106 -0.720209 0.000000
vt  0.942503 -0.720209 0.000000
vt  0.942503 -0.740958 0.000000
vt  0.062194 -0.370769 0.000000
vt  0.046169 -0.370603 0.000000
vt  0.006875 -0.347020 0.000000
vt  0.006875 -0.347020 0.000000
vt  0.072028 -0.347186 0.000000
vt  0.062194 -0.370769 0.000000
vt  0.922694 -0.562618 0.000000
vt  0.932288 -0.562618 0.000000
vt  0.932288 -0.533548 0.000000
vt  0.922694 -0.533548 0.000000
vt  0.673163 -0.785868 0.000000
vt  0.673163 -0.818890 0.000000
vt  0.690186 -0.816799 0.000000
vt  0.690186 -0.787959 0.000000
vt  0.932326 -0.495596 0.000000
vt  0.922732 -0.495614 0.000000
vt  0.922732 -0.477830 0.000000
vt  0.922732 -0.477830 0.000000
vt  0.932326 -0.477817 0.000000
vt  0.673292 -0.785587 0.000000
vt  0.673293 -0.818702 0.000000
vt  0.689288 -0.816605 0.000000
vt  0.689288 -0.816605 0.000000
vt  0.689287 -0.787683 0.000000
vt  0.922694 -0.495847 0.000000
vt  0.932288 -0.495847 0.000000
vt  0.932288 -0.477650 0.000000
vt  0.932288 -0.477650 0.000000
vt  0.922694 -0.477650 0.000000
vt  0.922694 -0.495847 0.000000
vt  0.922732 -0.495614 0.000000
vt  0.932326 -0.533888 0.000000
vt  0.932326 -0.533888 0.000000
vt  0.922732 -0.533888 0.000000
vt  0.922732 -0.495614 0.000000
vt  0.638225 -0.783777 0.000000
vt  0.638225 -0.783777 0.000000
vt  0.638225 -0.820981 0.000000
vt  0.932288 -0.495847 0.000000
vt  0.922694 -0.495847 0.000000
vt  0.932288 -0.495847 0.000000
vt  0.673293 -0.818702 0.000000
vt  0.637989 -0.783491 0.000000
vt  0.637989 -0.783491 0.000000
vt  0.637991 -0.820800 0.000000
vt  0.673293 -0.818702 0.000000
vt  0.586033 -0.670914 0.000000
vt  0.509720 -0.670914 0.000000
vt  0.509720 -0.726050 0.000000
vt  0.586031 -0.726050 0.000000
vt  0.291414 -0.753097 0.000000
vt  0.291414 -0.799754 0.000000
vt  0.225724 -0.799754 0.000000
vt  0.225724 -0.799754 0.000000
vt  0.194460 -0.753097 0.000000
vt  0.412933 -0.670914 0.000000
vt  0.412933 -0.670914 0.000000
vt  0.412933 -0.726050 0.000000
vt  0.194460 -0.753097 0.000000
vt  0.225724 -0.799754 0.000000
vt  0.291414 -0.799754 0.000000
vt  0.291414 -0.799754 0.000000
vt  0.291414 -0.753097 0.000000
vt  0.194460 -0.753097 0.000000
vt  0.965644 -0.987988 0.000000
vt  0.995750 -0.987779 0.000000
vt  0.995750 -0.975333 0.000000
vt  0.965644 -0.975333 0.000000
vt  0.945677 -0.987796 0.000000
vt  0.945677 -0.975333 0.000000
vt  0.904658 -0.987834 0.000000
vt  0.904658 -0.975333 0.000000
vt  0.817664 -0.987590 0.000000
vt  0.817664 -0.975333 0.000000
vt  0.768264 -0.987423 0.000000
vt  0.768264 -0.975333 0.000000
vt  0.727351 -0.987563 0.000000
vt  0.727351 -0.975333 0.000000
vt  0.689474 -0.987250 0.000000
vt  0.689474 -0.975333 0.000000
vt  0.710234 -0.896238 0.000000
vt  0.693240 -0.892882 0.000000
vt  0.697726 -0.861309 0.000000
vt  0.697726 -0.861309 0.000000
vt  0.724628 -0.876264 0.000000
vt  0.710234 -0.896238 0.000000
vt  0.748157 -0.867176 0.000000
vt  0.724628 -0.876264 0.000000
vt  0.697726 -0.861309 0.000000
vt  0.697726 -0.861309 0.000000
vt  0.675663 -0.834808 0.000000
vt  0.748157 -0.867176 0.000000
vt  0.748157 -0.867176 0.000000
vt  0.675663 -0.834808 0.000000
vt  0.711489 -0.800117 0.000000
vt  0.711489 -0.800117 0.000000
vt  0.747573 -0.812457 0.000000
vt  0.748157 -0.867176 0.000000
vt  0.748224 -0.868884 0.000000
vt  0.747640 -0.814165 0.000000
vt  0.711556 -0.801826 0.000000
vt  0.711556 -0.801826 0.000000
vt  0.675729 -0.836516 0.000000
vt  0.748224 -0.868884 0.000000
vt  0.748224 -0.868884 0.000000
vt  0.675729 -0.836516 0.000000
vt  0.697793 -0.863018 0.000000
vt  0.697793 -0.863018 0.000000
vt  0.724694 -0.877972 0.000000
vt  0.748224 -0.868884 0.000000
vt  0.697793 -0.863018 0.000000
vt  0.693307 -0.894591 0.000000
vt  0.710300 -0.897947 0.000000
vt  0.710300 -0.897947 0.000000
vt  0.724694 -0.877972 0.000000
vt  0.697793 -0.863018 0.000000
vt  0.760825 -0.918251 0.000000
vt  0.760825 -0.963742 0.000000
vt  0.700599 -0.963742 0.000000
vt  0.700599 -0.918252 0.000000
vt  0.034947 -0.649787 0.000000
vt  0.066392 -0.649787 0.000000
vt  0.066392 -0.552933 0.000000
vt  0.066392 -0.552933 0.000000
vt  0.047829 -0.554022 0.000000
vt  0.761145 -0.967480 0.000000
vt  0.761413 -0.913785 0.000000
vt  0.700709 -0.913785 0.000000
vt  0.700440 -0.967480 0.000000
vt  0.814276 -0.963741 0.000000
vt  0.814275 -0.918251 0.000000
vt  0.034947 -0.735570 0.000000
vt  0.066392 -0.735570 0.000000
vt  0.066392 -0.735570 0.000000
vt  0.066392 -0.649787 0.000000
vt  0.818532 -0.967480 0.000000
vt  0.818799 -0.913785 0.000000
vt  0.919062 -0.963741 0.000000
vt  0.873673 -0.963741 0.000000
vt  0.873672 -0.918251 0.000000
vt  0.919062 -0.918251 0.000000
vt  0.066392 -0.829134 0.000000
vt  0.034947 -0.829134 0.000000
vt  0.034947 -0.897778 0.000000
vt  0.066392 -0.897778 0.000000
vt  0.066392 -0.829134 0.000000
vt  0.874599 -0.967480 0.000000
vt  0.922705 -0.967480 0.000000
vt  0.922973 -0.913785 0.000000
vt  0.874866 -0.913785 0.000000
vt  0.361338 -0.955820 0.000000
vt  0.330057 -0.955814 0.000000
vt  0.330057 -0.994789 0.000000
vt  0.330057 -0.994789 0.000000
vt  0.361338 -0.994783 0.000000
vt  0.361338 -0.955820 0.000000
vt  0.007991 -0.649787 0.000000
vt  0.024377 -0.649787 0.000000
vt  0.024377 -0.561195 0.000000
vt  0.007991 -0.561195 0.000000
vt  0.007991 -0.649787 0.000000
vt  0.024377 -0.735570 0.000000
vt  0.007991 -0.649787 0.000000
vt  0.007991 -0.649787 0.000000
vt  0.007991 -0.735570 0.000000
vt  0.024473 -0.897778 0.000000
vt  0.024449 -0.829134 0.000000
vt  0.007991 -0.829134 0.000000
vt  0.007991 -0.829134 0.000000
vt  0.007991 -0.897778 0.000000
vt  0.034947 -0.829134 0.000000
vt  0.024449 -0.829134 0.000000
vt  0.024473 -0.897778 0.000000
vt  0.034947 -0.897778 0.000000
vt  0.034947 -0.735570 0.000000
vt  0.024377 -0.735570 0.000000
vt  0.034947 -0.649787 0.000000
vt  0.024377 -0.649787 0.000000
vt  0.034868 -0.561195 0.000000
vt  0.024377 -0.561195 0.000000
vt  0.278448 -0.581988 0.000000
vt  0.278448 -0.549425 0.000000
vt  0.269838 -0.549585 0.000000
vt  0.269838 -0.549585 0.000000
vt  0.269838 -0.582069 0.000000
vt  0.278448 -0.581988 0.000000
vt  0.379364 -0.719217 0.000000
vt  0.379364 -0.682299 0.000000
vt  0.371641 -0.682269 0.000000
vt  0.371641 -0.682269 0.000000
vt  0.371641 -0.719140 0.000000
vt  0.379364 -0.719217 0.000000
vt  0.269838 -0.582069 0.000000
vt  0.269838 -0.621818 0.000000
vt  0.278448 -0.621737 0.000000
vt  0.278448 -0.621737 0.000000
vt  0.278448 -0.581988 0.000000
vt  0.269838 -0.582069 0.000000
vt  0.379364 -0.682299 0.000000
vt  0.379364 -0.638115 0.000000
vt  0.371641 -0.638085 0.000000
vt  0.371641 -0.638085 0.000000
vt  0.371641 -0.682269 0.000000
vt  0.379364 -0.682299 0.000000
vt  0.278448 -0.660272 0.000000
vt  0.278448 -0.621737 0.000000
vt  0.269838 -0.621818 0.000000
vt  0.269838 -0.621818 0.000000
vt  0.269838 -0.660354 0.000000
vt  0.278448 -0.660272 0.000000
vt  0.379364 -0.638115 0.000000
vt  0.379364 -0.594283 0.000000
vt  0.371641 -0.594253 0.000000
vt  0.371641 -0.594253 0.000000
vt  0.371641 -0.638085 0.000000
vt  0.379364 -0.638115 0.000000
vt  0.269838 -0.660354 0.000000
vt  0.269838 -0.700930 0.000000
vt  0.278448 -0.700857 0.000000
vt  0.278448 -0.700857 0.000000
vt  0.278448 -0.660272 0.000000
vt  0.269838 -0.660354 0.000000
vt  0.379364 -0.594283 0.000000
vt  0.379364 -0.547930 0.000000
vt  0.371641 -0.547912 0.000000
vt  0.371641 -0.547912 0.000000
vt  0.371641 -0.594253 0.000000
vt  0.379364 -0.594283 0.000000
vt  0.312608 -0.963093 0.000000
vt  0.299877 -0.963008 0.000000
vt  0.299877 -0.987595 0.000000
vt  0.299877 -0.987595 0.000000
vt  0.312608 -0.987509 0.000000
vt  0.941128 -0.852985 0.000000
vt  0.941128 -0.874660 0.000000
vt  0.953516 -0.874654 0.000000
vt  0.953516 -0.852978 0.000000
vt  0.941128 -0.816237 0.000000
vt  0.953516 -0.816229 0.000000
vt  0.941127 -0.789604 0.000000
vt  0.953515 -0.789597 0.000000
vt  0.941128 -0.766290 0.000000
vt  0.953516 -0.766282 0.000000
vt  0.941128 -0.735761 0.000000
vt  0.953516 -0.735754 0.000000
vt  0.941127 -0.708815 0.000000
vt  0.953516 -0.708808 0.000000
vt  0.072191 -0.851377 0.000000
vt  0.096936 -0.843413 0.000000
vt  0.090266 -0.783069 0.000000
vt  0.090266 -0.783069 0.000000
vt  0.072191 -0.778312 0.000000
vt  0.072191 -0.851377 0.000000
vt  0.072191 -0.894451 0.000000
vt  0.126190 -0.888310 0.000000
vt  0.096936 -0.843413 0.000000
vt  0.096936 -0.843413 0.000000
vt  0.072191 -0.851377 0.000000
vt  0.072191 -0.894451 0.000000
vt  0.096936 -0.843413 0.000000
vt  0.126190 -0.888310 0.000000
vt  0.072191 -0.894451 0.000000
vt  0.072191 -0.894451 0.000000
vt  0.072191 -0.851377 0.000000
vt  0.096936 -0.843413 0.000000
vt  0.090266 -0.783069 0.000000
vt  0.096936 -0.843413 0.000000
vt  0.072191 -0.851377 0.000000
vt  0.072191 -0.851377 0.000000
vt  0.072191 -0.778312 0.000000
vt  0.090266 -0.783069 0.000000
vt  0.369357 -0.600368 0.000000
vt  0.405073 -0.598453 0.000000
vt  0.405073 -0.534614 0.000000
vt  0.372113 -0.527824 0.000000
vt  0.257622 -0.485406 0.000000
vt  0.257622 -0.602446 0.000000
vt  0.283951 -0.600569 0.000000
vt  0.289701 -0.493647 0.000000
vt  0.376871 -0.727862 0.000000
vt  0.405073 -0.727862 0.000000
vt  0.286807 -0.708566 0.000000
vt  0.329409 -0.727775 0.000000
vt  0.326100 -0.598875 0.000000
vt  0.257622 -0.706943 0.000000
vt  0.252862 -0.716265 0.000000
vt  0.280835 -0.716513 0.000000
vt  0.252552 -0.727862 0.000000
vt  0.281230 -0.727862 0.000000
vt  0.332384 -0.511053 0.000000
vt  0.736236 -0.648904 0.000000
vt  0.743198 -0.685433 0.000000
vt  0.826548 -0.687132 0.000000
vt  0.870987 -0.649798 0.000000
vt  0.861281 -0.627747 0.000000
vt  0.733381 -0.626124 0.000000
vt  0.921564 -0.893531 0.000000
vt  0.753959 -0.893531 0.000000
vt  0.753959 -0.904084 0.000000
vt  0.921564 -0.904084 0.000000
vt  0.753959 -0.855547 0.000000
vt  0.921564 -0.855547 0.000000
vt  0.921564 -0.810740 0.000000
vt  0.753959 -0.810740 0.000000
vt  0.754290 -0.770715 0.000000
vt  0.753959 -0.794863 0.000000
vt  0.921334 -0.794864 0.000000
vt  0.920420 -0.770691 0.000000
vt  0.004651 -0.403331 0.000000
vt  0.004651 -0.374194 0.000000
vt  0.032955 -0.378725 0.000000
vt  0.032955 -0.378725 0.000000
vt  0.039989 -0.404509 0.000000
vt  0.835295 -0.745545 0.000000
vt  0.891608 -0.686458 0.000000
vt  0.891608 -0.686458 0.000000
vt  0.748112 -0.718106 0.000000
vt  0.821305 -0.719927 0.000000
vt  0.750647 -0.745545 0.000000
vt  0.731348 -0.604950 0.000000
vt  0.854005 -0.604950 0.000000
vt  0.961300 -0.796958 0.000000
vt  0.952591 -0.796958 0.000000
vt  0.952591 -0.813572 0.000000
vt  0.961300 -0.813572 0.000000
vt  0.952590 -0.819849 0.000000
vt  0.961300 -0.819848 0.000000
vt  0.952591 -0.790866 0.000000
vt  0.961300 -0.790866 0.000000
vt  0.961302 -0.762271 0.000000
vt  0.952592 -0.762270 0.000000
vt  0.360285 -0.499371 0.000000
vt  0.360285 -0.448764 0.000000
vt  0.345397 -0.437690 0.000000
vt  0.345397 -0.437690 0.000000
vt  0.345397 -0.511362 0.000000
vt  0.360285 -0.499371 0.000000
vt  0.952592 -0.849210 0.000000
vt  0.952592 -0.849210 0.000000
vt  0.961301 -0.849210 0.000000
vt  0.360285 -0.448764 0.000000
vt  0.360285 -0.499371 0.000000
vt  0.345397 -0.511362 0.000000
vt  0.345397 -0.511362 0.000000
vt  0.345397 -0.437690 0.000000
vt  0.360285 -0.448764 0.000000
vt  0.959749 -0.748767 0.000000
vt  0.975414 -0.748767 0.000000
vt  0.975415 -0.696354 0.000000
vt  0.959749 -0.696354 0.000000
vt  0.959750 -0.816764 0.000000
vt  0.959750 -0.844188 0.000000
vt  0.975414 -0.844188 0.000000
vt  0.975414 -0.816764 0.000000
vt  0.237568 -0.912783 0.000000
vt  0.263877 -0.876482 0.000000
vt  0.208696 -0.876482 0.000000
vt  0.208696 -0.876482 0.000000
vt  0.208696 -0.912783 0.000000
vt  0.237568 -0.912783 0.000000
vt  0.208696 -0.876482 0.000000
vt  0.263877 -0.876482 0.000000
vt  0.237568 -0.912783 0.000000
vt  0.237568 -0.912783 0.000000
vt  0.208696 -0.912783 0.000000
vt  0.208696 -0.876482 0.000000
vt  0.959749 -0.789460 0.000000
vt  0.959750 -0.807276 0.000000
vt  0.975414 -0.807276 0.000000
vt  0.975414 -0.789460 0.000000
vt  0.245120 -0.919323 0.000000
vt  0.237568 -0.912783 0.000000
vt  0.263877 -0.876482 0.000000
vt  0.263877 -0.876482 0.000000
vt  0.263877 -0.919323 0.000000
vt  0.245120 -0.919323 0.000000
vt  0.245120 -0.919323 0.000000
vt  0.263877 -0.919323 0.000000
vt  0.263877 -0.876482 0.000000
vt  0.263877 -0.876482 0.000000
vt  0.237568 -0.912783 0.000000
vt  0.245120 -0.919323 0.000000
vt  0.819342 -0.988803 0.000000
vt  0.819342 -0.993295 0.000000
vt  0.901410 -0.993295 0.000000
vt  0.901410 -0.988803 0.000000
vt  0.483169 -0.784310 0.000000
vt  0.483169 -0.829330 0.000000
vt  0.518063 -0.827439 0.000000
vt  0.518063 -0.786200 0.000000
vt  0.358065 -0.808140 0.000000
vt  0.295792 -0.810359 0.000000
vt  0.295792 -0.853632 0.000000
vt  0.363262 -0.853632 0.000000
vt  0.295792 -0.767764 0.000000
vt  0.328230 -0.769506 0.000000
vt  0.358065 -0.808140 0.000000
vt  0.295792 -0.810359 0.000000
vt  0.295792 -0.767764 0.000000
vt  0.901410 -0.988803 0.000000
vt  0.819342 -0.988803 0.000000
vt  0.819342 -0.993418 0.000000
vt  0.901410 -0.993418 0.000000
vt  0.541035 -0.827440 0.000000
vt  0.541035 -0.786200 0.000000
vt  0.295792 -0.767764 0.000000
vt  0.328230 -0.769506 0.000000
vt  0.295792 -0.767764 0.000000
vt  0.363262 -0.853632 0.000000
vt  0.295792 -0.853632 0.000000
vt  0.635481 -0.784310 0.000000
vt  0.614519 -0.784310 0.000000
vt  0.614519 -0.829330 0.000000
vt  0.635481 -0.829330 0.000000
vt  0.231360 -0.853632 0.000000
vt  0.236273 -0.826569 0.000000
vt  0.231360 -0.853632 0.000000
vt  0.236273 -0.826569 0.000000
vt  0.231360 -0.853632 0.000000
vt  0.236273 -0.826569 0.000000
vt  0.770718 -0.988803 0.000000
vt  0.770718 -0.993418 0.000000
vt  0.770718 -0.993418 0.000000
vt  0.565996 -0.827440 0.000000
vt  0.565996 -0.786200 0.000000
vt  0.770718 -0.988803 0.000000
vt  0.770718 -0.993295 0.000000
vt  0.770718 -0.988803 0.000000
vt  0.328230 -0.803844 0.000000
vt  0.295792 -0.808375 0.000000
vt  0.295792 -0.767764 0.000000
vt  0.295792 -0.767764 0.000000
vt  0.328230 -0.769506 0.000000
vt  0.328230 -0.803844 0.000000
vt  0.295792 -0.808375 0.000000
vt  0.328230 -0.803844 0.000000
vt  0.328230 -0.769506 0.000000
vt  0.328230 -0.769506 0.000000
vt  0.295792 -0.767764 0.000000
vt  0.295792 -0.808375 0.000000
vt  0.943822 -0.993295 0.000000
vt  0.943822 -0.988803 0.000000
vt  0.943822 -0.993295 0.000000
vt  0.943822 -0.993418 0.000000
vt  0.943822 -0.988803 0.000000
vt  0.943822 -0.993418 0.000000
vt  0.429496 -0.789195 0.000000
vt  0.435733 -0.789195 0.000000
vt  0.435733 -0.777761 0.000000
vt  0.428507 -0.777761 0.000000
vt  0.380761 -0.788922 0.000000
vt  0.375407 -0.788922 0.000000
vt  0.376380 -0.777761 0.000000
vt  0.381782 -0.777761 0.000000
vt  0.934630 -0.149436 0.000000
vt  0.930346 -0.149436 0.000000
vt  0.930332 -0.193872 0.000000
vt  0.934628 -0.193872 0.000000
vt  0.934630 -0.149436 0.000000
vt  0.381780 -0.777761 0.000000
vt  0.376362 -0.777761 0.000000
vt  0.375414 -0.789195 0.000000
vt  0.380763 -0.789195 0.000000
vt  0.381780 -0.777761 0.000000
vt  0.423048 -0.777761 0.000000
vt  0.424068 -0.788922 0.000000
vt  0.934630 -0.149436 0.000000
vt  0.967357 -0.193872 0.000000
vt  0.967354 -0.149436 0.000000
vt  0.934630 -0.149436 0.000000
vt  0.424073 -0.789195 0.000000
vt  0.423052 -0.777761 0.000000
vt  0.423052 -0.777761 0.000000
vt  0.381780 -0.777761 0.000000
vt  0.376380 -0.733325 0.000000
vt  0.369173 -0.733325 0.000000
vt  0.369173 -0.777761 0.000000
vt  0.376362 -0.777761 0.000000
vt  0.376380 -0.733325 0.000000
vt  0.428511 -0.777761 0.000000
vt  0.429487 -0.788922 0.000000
vt  0.971686 -0.149436 0.000000
vt  0.967354 -0.149436 0.000000
vt  0.971683 -0.193872 0.000000
vt  0.971686 -0.149436 0.000000
vt  0.423052 -0.777761 0.000000
vt  0.369173 -0.789195 0.000000
vt  0.376362 -0.777761 0.000000
vt  0.435733 -0.733325 0.000000
vt  0.428511 -0.733325 0.000000
vt  0.428511 -0.733325 0.000000
vt  0.435733 -0.777761 0.000000
vt  0.435733 -0.777761 0.000000
vt  0.435733 -0.788922 0.000000
vt  0.448281 -0.777761 0.000000
vt  0.448308 -0.733325 0.000000
vt  0.448281 -0.777761 0.000000
vt  0.369173 -0.777761 0.000000
vt  0.369173 -0.788922 0.000000
vt  0.369173 -0.777761 0.000000
vt  0.448308 -0.733325 0.000000
vt  0.448281 -0.777761 0.000000
vt  0.435733 -0.777761 0.000000
vt  0.435733 -0.777761 0.000000
vt  0.435733 -0.733325 0.000000
vt  0.448308 -0.733325 0.000000
vt  0.566088 -0.995737 0.000000
vt  0.566088 -0.990395 0.000000
vt  0.574415 -0.990395 0.000000
vt  0.574415 -0.995737 0.000000
vt  0.566088 -0.983852 0.000000
vt  0.574415 -0.983852 0.000000
vt  0.566088 -0.967228 0.000000
vt  0.574415 -0.967228 0.000000
vt  0.566088 -0.953315 0.000000
vt  0.574415 -0.953315 0.000000
vt  0.566088 -0.947973 0.000000
vt  0.574415 -0.947973 0.000000
vt  0.566088 -0.959858 0.000000
vt  0.574415 -0.959858 0.000000
vt  0.566088 -0.976482 0.000000
vt  0.574415 -0.976482 0.000000
vt  0.614522 -0.813105 0.000000
vt  0.617399 -0.813105 0.000000
vt  0.617399 -0.805854 0.000000
vt  0.614522 -0.805854 0.000000
vt  0.606633 -0.805854 0.000000
vt  0.606633 -0.813105 0.000000
vt  0.317509 -0.733129 0.000000
vt  0.317509 -0.766314 0.000000
vt  0.363970 -0.766314 0.000000
vt  0.363970 -0.766314 0.000000
vt  0.363970 -0.733129 0.000000
vt  0.317509 -0.733129 0.000000
vt  0.629407 -0.813105 0.000000
vt  0.629407 -0.805854 0.000000
vt  0.317509 -0.766314 0.000000
vt  0.317509 -0.733129 0.000000
vt  0.363970 -0.733129 0.000000
vt  0.363970 -0.733129 0.000000
vt  0.363970 -0.766314 0.000000
vt  0.317509 -0.766314 0.000000
vt  0.295886 -0.759766 0.000000
vt  0.295885 -0.733129 0.000000
vt  0.317509 -0.733129 0.000000
vt  0.317509 -0.733129 0.000000
vt  0.317509 -0.766314 0.000000
vt  0.629407 -0.813105 0.000000
vt  0.641894 -0.812354 0.000000
vt  0.641894 -0.806605 0.000000
vt  0.295885 -0.733129 0.000000
vt  0.295886 -0.759766 0.000000
vt  0.317509 -0.733129 0.000000
vt  0.594680 -0.806605 0.000000
vt  0.594680 -0.806605 0.000000
vt  0.594680 -0.812354 0.000000
vt  0.217238 -0.518146 0.000000
vt  0.249600 -0.518146 0.000000
vt  0.249600 -0.513467 0.000000
vt  0.217238 -0.513467 0.000000
vt  0.249600 -0.539569 0.000000
vt  0.203307 -0.539569 0.000000
vt  0.203307 -0.539569 0.000000
vt  0.249600 -0.539569 0.000000
vt  0.377046 -0.330089 0.000000
vt  0.377046 -0.339625 0.000000
vt  0.394881 -0.339625 0.000000
vt  0.394881 -0.330089 0.000000
vt  0.377046 -0.339625 0.000000
vt  0.394881 -0.339625 0.000000
vt  0.377046 -0.362647 0.000000
vt  0.394881 -0.362647 0.000000
vt  0.377046 -0.385669 0.000000
vt  0.394881 -0.385669 0.000000
vt  0.377046 -0.395205 0.000000
vt  0.394881 -0.395205 0.000000
vt  0.377046 -0.385669 0.000000
vt  0.394881 -0.385669 0.000000
vt  0.377046 -0.362647 0.000000
vt  0.394881 -0.362647 0.000000
vt  0.222608 -0.362647 0.000000
vt  0.235741 -0.362647 0.000000
vt  0.235741 -0.339625 0.000000
vt  0.222608 -0.346915 0.000000
vt  0.235741 -0.330089 0.000000
vt  0.222608 -0.340398 0.000000
vt  0.235741 -0.339625 0.000000
vt  0.222608 -0.346915 0.000000
vt  0.235741 -0.362647 0.000000
vt  0.222608 -0.362647 0.000000
vt  0.235741 -0.385669 0.000000
vt  0.222608 -0.378380 0.000000
vt  0.235741 -0.395205 0.000000
vt  0.222608 -0.384896 0.000000
vt  0.235741 -0.385669 0.000000
vt  0.222608 -0.378380 0.000000
vt  0.349359 -0.331498 0.000000
vt  0.349359 -0.362647 0.000000
vt  0.370293 -0.362647 0.000000
vt  0.370293 -0.331498 0.000000
vt  0.349359 -0.393797 0.000000
vt  0.370293 -0.393797 0.000000
vt  0.349359 -0.406699 0.000000
vt  0.370293 -0.406699 0.000000
vt  0.349359 -0.393797 0.000000
vt  0.370293 -0.393797 0.000000
vt  0.349359 -0.362647 0.000000
vt  0.370293 -0.362647 0.000000
vt  0.349359 -0.331498 0.000000
vt  0.370293 -0.331498 0.000000
vt  0.349359 -0.318595 0.000000
vt  0.370293 -0.318595 0.000000
vt  0.343492 -0.362647 0.000000
vt  0.343492 -0.339625 0.000000
vt  0.343492 -0.385669 0.000000
vt  0.343492 -0.395205 0.000000
vt  0.343492 -0.385669 0.000000
vt  0.343492 -0.362647 0.000000
vt  0.343492 -0.339625 0.000000
vt  0.343492 -0.330089 0.000000
vt  0.217238 -0.513467 0.000000
vt  0.249600 -0.513467 0.000000
vt  0.249600 -0.518146 0.000000
vt  0.217238 -0.518146 0.000000
vt  0.249600 -0.539569 0.000000
vt  0.203307 -0.539569 0.000000
vt  0.203307 -0.539569 0.000000
vt  0.249600 -0.539569 0.000000
vt  0.217238 -0.518146 0.000000
vt  0.249600 -0.518146 0.000000
vt  0.249600 -0.513467 0.000000
vt  0.217238 -0.513467 0.000000
vt  0.249600 -0.539569 0.000000
vt  0.203307 -0.539569 0.000000
vt  0.203307 -0.539569 0.000000
vt  0.249600 -0.539569 0.000000
vt  0.034947 -0.649787 0.000000
vt  0.066392 -0.649787 0.000000
vt  0.066392 -0.735570 0.000000
vt  0.066392 -0.735570 0.000000
vt  0.034947 -0.735570 0.000000
vt  0.066392 -0.829134 0.000000
vt  0.066392 -0.897778 0.000000
vt  0.034947 -0.897778 0.000000
vt  0.034947 -0.829134 0.000000
vt  0.066392 -0.829134 0.000000
vt  0.024377 -0.561195 0.000000
vt  0.024377 -0.649787 0.000000
vt  0.007991 -0.649787 0.000000
vt  0.007991 -0.649787 0.000000
vt  0.007991 -0.561195 0.000000
vt  0.024377 -0.735570 0.000000
vt  0.007991 -0.735570 0.000000
vt  0.007991 -0.649787 0.000000
vt  0.007991 -0.649787 0.000000
vt  0.024473 -0.897778 0.000000
vt  0.007991 -0.897778 0.000000
vt  0.007991 -0.829134 0.000000
vt  0.007991 -0.829134 0.000000
vt  0.024449 -0.829134 0.000000
vt  0.034947 -0.829134 0.000000
vt  0.034947 -0.897778 0.000000
vt  0.024473 -0.897778 0.000000
vt  0.024449 -0.829134 0.000000
vt  0.024377 -0.735570 0.000000
vt  0.034947 -0.735570 0.000000
vt  0.034947 -0.649787 0.000000
vt  0.024377 -0.649787 0.000000
vt  0.024377 -0.561195 0.000000
vt  0.034868 -0.561195 0.000000
vt  0.024377 -0.561195 0.000000
vt  0.279319 -0.581393 0.000000
vt  0.270638 -0.581475 0.000000
vt  0.270638 -0.548728 0.000000
vt  0.270638 -0.548728 0.000000
vt  0.279319 -0.548566 0.000000
vt  0.279319 -0.581393 0.000000
vt  0.380445 -0.719653 0.000000
vt  0.372503 -0.719574 0.000000
vt  0.372503 -0.681657 0.000000
vt  0.372503 -0.681657 0.000000
vt  0.380445 -0.681688 0.000000
vt  0.380445 -0.719653 0.000000
vt  0.279319 -0.581393 0.000000
vt  0.279319 -0.621464 0.000000
vt  0.270638 -0.621547 0.000000
vt  0.270638 -0.621547 0.000000
vt  0.270638 -0.581475 0.000000
vt  0.279319 -0.581393 0.000000
vt  0.372503 -0.681657 0.000000
vt  0.372503 -0.636220 0.000000
vt  0.380445 -0.636250 0.000000
vt  0.380445 -0.636250 0.000000
vt  0.380445 -0.681688 0.000000
vt  0.372503 -0.681657 0.000000
vt  0.279319 -0.660312 0.000000
vt  0.270638 -0.660395 0.000000
vt  0.270638 -0.621547 0.000000
vt  0.270638 -0.621547 0.000000
vt  0.279319 -0.621464 0.000000
vt  0.279319 -0.660312 0.000000
vt  0.380445 -0.636250 0.000000
vt  0.372503 -0.636220 0.000000
vt  0.372503 -0.591144 0.000000
vt  0.372503 -0.591144 0.000000
vt  0.380445 -0.591174 0.000000
vt  0.380445 -0.636250 0.000000
vt  0.279319 -0.660312 0.000000
vt  0.279319 -0.701227 0.000000
vt  0.270639 -0.701301 0.000000
vt  0.270638 -0.660395 0.000000
vt  0.279319 -0.660312 0.000000
vt  0.372503 -0.591144 0.000000
vt  0.372503 -0.543488 0.000000
vt  0.380445 -0.543506 0.000000
vt  0.380445 -0.543506 0.000000
vt  0.380445 -0.591174 0.000000
vt  0.372503 -0.591144 0.000000
vt  0.460689 -0.769326 0.000000
vt  0.460688 -0.739214 0.000000
vt  0.555909 -0.739202 0.000000
vt  0.555909 -0.769315 0.000000
vt  0.453352 -0.776681 0.000000
vt  0.563243 -0.776694 0.000000
vt  0.453352 -0.731834 0.000000
vt  0.563243 -0.731848 0.000000
vt  0.166394 -0.503372 0.000000
vt  0.186262 -0.503372 0.000000
vt  0.186262 -0.460033 0.000000
vt  0.166394 -0.460034 0.000000
vt  0.146527 -0.503371 0.000000
vt  0.146527 -0.460034 0.000000
vt  0.126659 -0.503371 0.000000
vt  0.126659 -0.460034 0.000000
vt  0.106790 -0.503372 0.000000
vt  0.106790 -0.460034 0.000000
vt  0.086922 -0.503372 0.000000
vt  0.086922 -0.460034 0.000000
vt  0.226000 -0.503372 0.000000
vt  0.245868 -0.503372 0.000000
vt  0.245868 -0.460033 0.000000
vt  0.245868 -0.460033 0.000000
vt  0.226000 -0.460033 0.000000
vt  0.206131 -0.503372 0.000000
vt  0.206131 -0.460033 0.000000
vt  0.343378 -0.014215 0.000000
vt  0.347309 -0.019807 0.000000
vt  0.374355 -0.019807 0.000000
vt  0.368997 -0.014215 0.000000
vt  0.646963 -0.712412 0.000000
vt  0.640953 -0.701053 0.000000
vt  0.633643 -0.701972 0.000000
vt  0.641492 -0.719086 0.000000
vt  0.658940 -0.716039 0.000000
vt  0.659100 -0.724123 0.000000
vt  0.670012 -0.710645 0.000000
vt  0.675785 -0.716996 0.000000
vt  0.674751 -0.698793 0.000000
vt  0.681854 -0.699529 0.000000
vt  0.669401 -0.686858 0.000000
vt  0.674687 -0.682110 0.000000
vt  0.656797 -0.682496 0.000000
vt  0.656610 -0.676047 0.000000
vt  0.644866 -0.688414 0.000000
vt  0.639094 -0.683780 0.000000
vt  0.216664 -0.719890 0.000000
vt  0.222951 -0.719890 0.000000
vt  0.222951 -0.667605 0.000000
vt  0.216664 -0.667605 0.000000
vt  0.190024 -0.719890 0.000000
vt  0.196311 -0.719890 0.000000
vt  0.196311 -0.667397 0.000000
vt  0.190024 -0.667397 0.000000
vt  0.243304 -0.719890 0.000000
vt  0.243304 -0.667397 0.000000
vt  0.243304 -0.667397 0.000000
vt  0.201772 -0.018637 0.000000
vt  0.202001 -0.028388 0.000000
vt  0.379208 -0.026626 0.000000
vt  0.405073 -0.534614 0.000000
vt  0.405073 -0.598453 0.000000
vt  0.369357 -0.600368 0.000000
vt  0.372113 -0.527824 0.000000
vt  0.405073 -0.534614 0.000000
vt  0.289701 -0.493647 0.000000
vt  0.283951 -0.600569 0.000000
vt  0.257622 -0.602446 0.000000
vt  0.257622 -0.602446 0.000000
vt  0.257622 -0.485406 0.000000
vt  0.405073 -0.727862 0.000000
vt  0.376871 -0.727862 0.000000
vt  0.405073 -0.598453 0.000000
vt  0.405073 -0.727862 0.000000
vt  0.329409 -0.727775 0.000000
vt  0.286807 -0.708566 0.000000
vt  0.326100 -0.598875 0.000000
vt  0.257622 -0.706943 0.000000
vt  0.257622 -0.706943 0.000000
vt  0.257622 -0.602446 0.000000
vt  0.252862 -0.716265 0.000000
vt  0.257622 -0.706943 0.000000
vt  0.280835 -0.716513 0.000000
vt  0.252862 -0.716265 0.000000
vt  0.252552 -0.727862 0.000000
vt  0.252862 -0.716265 0.000000
vt  0.281230 -0.727862 0.000000
vt  0.252552 -0.727862 0.000000
vt  0.332384 -0.511053 0.000000
vt  0.736236 -0.648904 0.000000
vt  0.870987 -0.649798 0.000000
vt  0.826548 -0.687132 0.000000
vt  0.743198 -0.685433 0.000000
vt  0.861281 -0.627747 0.000000
vt  0.733381 -0.626124 0.000000
vt  0.921564 -0.893531 0.000000
vt  0.921564 -0.904084 0.000000
vt  0.753959 -0.904084 0.000000
vt  0.753959 -0.904084 0.000000
vt  0.753959 -0.893531 0.000000
vt  0.753959 -0.855547 0.000000
vt  0.921564 -0.855547 0.000000
vt  0.753959 -0.810740 0.000000
vt  0.921564 -0.810740 0.000000
vt  0.754290 -0.770715 0.000000
vt  0.920420 -0.770691 0.000000
vt  0.921334 -0.794864 0.000000
vt  0.753959 -0.794863 0.000000
vt  0.004651 -0.374194 0.000000
vt  0.004651 -0.403331 0.000000
vt  0.039989 -0.404509 0.000000
vt  0.032955 -0.378725 0.000000
vt  0.004651 -0.374194 0.000000
vt  0.891608 -0.686458 0.000000
vt  0.835295 -0.745545 0.000000
vt  0.891608 -0.686458 0.000000
vt  0.748112 -0.718106 0.000000
vt  0.821305 -0.719927 0.000000
vt  0.750647 -0.745545 0.000000
vt  0.004651 -0.432807 0.000000
vt  0.041219 -0.443689 0.000000
vt  0.004651 -0.403331 0.000000
vt  0.731348 -0.604950 0.000000
vt  0.854005 -0.604950 0.000000
vt  0.731348 -0.604950 0.000000
vt  0.605324 -0.048635 0.000000
vt  0.604564 -0.061165 0.000000
vt  0.521811 -0.061165 0.000000
vt  0.520084 -0.048635 0.000000
vt  0.605324 -0.039115 0.000000
vt  0.520084 -0.039115 0.000000
vt  0.603115 -0.028713 0.000000
vt  0.521811 -0.028713 0.000000
vt  0.532324 -0.017896 0.000000
vt  0.593221 -0.017896 0.000000
vt  0.602203 -0.072463 0.000000
vt  0.532324 -0.072463 0.000000
vt  0.932112 -0.012732 0.000000
vt  0.932089 -0.428653 0.000000
vt  0.968059 -0.428653 0.000000
vt  0.968082 -0.012732 0.000000
vt  0.933057 -0.007881 0.000000
vt  0.921189 -0.007881 0.000000
vt  0.921188 -0.426218 0.000000
vt  0.921188 -0.426218 0.000000
vt  0.933055 -0.428459 0.000000
vt  0.932089 -0.428653 0.000000
vt  0.932089 -0.437380 0.000000
vt  0.932089 -0.437380 0.000000
vt  0.932089 -0.428653 0.000000
vt  0.932113 -0.004003 0.000000
vt  0.932112 -0.012732 0.000000
vt  0.932112 -0.012732 0.000000
vt  0.932112 -0.012732 0.000000
vt  0.932113 -0.004003 0.000000
vt  0.933057 -0.007881 0.000000
vt  0.933055 -0.428459 0.000000
vt  0.921188 -0.426218 0.000000
vt  0.921188 -0.426218 0.000000
vt  0.921189 -0.007881 0.000000
vt  0.933057 -0.007881 0.000000
vt  0.217225 -0.656650 0.000000
vt  0.217225 -0.656651 0.000000
vt  0.217225 -0.656651 0.000000
vt  0.217225 -0.656651 0.000000
vt  0.185833 -0.551178 0.000000
vt  0.185741 -0.656625 0.000000
vt  0.248709 -0.656659 0.000000
vt  0.248757 -0.551211 0.000000
vt  0.020317 -0.833307 0.000000
vt  0.020317 -0.817568 0.000000
vt  0.012931 -0.817578 0.000000
vt  0.012931 -0.817578 0.000000
vt  0.012931 -0.833318 0.000000
vt  0.020317 -0.833307 0.000000
vt  0.012931 -0.841729 0.000000
vt  0.020317 -0.841737 0.000000
vt  0.020317 -0.833307 0.000000
vt  0.020317 -0.833307 0.000000
vt  0.012931 -0.833318 0.000000
vt  0.012931 -0.841729 0.000000
vt  0.020317 -0.857479 0.000000
vt  0.020317 -0.841737 0.000000
vt  0.012931 -0.841729 0.000000
vt  0.012931 -0.841729 0.000000
vt  0.012931 -0.857471 0.000000
vt  0.020317 -0.857479 0.000000
vt  0.012931 -0.857471 0.000000
vt  0.012931 -0.865888 0.000000
vt  0.020317 -0.865915 0.000000
vt  0.020317 -0.865915 0.000000
vt  0.020317 -0.857479 0.000000
vt  0.012931 -0.857471 0.000000
vt  0.913264 -0.433759 0.000000
vt  0.913264 -0.416656 0.000000
vt  0.550601 -0.416708 0.000000
vt  0.538780 -0.433800 0.000000
vt  0.594898 -0.835763 0.000000
vt  0.594898 -0.877566 0.000000
vt  0.650858 -0.877541 0.000000
vt  0.650858 -0.835788 0.000000
vt  0.412130 -0.342760 0.000000
vt  0.419797 -0.388778 0.000000
vt  0.538782 -0.433759 0.000000
vt  0.511177 -0.299224 0.000000
vt  0.566526 -0.877566 0.000000
vt  0.566526 -0.835763 0.000000
vt  0.558324 -0.877566 0.000000
vt  0.563021 -0.880072 0.000000
vt  0.563021 -0.833257 0.000000
vt  0.558324 -0.835763 0.000000
vt  0.566526 -0.835763 0.000000
vt  0.566526 -0.835763 0.000000
vt  0.527236 -0.388587 0.000000
vt  0.544242 -0.384042 0.000000
vt  0.960633 -0.651859 0.000000
vt  0.957209 -0.521966 0.000000
vt  0.963477 -0.571321 0.000000
vt  0.963477 -0.571321 0.000000
vt  0.965711 -0.651810 0.000000
vt  0.960633 -0.651859 0.000000
vt  0.946026 -0.721174 0.000000
vt  0.953411 -0.721157 0.000000
vt  0.953409 -0.886834 0.000000
vt  0.946030 -0.886851 0.000000
vt  0.946026 -0.721174 0.000000
vt  0.953406 -0.898827 0.000000
vt  0.946033 -0.898756 0.000000
vt  0.946030 -0.886851 0.000000
vt  0.946030 -0.886851 0.000000
vt  0.957559 -0.437972 0.000000
vt  0.965339 -0.437974 0.000000
vt  0.965314 -0.453474 0.000000
vt  0.958955 -0.453481 0.000000
vt  0.960675 -0.467530 0.000000
vt  0.964961 -0.467531 0.000000
vt  0.964921 -0.485083 0.000000
vt  0.961713 -0.485075 0.000000
vt  0.965197 -0.523069 0.000000
vt  0.957497 -0.522951 0.000000
vt  0.964688 -0.554818 0.000000
vt  0.956663 -0.557029 0.000000
vt  0.992007 -0.681772 0.000000
vt  0.992007 -0.717001 0.000000
vt  0.944511 -0.717001 0.000000
vt  0.944511 -0.717001 0.000000
vt  0.944511 -0.681772 0.000000
vt  0.993963 -0.835810 0.000000
vt  0.993963 -0.874647 0.000000
vt  0.942555 -0.874647 0.000000
vt  0.942555 -0.835810 0.000000
vt  0.993963 -0.791827 0.000000
vt  0.942555 -0.791832 0.000000
vt  0.561165 -0.342649 0.000000
vt  0.532481 -0.332553 0.000000
vt  0.544223 -0.383445 0.000000
vt  0.544223 -0.383445 0.000000
vt  0.562502 -0.376221 0.000000
vt  0.561165 -0.342649 0.000000
vt  0.550601 -0.477954 0.000000
vt  0.913264 -0.478006 0.000000
vt  0.913264 -0.460903 0.000000
vt  0.913264 -0.460903 0.000000
vt  0.538782 -0.460903 0.000000
vt  0.527207 -0.505521 0.000000
vt  0.544219 -0.510935 0.000000
vt  0.963734 -0.578635 0.000000
vt  0.957209 -0.521966 0.000000
vt  0.960633 -0.651859 0.000000
vt  0.965610 -0.651591 0.000000
vt  0.963734 -0.578635 0.000000
vt  0.953409 -0.886834 0.000000
vt  0.953411 -0.721157 0.000000
vt  0.946026 -0.721174 0.000000
vt  0.946026 -0.721174 0.000000
vt  0.946030 -0.886851 0.000000
vt  0.953406 -0.898827 0.000000
vt  0.946030 -0.886851 0.000000
vt  0.946030 -0.886851 0.000000
vt  0.946032 -0.898827 0.000000
vt  0.957559 -0.437972 0.000000
vt  0.958955 -0.453481 0.000000
vt  0.965314 -0.453474 0.000000
vt  0.965339 -0.437974 0.000000
vt  0.964961 -0.467531 0.000000
vt  0.960675 -0.467530 0.000000
vt  0.961730 -0.487292 0.000000
vt  0.964939 -0.487299 0.000000
vt  0.957497 -0.522951 0.000000
vt  0.965197 -0.523069 0.000000
vt  0.956663 -0.557029 0.000000
vt  0.964688 -0.554822 0.000000
vt  0.562501 -0.518351 0.000000
vt  0.544223 -0.511155 0.000000
vt  0.532481 -0.562060 0.000000
vt  0.532481 -0.562060 0.000000
vt  0.561086 -0.549967 0.000000
vt  0.562501 -0.518351 0.000000
vt  0.611955 -0.612432 0.000000
vt  0.526722 -0.612432 0.000000
vt  0.526722 -0.661276 0.000000
vt  0.611955 -0.661276 0.000000
vt  0.705361 -0.612432 0.000000
vt  0.705361 -0.661276 0.000000
vt  0.465197 -0.612432 0.000000
vt  0.465197 -0.661276 0.000000
vt  0.524265 -0.667647 0.000000
vt  0.612980 -0.667647 0.000000
vt  0.711727 -0.666323 0.000000
vt  0.461611 -0.667647 0.000000
vt  0.421851 -0.646857 0.000000
vt  0.419252 -0.636633 0.000000
vt  0.411329 -0.636633 0.000000
vt  0.417257 -0.652931 0.000000
vt  0.182838 -0.869445 0.000000
vt  0.191094 -0.862022 0.000000
vt  0.188052 -0.844551 0.000000
vt  0.188052 -0.844551 0.000000
vt  0.179361 -0.851231 0.000000
vt  0.165951 -0.753083 0.000000
vt  0.155521 -0.753083 0.000000
vt  0.188052 -0.844551 0.000000
vt  0.165951 -0.753083 0.000000
vt  0.165951 -0.753083 0.000000
vt  0.169319 -0.661726 0.000000
vt  0.146797 -0.691420 0.000000
vt  0.165951 -0.753083 0.000000
vt  0.146797 -0.554618 0.000000
vt  0.134630 -0.608859 0.000000
vt  0.167911 -0.596725 0.000000
vt  0.167911 -0.596725 0.000000
vt  0.156423 -0.554895 0.000000
vt  0.071303 -0.534731 0.000000
vt  0.071085 -0.560556 0.000000
vt  0.149204 -0.534557 0.000000
vt  0.184576 -0.886174 0.000000
vt  0.190660 -0.878009 0.000000
vt  0.071085 -0.608859 0.000000
vt  0.071085 -0.630441 0.000000
vt  0.121560 -0.632420 0.000000
vt  0.071085 -0.658704 0.000000
vt  0.146797 -0.658704 0.000000
vt  0.121560 -0.753083 0.000000
vt  0.105014 -0.691420 0.000000
vt  0.156280 -0.851231 0.000000
vt  0.156423 -0.554895 0.000000
vt  0.156423 -0.554895 0.000000
vt  0.159183 -0.539460 0.000000
vt  0.079592 -0.671869 0.000000
vt  0.096825 -0.758883 0.000000
vt  0.137903 -0.863723 0.000000
vt  0.079655 -0.701806 0.000000
vt  0.612980 -0.603756 0.000000
vt  0.524265 -0.603756 0.000000
vt  0.711727 -0.607384 0.000000
vt  0.461611 -0.603756 0.000000
vt  0.421851 -0.626851 0.000000
vt  0.417257 -0.620776 0.000000
vt  0.411329 -0.637074 0.000000
vt  0.411329 -0.637074 0.000000
vt  0.419252 -0.637074 0.000000
vt  0.182838 -0.869445 0.000000
vt  0.179361 -0.851231 0.000000
vt  0.188052 -0.844551 0.000000
vt  0.188052 -0.844551 0.000000
vt  0.191094 -0.862022 0.000000
vt  0.155521 -0.753083 0.000000
vt  0.165951 -0.753083 0.000000
vt  0.165951 -0.753083 0.000000
vt  0.188052 -0.844551 0.000000
vt  0.146797 -0.691420 0.000000
vt  0.169319 -0.661726 0.000000
vt  0.169319 -0.661726 0.000000
vt  0.165951 -0.753083 0.000000
vt  0.167911 -0.596725 0.000000
vt  0.134630 -0.608859 0.000000
vt  0.146797 -0.554618 0.000000
vt  0.156423 -0.554895 0.000000
vt  0.167911 -0.596725 0.000000
vt  0.071303 -0.534731 0.000000
vt  0.149204 -0.534557 0.000000
vt  0.071085 -0.560556 0.000000
vt  0.071303 -0.534731 0.000000
vt  0.184576 -0.886174 0.000000
vt  0.190660 -0.878009 0.000000
vt  0.184576 -0.886174 0.000000
vt  0.071085 -0.608859 0.000000
vt  0.121560 -0.632420 0.000000
vt  0.071085 -0.630441 0.000000
vt  0.146797 -0.658704 0.000000
vt  0.071085 -0.658704 0.000000
vt  0.121560 -0.753083 0.000000
vt  0.105014 -0.691420 0.000000
vt  0.156280 -0.851231 0.000000
vt  0.149204 -0.534557 0.000000
vt  0.159183 -0.539460 0.000000
vt  0.156423 -0.554895 0.000000
vt  0.156423 -0.554895 0.000000
vt  0.149204 -0.534557 0.000000
vt  0.137903 -0.863723 0.000000
vt  0.096825 -0.758883 0.000000
vt  0.137903 -0.863723 0.000000
vt  0.096825 -0.758883 0.000000
vt  0.079655 -0.701806 0.000000
vt  0.079655 -0.701806 0.000000
vt  0.634181 -0.732391 0.000000
vt  0.652604 -0.732391 0.000000
vt  0.652604 -0.776755 0.000000
vt  0.633839 -0.776755 0.000000
vt  0.614621 -0.732391 0.000000
vt  0.614986 -0.776755 0.000000
vt  0.594372 -0.732391 0.000000
vt  0.596171 -0.776755 0.000000
vt  0.368592 -0.793606 0.000000
vt  0.395833 -0.793606 0.000000
vt  0.395833 -0.854424 0.000000
vt  0.368592 -0.854424 0.000000
vt  0.423144 -0.793606 0.000000
vt  0.423144 -0.854424 0.000000
vt  0.450486 -0.793606 0.000000
vt  0.450486 -0.854424 0.000000
vt  0.576040 -0.752670 0.000000
vt  0.576040 -0.750178 0.000000
vt  0.580759 -0.749313 0.000000
vt  0.582232 -0.751655 0.000000
vt  0.634363 -0.730245 0.000000
vt  0.652604 -0.730245 0.000000
vt  0.652604 -0.730245 0.000000
vt  0.593407 -0.730245 0.000000
vt  0.614664 -0.730245 0.000000
vt  0.614664 -0.730245 0.000000
vt  0.614664 -0.730245 0.000000
vt  0.634363 -0.730245 0.000000
vt  0.634363 -0.730245 0.000000
vt  0.587164 -0.737103 0.000000
vt  0.584852 -0.735701 0.000000
vt  0.593407 -0.730245 0.000000
vt  0.593407 -0.730245 0.000000
vt  0.652604 -0.732391 0.000000
vt  0.634181 -0.732391 0.000000
vt  0.633839 -0.776755 0.000000
vt  0.652604 -0.776755 0.000000
vt  0.652604 -0.732391 0.000000
vt  0.614621 -0.732391 0.000000
vt  0.614986 -0.776755 0.000000
vt  0.594372 -0.732391 0.000000
vt  0.596171 -0.776755 0.000000
vt  0.395833 -0.854424 0.000000
vt  0.395833 -0.793606 0.000000
vt  0.368592 -0.793606 0.000000
vt  0.368592 -0.793606 0.000000
vt  0.368592 -0.854424 0.000000
vt  0.423144 -0.793606 0.000000
vt  0.423144 -0.854424 0.000000
vt  0.576040 -0.752670 0.000000
vt  0.582232 -0.751655 0.000000
vt  0.580759 -0.749313 0.000000
vt  0.576040 -0.750178 0.000000
vt  0.576040 -0.752670 0.000000
vt  0.652604 -0.732391 0.000000
vt  0.652604 -0.730245 0.000000
vt  0.652604 -0.730245 0.000000
vt  0.634363 -0.730245 0.000000
vt  0.614664 -0.730245 0.000000
vt  0.614664 -0.730245 0.000000
vt  0.593407 -0.730245 0.000000
vt  0.634363 -0.730245 0.000000
vt  0.634363 -0.730245 0.000000
vt  0.614664 -0.730245 0.000000
vt  0.587164 -0.737103 0.000000
vt  0.584852 -0.735701 0.000000
vt  0.552952 -0.510170 0.000000
vt  0.562512 -0.519482 0.000000
vt  0.874771 -0.540163 0.000000
vt  0.874771 -0.540163 0.000000
vt  0.913264 -0.478006 0.000000
vt  0.552952 -0.510170 0.000000
vt  0.041219 -0.443689 0.000000
vt  0.004651 -0.432807 0.000000
vt  0.066392 -0.829134 0.000000
vt  0.066392 -0.735570 0.000000
vt  0.066392 -0.829134 0.000000
vt  0.007991 -0.829134 0.000000
vt  0.007991 -0.829134 0.000000
vt  0.007991 -0.735570 0.000000
vt  0.007991 -0.829134 0.000000
vt  0.007991 -0.735570 0.000000
vt  0.007991 -0.829134 0.000000
vt  0.066392 -0.829134 0.000000
vt  0.066392 -0.829134 0.000000
vt  0.066392 -0.735570 0.000000
vt  0.066392 -0.552933 0.000000
vt  0.066392 -0.649787 0.000000
vt  0.047829 -0.554022 0.000000
vt  0.066392 -0.552933 0.000000
vt  0.850599 -0.567315 0.000000
vt  0.561082 -0.552350 0.000000
vt  0.530758 -0.595136 0.000000
vt  0.530758 -0.595136 0.000000
vt  0.837055 -0.594907 0.000000
vt  0.850599 -0.567315 0.000000
vt  0.874771 -0.540163 0.000000
vt  0.562512 -0.519482 0.000000
vt  0.561082 -0.552350 0.000000
vt  0.561082 -0.552350 0.000000
vt  0.850599 -0.567315 0.000000
vt  0.874771 -0.540163 0.000000
vt  0.561160 -0.340225 0.000000
vt  0.562512 -0.375180 0.000000
vt  0.874771 -0.354499 0.000000
vt  0.874771 -0.354499 0.000000
vt  0.850599 -0.327347 0.000000
vt  0.561160 -0.340225 0.000000
vt  0.269967 -0.569088 0.000000
vt  0.269957 -0.573517 0.000000
vt  0.287828 -0.573515 0.000000
vt  0.287828 -0.573515 0.000000
vt  0.287824 -0.569073 0.000000
vt  0.269967 -0.569088 0.000000
vt  0.412130 -0.551902 0.000000
vt  0.511177 -0.595438 0.000000
vt  0.538782 -0.460903 0.000000
vt  0.538782 -0.460903 0.000000
vt  0.419797 -0.505884 0.000000
vt  0.412130 -0.551902 0.000000
vt  0.269957 -0.573517 0.000000
vt  0.269435 -0.598124 0.000000
vt  0.288350 -0.598124 0.000000
vt  0.288350 -0.598124 0.000000
vt  0.287828 -0.573515 0.000000
vt  0.269957 -0.573517 0.000000
vt  0.944511 -0.717001 0.000000
vt  0.399464 -0.227205 0.000000
vt  0.402963 -0.235653 0.000000
vt  0.402963 -0.235653 0.000000
vt  0.399464 -0.227205 0.000000
vt  0.402963 -0.218756 0.000000
vt  0.402963 -0.218756 0.000000
vt  0.411411 -0.215257 0.000000
vt  0.411411 -0.215257 0.000000
vt  0.419859 -0.218756 0.000000
vt  0.419859 -0.218756 0.000000
vt  0.423358 -0.227205 0.000000
vt  0.423358 -0.227205 0.000000
vt  0.419859 -0.235653 0.000000
vt  0.419859 -0.235653 0.000000
vt  0.411411 -0.239152 0.000000
vt  0.411411 -0.239152 0.000000
vt  0.191931 -0.918699 0.000000
vt  0.191936 -0.907036 0.000000
vt  0.138362 -0.909135 0.000000
vt  0.138383 -0.918699 0.000000
vt  0.126157 -0.918699 0.000000
vt  0.126158 -0.911490 0.000000
vt  0.103848 -0.918699 0.000000
vt  0.103853 -0.911523 0.000000
vt  0.081902 -0.918699 0.000000
vt  0.081909 -0.911510 0.000000
vt  0.063811 -0.918699 0.000000
vt  0.063805 -0.911517 0.000000
vt  0.035695 -0.918699 0.000000
vt  0.035733 -0.907846 0.000000
vt  0.007134 -0.918699 0.000000
vt  0.007145 -0.907029 0.000000
vt  0.198988 -0.918699 0.000000
vt  0.198957 -0.907048 0.000000
vt  0.198988 -0.918699 0.000000
vt  0.757692 -0.556831 0.000000
vt  0.742994 -0.565703 0.000000
vt  0.723426 -0.555858 0.000000
vt  0.723426 -0.555858 0.000000
vt  0.722080 -0.537159 0.000000
vt  0.757692 -0.556831 0.000000
vt  0.757692 -0.556831 0.000000
vt  0.722080 -0.537159 0.000000
vt  0.730506 -0.522843 0.000000
vt  0.730506 -0.522843 0.000000
vt  0.765721 -0.527789 0.000000
vt  0.757692 -0.556831 0.000000
vt  0.784324 -0.506944 0.000000
vt  0.765721 -0.527789 0.000000
vt  0.730506 -0.522843 0.000000
vt  0.730506 -0.522843 0.000000
vt  0.780445 -0.498767 0.000000
vt  0.784324 -0.506944 0.000000
vt  0.850599 -0.327347 0.000000
vt  0.837055 -0.299755 0.000000
vt  0.530758 -0.299526 0.000000
vt  0.530758 -0.299526 0.000000
vt  0.561160 -0.340225 0.000000
vt  0.850599 -0.327347 0.000000
vt  0.077059 -0.672227 0.000000
vt  0.145682 -0.924322 0.000000
vt  0.145682 -0.978482 0.000000
vt  0.171310 -0.978482 0.000000
vt  0.171310 -0.924322 0.000000
vt  0.120053 -0.924322 0.000000
vt  0.120053 -0.978482 0.000000
vt  0.072165 -0.978482 0.000000
vt  0.072165 -0.924322 0.000000
vt  0.003687 -0.924322 0.000000
vt  0.003687 -0.978482 0.000000
vt  0.016606 -0.978482 0.000000
vt  0.016606 -0.924322 0.000000
vt  0.044446 -0.924322 0.000000
vt  0.044446 -0.978482 0.000000
vt  0.285376 -0.943306 0.000000
vt  0.283798 -0.944885 0.000000
vt  0.274704 -0.925291 0.000000
vt  0.274704 -0.925291 0.000000
vt  0.277015 -0.925291 0.000000
vt  0.321330 -0.941357 0.000000
vt  0.322901 -0.943589 0.000000
vt  0.303392 -0.953978 0.000000
vt  0.303392 -0.953978 0.000000
vt  0.303392 -0.951667 0.000000
vt  0.303392 -0.953978 0.000000
vt  0.283798 -0.944885 0.000000
vt  0.283798 -0.944885 0.000000
vt  0.276000 -0.924845 0.000000
vt  0.273591 -0.924845 0.000000
vt  0.283071 -0.945272 0.000000
vt  0.283071 -0.945272 0.000000
vt  0.284717 -0.943627 0.000000
vt  0.303498 -0.952343 0.000000
vt  0.303498 -0.954752 0.000000
vt  0.323838 -0.943972 0.000000
vt  0.323838 -0.943972 0.000000
vt  0.322199 -0.941644 0.000000
vt  0.283071 -0.945272 0.000000
vt  0.303498 -0.954752 0.000000
vt  0.303498 -0.954752 0.000000
vt  0.500729 -0.835352 0.000000
vt  0.500729 -0.866338 0.000000
vt  0.484093 -0.866338 0.000000
vt  0.484093 -0.835352 0.000000
vt  0.500729 -0.835352 0.000000
vt  0.550628 -0.835352 0.000000
vt  0.550628 -0.866338 0.000000
vt  0.533980 -0.866338 0.000000
vt  0.533980 -0.866338 0.000000
vt  0.533980 -0.835352 0.000000
vt  0.550628 -0.835352 0.000000
vt  0.517333 -0.835352 0.000000
vt  0.517333 -0.866338 0.000000
vt  0.500729 -0.866338 0.000000
vt  0.500729 -0.866338 0.000000
vt  0.500729 -0.835352 0.000000
vt  0.517333 -0.835352 0.000000
vt  0.533980 -0.835352 0.000000
vt  0.533980 -0.866338 0.000000
vt  0.517333 -0.866338 0.000000
vt  0.517333 -0.866338 0.000000
vt  0.517333 -0.835352 0.000000
vt  0.533980 -0.835352 0.000000
vt  0.360462 -0.940779 0.000000
vt  0.356606 -0.944812 0.000000
vt  0.348234 -0.925291 0.000000
vt  0.354382 -0.925132 0.000000
vt  0.374656 -0.946292 0.000000
vt  0.374644 -0.951701 0.000000
vt  0.356606 -0.944812 0.000000
vt  0.356606 -0.944812 0.000000
vt  0.389107 -0.939663 0.000000
vt  0.392682 -0.944812 0.000000
vt  0.374644 -0.951701 0.000000
vt  0.374644 -0.951701 0.000000
vt  0.395204 -0.925192 0.000000
vt  0.401054 -0.925291 0.000000
vt  0.392682 -0.944812 0.000000
vt  0.392682 -0.944812 0.000000
vt  0.262791 -0.924322 0.000000
vt  0.267004 -0.978482 0.000000
vt  0.278899 -0.978482 0.000000
vt  0.272730 -0.924322 0.000000
vt  0.241376 -0.924322 0.000000
vt  0.241376 -0.978482 0.000000
vt  0.219960 -0.924322 0.000000
vt  0.215746 -0.978482 0.000000
vt  0.432282 -0.907204 0.000000
vt  0.396585 -0.903859 0.000000
vt  0.396585 -0.945196 0.000000
vt  0.396585 -0.945196 0.000000
vt  0.432282 -0.941850 0.000000
vt  0.377780 -0.896677 0.000000
vt  0.377780 -0.952378 0.000000
vt  0.377780 -0.952378 0.000000
vt  0.396585 -0.945196 0.000000
vt  0.447995 -0.947851 0.000000
vt  0.447995 -0.901204 0.000000
vt  0.432282 -0.941850 0.000000
vt  0.447995 -0.947851 0.000000
vt  0.447736 -0.947128 0.000000
vt  0.447736 -0.901992 0.000000
vt  0.462888 -0.909025 0.000000
vt  0.462888 -0.940096 0.000000
vt  0.447736 -0.947128 0.000000
vt  0.145682 -0.924322 0.000000
vt  0.171310 -0.924322 0.000000
vt  0.171310 -0.978482 0.000000
vt  0.145682 -0.978482 0.000000
vt  0.145682 -0.924322 0.000000
vt  0.120053 -0.924322 0.000000
vt  0.145682 -0.924322 0.000000
vt  0.120053 -0.978482 0.000000
vt  0.072165 -0.978482 0.000000
vt  0.072165 -0.924322 0.000000
vt  0.003687 -0.924322 0.000000
vt  0.016606 -0.924322 0.000000
vt  0.016606 -0.978482 0.000000
vt  0.003687 -0.978482 0.000000
vt  0.003687 -0.924322 0.000000
vt  0.044446 -0.924322 0.000000
vt  0.044446 -0.978482 0.000000
vt  0.285376 -0.905814 0.000000
vt  0.277015 -0.923829 0.000000
vt  0.274704 -0.923829 0.000000
vt  0.274704 -0.923829 0.000000
vt  0.283798 -0.904236 0.000000
vt  0.321330 -0.907757 0.000000
vt  0.303392 -0.897453 0.000000
vt  0.303392 -0.895142 0.000000
vt  0.303392 -0.895142 0.000000
vt  0.322901 -0.905524 0.000000
vt  0.283798 -0.904236 0.000000
vt  0.283798 -0.904236 0.000000
vt  0.303392 -0.895142 0.000000
vt  0.276000 -0.924210 0.000000
vt  0.284717 -0.905428 0.000000
vt  0.283071 -0.903783 0.000000
vt  0.283071 -0.903783 0.000000
vt  0.273591 -0.924210 0.000000
vt  0.276000 -0.924210 0.000000
vt  0.303498 -0.896712 0.000000
vt  0.322199 -0.907411 0.000000
vt  0.323838 -0.905083 0.000000
vt  0.323838 -0.905083 0.000000
vt  0.303498 -0.894303 0.000000
vt  0.303498 -0.894303 0.000000
vt  0.303498 -0.894303 0.000000
vt  0.283071 -0.903783 0.000000
vt  0.500729 -0.835352 0.000000
vt  0.484093 -0.835352 0.000000
vt  0.484093 -0.866338 0.000000
vt  0.484093 -0.866338 0.000000
vt  0.500729 -0.866338 0.000000
vt  0.500729 -0.835352 0.000000
vt  0.550628 -0.835352 0.000000
vt  0.533980 -0.835352 0.000000
vt  0.533980 -0.866338 0.000000
vt  0.533980 -0.866338 0.000000
vt  0.550628 -0.866338 0.000000
vt  0.550628 -0.835352 0.000000
vt  0.517333 -0.835352 0.000000
vt  0.500729 -0.835352 0.000000
vt  0.500729 -0.866338 0.000000
vt  0.500729 -0.866338 0.000000
vt  0.517333 -0.866338 0.000000
vt  0.517333 -0.835352 0.000000
vt  0.533980 -0.835352 0.000000
vt  0.517333 -0.835352 0.000000
vt  0.517333 -0.866338 0.000000
vt  0.517333 -0.866338 0.000000
vt  0.533980 -0.866338 0.000000
vt  0.533980 -0.835352 0.000000
vt  0.360463 -0.908342 0.000000
vt  0.354382 -0.923988 0.000000
vt  0.348234 -0.923829 0.000000
vt  0.348234 -0.923829 0.000000
vt  0.356606 -0.904309 0.000000
vt  0.374656 -0.902829 0.000000
vt  0.356606 -0.904309 0.000000
vt  0.356606 -0.904309 0.000000
vt  0.374644 -0.897420 0.000000
vt  0.389107 -0.909458 0.000000
vt  0.374644 -0.897420 0.000000
vt  0.374644 -0.897420 0.000000
vt  0.392682 -0.904309 0.000000
vt  0.395204 -0.923928 0.000000
vt  0.392682 -0.904309 0.000000
vt  0.392682 -0.904309 0.000000
vt  0.401054 -0.923829 0.000000
vt  0.395204 -0.923928 0.000000
vt  0.262791 -0.924322 0.000000
vt  0.272730 -0.924322 0.000000
vt  0.278899 -0.978482 0.000000
vt  0.278899 -0.978482 0.000000
vt  0.267004 -0.978482 0.000000
vt  0.241376 -0.924322 0.000000
vt  0.267004 -0.978482 0.000000
vt  0.267004 -0.978482 0.000000
vt  0.241376 -0.978482 0.000000
vt  0.241376 -0.924322 0.000000
vt  0.219960 -0.924322 0.000000
vt  0.241376 -0.924322 0.000000
vt  0.241376 -0.978482 0.000000
vt  0.241376 -0.978482 0.000000
vt  0.215746 -0.978482 0.000000
vt  0.219960 -0.924322 0.000000
vt  0.171310 -0.924322 0.000000
vt  0.219960 -0.924322 0.000000
vt  0.219960 -0.924322 0.000000
vt  0.358975 -0.903859 0.000000
vt  0.358975 -0.945196 0.000000
vt  0.377780 -0.952378 0.000000
vt  0.377780 -0.952378 0.000000
vt  0.358975 -0.903859 0.000000
vt  0.463709 -0.940559 0.000000
vt  0.463709 -0.908496 0.000000
vt  0.447995 -0.947851 0.000000
vt  0.463709 -0.940559 0.000000
vt  0.432583 -0.907779 0.000000
vt  0.447736 -0.947128 0.000000
vt  0.447736 -0.947128 0.000000
vt  0.432583 -0.941341 0.000000
vt  0.432583 -0.907779 0.000000
vt  0.552952 -0.384492 0.000000
vt  0.913264 -0.416656 0.000000
vt  0.874771 -0.354499 0.000000
vt  0.874771 -0.354499 0.000000
vt  0.562512 -0.375180 0.000000
vt  0.552952 -0.384492 0.000000
vt  0.329768 -0.923902 0.000000
vt  0.322901 -0.905524 0.000000
vt  0.322901 -0.905524 0.000000
vt  0.356606 -0.904309 0.000000
vt  0.356606 -0.944812 0.000000
vt  0.322901 -0.943589 0.000000
vt  0.329768 -0.923902 0.000000
vt  0.329768 -0.923902 0.000000
vt  0.356606 -0.944812 0.000000
vt  0.288543 -0.994753 0.000000
vt  0.299877 -0.987595 0.000000
vt  0.288543 -0.955850 0.000000
vt  0.288543 -0.994753 0.000000
vt  0.312608 -0.987509 0.000000
vt  0.312608 -0.987509 0.000000
vt  0.330057 -0.994789 0.000000
vt  0.466714 -0.894724 0.000000
vt  0.455812 -0.871363 0.000000
vt  0.490204 -0.871363 0.000000
vt  0.455812 -0.871363 0.000000
vt  0.466714 -0.894853 0.000000
vt  0.466714 -0.894853 0.000000
vt  0.490204 -0.905755 0.000000
vt  0.490204 -0.905755 0.000000
vt  0.513695 -0.894853 0.000000
vt  0.513695 -0.894853 0.000000
vt  0.524596 -0.871363 0.000000
vt  0.524596 -0.871363 0.000000
vt  0.513695 -0.894724 0.000000
vt  0.513695 -0.894724 0.000000
vt  0.490204 -0.905626 0.000000
vt  0.490204 -0.905626 0.000000
vt  0.466714 -0.894724 0.000000
vt  0.437278 -0.026742 0.000000
vt  0.379643 -0.026742 0.000000
vt  0.884494 -0.550991 0.000000
vt  0.884494 -0.556269 0.000000
vt  0.884494 -0.621654 0.000000
vt  0.884494 -0.627159 0.000000
vt  0.884494 -0.556269 0.000000
vt  0.884494 -0.561628 0.000000
vt  0.884494 -0.621654 0.000000
vt  0.884494 -0.617116 0.000000
vt  0.925532 -0.616334 0.000000
vt  0.111584 -0.002167 0.000000
vt  0.437278 -0.026742 0.000000
vt  0.379643 -0.026742 0.000000
vt  0.437278 -0.002167 0.000000
vt  0.437278 -0.002167 0.000000
vt  0.437278 -0.015890 0.000000
vt  0.437278 -0.006268 0.000000
vt  0.606534 -0.071279 0.000000
vt  0.606534 -0.071279 0.000000
vt  0.379643 -0.026742 0.000000
vt  0.172592 -0.512211 0.000000
vt  0.166722 -0.523314 0.000000
vt  0.183059 -0.524848 0.000000
vt  0.184594 -0.508511 0.000000
vt  0.172592 -0.512211 0.000000
vt  0.195697 -0.514381 0.000000
vt  0.184594 -0.508511 0.000000
vt  0.199397 -0.526382 0.000000
vt  0.195697 -0.514381 0.000000
vt  0.193527 -0.537485 0.000000
vt  0.199397 -0.526382 0.000000
vt  0.181525 -0.541185 0.000000
vt  0.193527 -0.537485 0.000000
vt  0.170422 -0.535315 0.000000
vt  0.181525 -0.541185 0.000000
vt  0.166722 -0.523314 0.000000
vt  0.170422 -0.535315 0.000000
vt  0.353627 -0.422893 0.000000
vt  0.428137 -0.210007 0.000000
vt  0.008515 -0.210007 0.000000
vt  0.428137 -0.210007 0.000000
vt  0.428137 -0.210007 0.000000
vt  0.008515 -0.210007 0.000000
vt  0.428137 -0.210007 0.000000
vt  0.561820 -0.813373 0.000000
vt  0.561820 -0.801824 0.000000
vt  0.563073 -0.807599 0.000000
vt  0.483527 -0.812112 0.000000
vt  0.483344 -0.798971 0.000000
vt  0.481937 -0.805435 0.000000
vt  0.411411 -0.227205 0.000000
vt  0.210988 -0.446019 0.000000
vt  0.228179 -0.419588 0.000000
vt  0.177206 -0.439888 0.000000
vt  0.228179 -0.419588 0.000000
vt  0.240330 -0.447699 0.000000
vt  0.210988 -0.446019 0.000000
vt  0.177206 -0.439888 0.000000
vt  0.180955 -0.450454 0.000000
vt  0.210988 -0.446019 0.000000
vt  0.312608 -0.987509 0.000000
vt  0.312584 -0.994778 0.000000
vt  0.330057 -0.994789 0.000000
vt  0.065572 -0.466004 0.000000
vt  0.077792 -0.473372 0.000000
vt  0.004651 -0.491780 0.000000
vt  0.200054 -0.368914 0.000000
vt  0.200514 -0.355953 0.000000
vt  0.180366 -0.401277 0.000000
vt  0.077792 -0.473372 0.000000
vt  0.078653 -0.484852 0.000000
vt  0.078653 -0.484852 0.000000
vt  0.070708 -0.517255 0.000000
vt  0.070708 -0.517255 0.000000
vt  0.040794 -0.544723 0.000000
vt  0.040794 -0.544723 0.000000
vt  0.004651 -0.552355 0.000000
vt  0.065572 -0.466004 0.000000
vt  0.032955 -0.378725 0.000000
vt  0.020776 -0.362110 0.000000
vt  0.567508 -0.829330 0.000000
vt  0.299872 -0.955847 0.000000
vt  0.288543 -0.955850 0.000000
vt  0.657798 -0.698754 0.000000
vt  0.650286 -0.683683 0.000000
vt  0.645048 -0.698565 0.000000
vt  0.664026 -0.697966 0.000000
vt  0.645048 -0.698565 0.000000
vt  0.650586 -0.713157 0.000000
vt  0.650586 -0.713157 0.000000
vt  0.665354 -0.718283 0.000000
vt  0.665354 -0.718283 0.000000
vt  0.679717 -0.712648 0.000000
vt  0.679717 -0.712648 0.000000
vt  0.684974 -0.698424 0.000000
vt  0.684974 -0.698424 0.000000
vt  0.680093 -0.683774 0.000000
vt  0.680093 -0.683774 0.000000
vt  0.664739 -0.677910 0.000000
vt  0.664739 -0.677910 0.000000
vt  0.650286 -0.683683 0.000000
vt  0.200054 -0.368914 0.000000
vt  0.180366 -0.401277 0.000000
vt  0.200514 -0.355953 0.000000
vt  0.078653 -0.484852 0.000000
vt  0.077792 -0.473372 0.000000
vt  0.004651 -0.491780 0.000000
vt  0.070708 -0.517255 0.000000
vt  0.078653 -0.484852 0.000000
vt  0.004651 -0.491780 0.000000
vt  0.040794 -0.544723 0.000000
vt  0.070708 -0.517255 0.000000
vt  0.004651 -0.491780 0.000000
vt  0.004651 -0.552355 0.000000
vt  0.040794 -0.544723 0.000000
vt  0.004651 -0.491780 0.000000
vt  0.004651 -0.491780 0.000000
vt  0.065572 -0.466004 0.000000
vt  0.020776 -0.362110 0.000000
vt  0.004651 -0.374194 0.000000
vt  0.032955 -0.378725 0.000000
vt  0.963477 -0.571321 0.000000
vt  0.957209 -0.521966 0.000000
vt  0.959627 -0.522446 0.000000
vt  0.965029 -0.577021 0.000000
vt  0.288565 -0.569067 0.000000
vt  0.288538 -0.500114 0.000000
vt  0.287824 -0.569073 0.000000
vt  0.521558 -0.316756 0.000000
vt  0.527207 -0.387136 0.000000
vt  0.544223 -0.383445 0.000000
vt  0.538782 -0.460903 0.000000
vt  0.401476 -0.460903 0.000000
vt  0.419797 -0.505884 0.000000
vt  0.965050 -0.576560 0.000000
vt  0.288350 -0.598124 0.000000
vt  0.288331 -0.573514 0.000000
vt  0.287828 -0.573515 0.000000
vt  0.521558 -0.577906 0.000000
vt  0.511177 -0.595910 0.000000
vt  0.530765 -0.595370 0.000000
vt  0.724329 -0.652418 0.000000
vt  0.169319 -0.661726 0.000000
vt  0.167911 -0.596725 0.000000
vt  0.163250 -0.872613 0.000000
vt  0.725114 -0.636854 0.000000
vt  0.724329 -0.621290 0.000000
vt  0.163250 -0.872613 0.000000
vt  0.167911 -0.596725 0.000000
vt  0.169319 -0.661726 0.000000
vt  0.184576 -0.886174 0.000000
vt  0.163250 -0.872613 0.000000
vt  0.362624 -0.500409 0.000000
vt  0.362624 -0.519971 0.000000
vt  0.389215 -0.500279 0.000000
vt  0.362624 -0.519971 0.000000
vt  0.389819 -0.500504 0.000000
vt  0.450486 -0.793606 0.000000
vt  0.450486 -0.854424 0.000000
vt  0.714464 -0.767929 0.000000
vt  0.698904 -0.758928 0.000000
vt  0.714334 -0.740846 0.000000
vt  0.554627 -0.897998 0.000000
vt  0.569855 -0.925244 0.000000
vt  0.584860 -0.883473 0.000000
vt  0.616296 -0.895815 0.000000
vt  0.584860 -0.883473 0.000000
vt  0.589435 -0.911971 0.000000
vt  0.592516 -0.923617 0.000000
vt  0.589435 -0.911971 0.000000
vt  0.569855 -0.925244 0.000000
vt  0.569855 -0.925244 0.000000
vt  0.589435 -0.911971 0.000000
vt  0.584860 -0.883473 0.000000
vt  0.554627 -0.897998 0.000000
vt  0.584860 -0.883473 0.000000
vt  0.569855 -0.925244 0.000000
vt  0.589435 -0.911971 0.000000
vt  0.584860 -0.883473 0.000000
vt  0.616296 -0.895815 0.000000
vt  0.592516 -0.923617 0.000000
vt  0.569855 -0.925244 0.000000
vt  0.589435 -0.911971 0.000000
vt  0.569855 -0.925244 0.000000
vt  0.584860 -0.883473 0.000000
vt  0.589435 -0.911971 0.000000
vt  0.319780 -0.936282 0.000000
vt  0.324560 -0.925981 0.000000
vt  0.309078 -0.925940 0.000000
vt  0.324560 -0.925981 0.000000
vt  0.319780 -0.915681 0.000000
vt  0.319780 -0.915681 0.000000
vt  0.309479 -0.910900 0.000000
vt  0.309479 -0.910900 0.000000
vt  0.299478 -0.912921 0.000000
vt  0.299478 -0.912921 0.000000
vt  0.289132 -0.912921 0.000000
vt  0.289131 -0.938587 0.000000
vt  0.299478 -0.939042 0.000000
vt  0.299478 -0.939042 0.000000
vt  0.309479 -0.941063 0.000000
vt  0.309479 -0.941063 0.000000
vt  0.319780 -0.936282 0.000000
vt  0.289132 -0.912921 0.000000
vt  0.299478 -0.912921 0.000000
vt  0.306229 -0.925913 0.000000
vt  0.299478 -0.912921 0.000000
vt  0.309479 -0.910900 0.000000
vt  0.309479 -0.910900 0.000000
vt  0.319780 -0.915681 0.000000
vt  0.319780 -0.915681 0.000000
vt  0.324560 -0.925981 0.000000
vt  0.324560 -0.925981 0.000000
vt  0.319780 -0.936282 0.000000
vt  0.319780 -0.936282 0.000000
vt  0.309479 -0.941063 0.000000
vt  0.309479 -0.941063 0.000000
vt  0.299478 -0.939042 0.000000
vt  0.299478 -0.939042 0.000000
vt  0.289131 -0.938587 0.000000
vt  0.034868 -0.561195 0.000000
vt  0.090266 -0.783069 0.000000
vt  0.072191 -0.778312 0.000000
vt  0.072191 -0.726606 0.000000
vt  0.072191 -0.778312 0.000000
vt  0.090266 -0.783069 0.000000
vt  0.072191 -0.726606 0.000000
vt  0.180366 -0.432734 0.000000
vt  0.199137 -0.428771 0.000000
vt  0.199137 -0.428771 0.000000
vt  0.214672 -0.414506 0.000000
vt  0.214672 -0.414506 0.000000
vt  0.218798 -0.397678 0.000000
vt  0.212004 -0.387890 0.000000
vt  0.207322 -0.378083 0.000000
vt  0.200054 -0.368914 0.000000
vt  0.207322 -0.378083 0.000000
vt  0.200514 -0.355953 0.000000
vt  0.195316 -0.342563 0.000000
vt  0.218350 -0.391716 0.000000
vt  0.212004 -0.387890 0.000000
vt  0.218798 -0.397678 0.000000
vt  0.218350 -0.391716 0.000000
vt  0.891608 -0.686458 0.000000
vt  0.345397 -0.511362 0.000000
vt  0.265554 -0.471068 0.000000
vt  0.345397 -0.437690 0.000000
vt  0.345397 -0.437690 0.000000
vt  0.265554 -0.471068 0.000000
vt  0.345397 -0.511362 0.000000
vt  0.358065 -0.808140 0.000000
vt  0.328230 -0.769506 0.000000
vt  0.328230 -0.803844 0.000000
vt  0.328230 -0.769506 0.000000
vt  0.358065 -0.808140 0.000000
vt  0.328230 -0.803844 0.000000
vt  0.690371 -0.993418 0.000000
vt  0.770718 -0.993418 0.000000
vt  0.770718 -0.988803 0.000000
vt  0.770718 -0.993295 0.000000
vt  0.770718 -0.988803 0.000000
vt  0.690371 -0.993295 0.000000
vt  0.483399 -0.952301 0.000000
vt  0.464372 -0.944420 0.000000
vt  0.464372 -0.971328 0.000000
vt  0.464372 -0.944420 0.000000
vt  0.445344 -0.952301 0.000000
vt  0.445344 -0.952301 0.000000
vt  0.437463 -0.971328 0.000000
vt  0.437463 -0.971328 0.000000
vt  0.445344 -0.990356 0.000000
vt  0.445344 -0.990356 0.000000
vt  0.464372 -0.998237 0.000000
vt  0.464372 -0.998237 0.000000
vt  0.483399 -0.990356 0.000000
vt  0.483399 -0.990356 0.000000
vt  0.491280 -0.971328 0.000000
vt  0.491280 -0.971328 0.000000
vt  0.483399 -0.952301 0.000000
vt  0.666532 -0.725084 0.000000
vt  0.680306 -0.718570 0.000000
vt  0.665556 -0.705200 0.000000
vt  0.680306 -0.718570 0.000000
vt  0.685440 -0.704225 0.000000
vt  0.685440 -0.704225 0.000000
vt  0.678927 -0.690450 0.000000
vt  0.678927 -0.690450 0.000000
vt  0.664582 -0.685315 0.000000
vt  0.664582 -0.685315 0.000000
vt  0.650807 -0.691829 0.000000
vt  0.650807 -0.691829 0.000000
vt  0.645673 -0.706174 0.000000
vt  0.645673 -0.706174 0.000000
vt  0.652186 -0.719949 0.000000
vt  0.652186 -0.719949 0.000000
vt  0.666532 -0.725084 0.000000
vt  0.034868 -0.561195 0.000000
vt  0.047829 -0.554022 0.000000
vt  0.123617 -0.335281 0.000000
vt  0.091315 -0.350446 0.000000
vt  0.123826 -0.382672 0.000000
vt  0.156052 -0.350161 0.000000
vt  0.123617 -0.335281 0.000000
vt  0.171216 -0.382463 0.000000
vt  0.156052 -0.350161 0.000000
vt  0.156337 -0.414898 0.000000
vt  0.171216 -0.382463 0.000000
vt  0.124035 -0.430062 0.000000
vt  0.156337 -0.414898 0.000000
vt  0.091600 -0.415182 0.000000
vt  0.124035 -0.430062 0.000000
vt  0.076436 -0.382880 0.000000
vt  0.091600 -0.415182 0.000000
vt  0.091315 -0.350446 0.000000
vt  0.076436 -0.382880 0.000000
vt  0.669367 -0.908088 0.000000
vt  0.669794 -0.843741 0.000000
vt  0.651314 -0.877256 0.000000
vt  0.687827 -0.877498 0.000000
vt  0.180366 -0.432734 0.000000
vt  0.180366 -0.401277 0.000000
vt  0.199137 -0.428771 0.000000
vt  0.199137 -0.428771 0.000000
vt  0.180366 -0.401277 0.000000
vt  0.214672 -0.414506 0.000000
vt  0.180366 -0.401277 0.000000
vt  0.218798 -0.397678 0.000000
vt  0.214672 -0.414506 0.000000
vt  0.212004 -0.387890 0.000000
vt  0.180366 -0.401277 0.000000
vt  0.207322 -0.378083 0.000000
vt  0.200054 -0.368914 0.000000
vt  0.207322 -0.378083 0.000000
vt  0.180366 -0.401277 0.000000
vt  0.180366 -0.401277 0.000000
vt  0.180366 -0.335108 0.000000
vt  0.188563 -0.336898 0.000000
vt  0.180366 -0.401277 0.000000
vt  0.212004 -0.387890 0.000000
vt  0.218350 -0.391716 0.000000
vt  0.218798 -0.397678 0.000000
vt  0.180366 -0.401277 0.000000
vt  0.218350 -0.391716 0.000000
vt  0.891608 -0.686458 0.000000
vt  0.195316 -0.342563 0.000000
vt  0.188563 -0.336898 0.000000
vt  0.188563 -0.336898 0.000000
vt  0.180366 -0.335108 0.000000
vt  0.180366 -0.401277 0.000000
vt  0.195316 -0.342563 0.000000
vt  0.200514 -0.355953 0.000000
vt  0.180366 -0.401277 0.000000
vt  0.188563 -0.336898 0.000000
vt  0.195316 -0.342563 0.000000
vt  0.550601 -0.416656 0.000000
vt  0.552952 -0.384492 0.000000
vt  0.544224 -0.383727 0.000000
vt  0.532473 -0.331939 0.000000
vt  0.530758 -0.299526 0.000000
vt  0.521564 -0.317951 0.000000
vt  0.562502 -0.376221 0.000000
vt  0.544223 -0.383445 0.000000
vt  0.552951 -0.384478 0.000000
vt  0.965029 -0.577021 0.000000
vt  0.956706 -0.574524 0.000000
vt  0.953419 -0.686343 0.000000
vt  0.946026 -0.721174 0.000000
vt  0.941760 -0.905764 0.000000
vt  0.968225 -0.901565 0.000000
vt  0.544223 -0.383445 0.000000
vt  0.532481 -0.332553 0.000000
vt  0.521558 -0.316756 0.000000
vt  0.544224 -0.510935 0.000000
vt  0.552952 -0.510170 0.000000
vt  0.550601 -0.478006 0.000000
vt  0.521564 -0.576711 0.000000
vt  0.530758 -0.595136 0.000000
vt  0.532473 -0.562723 0.000000
vt  0.552951 -0.510184 0.000000
vt  0.544223 -0.511155 0.000000
vt  0.562501 -0.518351 0.000000
vt  0.956706 -0.574524 0.000000
vt  0.965050 -0.576560 0.000000
vt  0.946026 -0.721174 0.000000
vt  0.953419 -0.686343 0.000000
vt  0.968293 -0.901565 0.000000
vt  0.994758 -0.905764 0.000000
vt  0.521558 -0.577906 0.000000
vt  0.532481 -0.562060 0.000000
vt  0.544223 -0.511155 0.000000
vt  0.701620 -0.711530 0.000000
vt  0.714250 -0.703689 0.000000
vt  0.701620 -0.711530 0.000000
vt  0.692502 -0.735133 0.000000
vt  0.727047 -0.711530 0.000000
vt  0.736164 -0.735133 0.000000
vt  0.692502 -0.735133 0.000000
vt  0.698904 -0.758928 0.000000
vt  0.729762 -0.758928 0.000000
vt  0.736164 -0.735133 0.000000
vt  0.419252 -0.637074 0.000000
vt  0.079655 -0.701806 0.000000
vt  0.137903 -0.863723 0.000000
vt  0.163250 -0.872613 0.000000
vt  0.400502 -0.463383 0.000000
vt  0.376883 -0.436852 0.000000
vt  0.362624 -0.480026 0.000000
vt  0.403950 -0.476660 0.000000
vt  0.400502 -0.463383 0.000000
vt  0.396094 -0.494865 0.000000
vt  0.403950 -0.476660 0.000000
vt  0.376883 -0.436852 0.000000
vt  0.362624 -0.436368 0.000000
vt  0.389215 -0.500279 0.000000
vt  0.396094 -0.494865 0.000000
vt  0.389215 -0.500279 0.000000
vt  0.377336 -0.436852 0.000000
vt  0.400957 -0.463390 0.000000
vt  0.400957 -0.463390 0.000000
vt  0.404404 -0.476671 0.000000
vt  0.404404 -0.476671 0.000000
vt  0.396546 -0.494878 0.000000
vt  0.362624 -0.436368 0.000000
vt  0.377336 -0.436852 0.000000
vt  0.396546 -0.494878 0.000000
vt  0.389662 -0.500296 0.000000
vt  0.576040 -0.776755 0.000000
vt  0.463321 -0.801258 0.000000
vt  0.478156 -0.854424 0.000000
vt  0.470904 -0.821646 0.000000
vt  0.478156 -0.822257 0.000000
vt  0.470904 -0.821646 0.000000
vt  0.450486 -0.793606 0.000000
vt  0.576040 -0.776755 0.000000
vt  0.576040 -0.752670 0.000000
vt  0.576040 -0.776755 0.000000
vt  0.470904 -0.821646 0.000000
vt  0.463321 -0.801258 0.000000
vt  0.478156 -0.854424 0.000000
vt  0.478156 -0.822257 0.000000
vt  0.470904 -0.821646 0.000000
vt  0.478156 -0.854424 0.000000
vt  0.470904 -0.821646 0.000000
vt  0.714250 -0.703689 0.000000
vt  0.727047 -0.711530 0.000000
vt  0.714464 -0.767929 0.000000
vt  0.729762 -0.758928 0.000000
vt  0.725114 -0.636854 0.000000
vt  0.724329 -0.652418 0.000000
vt  0.725114 -0.636854 0.000000
vt  0.724329 -0.621290 0.000000
vt  0.169319 -0.661726 0.000000
vt  0.167911 -0.596725 0.000000
vt  0.167911 -0.596725 0.000000
vt  0.065572 -0.466004 0.000000
vt  0.004651 -0.491780 0.000000
vt  0.077792 -0.473372 0.000000
vt  0.004651 -0.491780 0.000000
vt  0.004651 -0.432807 0.000000
vt  0.065572 -0.466004 0.000000
vt  0.065572 -0.466004 0.000000
vt  0.020776 -0.362110 0.000000
vt  0.004651 -0.358380 0.000000
vt  0.004651 -0.374194 0.000000
vt  0.020776 -0.362110 0.000000
vt  0.004651 -0.358380 0.000000
vt  0.180955 -0.450454 0.000000
vt  0.177206 -0.439888 0.000000
vt  0.210988 -0.446019 0.000000
vt  0.210988 -0.446019 0.000000
vt  0.240330 -0.447699 0.000000
vt  0.228179 -0.419588 0.000000
vt  0.228179 -0.419588 0.000000
vt  0.210988 -0.446019 0.000000
vt  0.177206 -0.439888 0.000000
vt  0.532473 -0.331939 0.000000
vt  0.561160 -0.340225 0.000000
vt  0.530758 -0.299526 0.000000
vt  0.911434 -0.361611 0.000000
vt  0.874771 -0.354499 0.000000
vt  0.913264 -0.416656 0.000000
vt  0.412130 -0.551902 0.000000
vt  0.405808 -0.556409 0.000000
vt  0.511177 -0.595438 0.000000
vt  0.521558 -0.577906 0.000000
vt  0.527207 -0.507526 0.000000
vt  0.511177 -0.595910 0.000000
vt  0.521558 -0.577906 0.000000
vt  0.544223 -0.511155 0.000000
vt  0.527207 -0.507526 0.000000
vt  0.405808 -0.338253 0.000000
vt  0.405683 -0.332046 0.000000
vt  0.511177 -0.298752 0.000000
vt  0.521558 -0.316756 0.000000
vt  0.530765 -0.299292 0.000000
vt  0.511177 -0.298752 0.000000
vt  0.527207 -0.387136 0.000000
vt  0.521558 -0.316756 0.000000
vt  0.963734 -0.578635 0.000000
vt  0.959630 -0.522446 0.000000
vt  0.419797 -0.388778 0.000000
vt  0.401476 -0.433759 0.000000
vt  0.405808 -0.338253 0.000000
vt  0.511177 -0.595438 0.000000
vt  0.405808 -0.556409 0.000000
vt  0.405683 -0.562616 0.000000
vt  0.269435 -0.598124 0.000000
vt  0.269957 -0.573517 0.000000
vt  0.269455 -0.573514 0.000000
vt  0.269967 -0.569088 0.000000
vt  0.269248 -0.500114 0.000000
vt  0.269240 -0.569067 0.000000
vt  0.287824 -0.569073 0.000000
vt  0.278823 -0.496615 0.000000
vt  0.269967 -0.569088 0.000000
vt  0.552952 -0.510170 0.000000
vt  0.913264 -0.478006 0.000000
vt  0.550601 -0.478006 0.000000
vt  0.911434 -0.533051 0.000000
vt  0.913264 -0.478006 0.000000
vt  0.874771 -0.540163 0.000000
vt  0.913264 -0.416656 0.000000
vt  0.552952 -0.384492 0.000000
vt  0.550601 -0.416656 0.000000
vt  0.411411 -0.227205 0.000000
vt  0.567508 -0.784310 0.000000
vt  0.450486 -0.793606 0.000000
vt  0.463321 -0.801258 0.000000
vt  0.463321 -0.801258 0.000000
vt  0.470904 -0.821646 0.000000
vt  0.169319 -0.661726 0.000000
vt  0.530758 -0.595136 0.000000
vt  0.561082 -0.552350 0.000000
vt  0.532473 -0.562723 0.000000
vt  0.322901 -0.905524 0.000000
vt  0.329768 -0.923902 0.000000
vt  0.358975 -0.945196 0.000000
vt  0.330996 -0.924812 0.000000
vt  0.323838 -0.943972 0.000000
vt  0.432583 -0.907779 0.000000
vt  0.401054 -0.923829 0.000000
vt  0.392682 -0.904309 0.000000
vt  0.358975 -0.945196 0.000000
vt  0.358975 -0.903859 0.000000
vt  0.330996 -0.924812 0.000000
vt  0.330996 -0.924812 0.000000
vt  0.323838 -0.905083 0.000000
vt  0.463709 -0.908496 0.000000
vt  0.463709 -0.940559 0.000000
vt  0.471001 -0.924210 0.000000
vt  0.329768 -0.923902 0.000000
vt  0.322901 -0.943589 0.000000
vt  0.401054 -0.923829 0.000000
vt  0.432583 -0.941341 0.000000
vt  0.392682 -0.944812 0.000000
vt  0.432583 -0.907779 0.000000
vt  0.432583 -0.941341 0.000000
vt  0.401054 -0.923829 0.000000
vt  0.469920 -0.924944 0.000000
vt  0.462888 -0.940096 0.000000
vt  0.287824 -0.569073 0.000000
vt  0.288538 -0.500114 0.000000
vt  0.278823 -0.496615 0.000000
vt  0.269967 -0.569088 0.000000
vt  0.278823 -0.496615 0.000000
vt  0.269248 -0.500114 0.000000
vt  0.323838 -0.943972 0.000000
vt  0.330996 -0.924812 0.000000
vt  0.358975 -0.903859 0.000000
vt  0.323838 -0.905083 0.000000
vt  0.330996 -0.924812 0.000000
vt  0.299877 -0.987595 0.000000
vt  0.288543 -0.994753 0.000000
vt  0.299872 -0.994755 0.000000
vt  0.312584 -0.955825 0.000000
vt  0.317285 -0.437094 0.000000
vt  0.317314 -0.432884 0.000000
vt  0.244312 -0.434408 0.000000
vt  0.244277 -0.439453 0.000000
vt  0.317314 -0.432884 0.000000
vt  0.244312 -0.434408 0.000000
vt  0.317383 -0.422720 0.000000
vt  0.244396 -0.422232 0.000000
vt  0.317453 -0.412556 0.000000
vt  0.244480 -0.410056 0.000000
vt  0.317482 -0.408346 0.000000
vt  0.244514 -0.405012 0.000000
vt  0.317453 -0.412556 0.000000
vt  0.244480 -0.410056 0.000000
vt  0.317383 -0.422720 0.000000
vt  0.244396 -0.422232 0.000000
vt  0.347569 -0.428225 0.000000
vt  0.347569 -0.422893 0.000000
vt  0.347569 -0.430434 0.000000
vt  0.347569 -0.428225 0.000000
vt  0.347569 -0.422893 0.000000
vt  0.347569 -0.417560 0.000000
vt  0.347569 -0.415351 0.000000
vt  0.347569 -0.417560 0.000000
vt  0.760825 -0.918251 0.000000
vt  0.760825 -0.963742 0.000000
vt  0.700599 -0.963742 0.000000
vt  0.700599 -0.918252 0.000000
vt  0.034947 -0.649787 0.000000
vt  0.066392 -0.649787 0.000000
vt  0.066392 -0.552933 0.000000
vt  0.066392 -0.552933 0.000000
vt  0.047829 -0.554022 0.000000
vt  0.761145 -0.967480 0.000000
vt  0.761413 -0.913785 0.000000
vt  0.700709 -0.913785 0.000000
vt  0.700440 -0.967480 0.000000
vt  0.814276 -0.963741 0.000000
vt  0.814275 -0.918251 0.000000
vt  0.034947 -0.735570 0.000000
vt  0.066392 -0.735570 0.000000
vt  0.066392 -0.735570 0.000000
vt  0.066392 -0.649787 0.000000
vt  0.818532 -0.967480 0.000000
vt  0.818799 -0.913785 0.000000
vt  0.919062 -0.963741 0.000000
vt  0.873673 -0.963741 0.000000
vt  0.873672 -0.918251 0.000000
vt  0.919062 -0.918251 0.000000
vt  0.066392 -0.829134 0.000000
vt  0.034947 -0.829134 0.000000
vt  0.034947 -0.897778 0.000000
vt  0.066392 -0.897778 0.000000
vt  0.066392 -0.829134 0.000000
vt  0.874599 -0.967480 0.000000
vt  0.922705 -0.967480 0.000000
vt  0.922973 -0.913785 0.000000
vt  0.874866 -0.913785 0.000000
vt  0.361338 -0.955820 0.000000
vt  0.330057 -0.955814 0.000000
vt  0.330057 -0.994789 0.000000
vt  0.330057 -0.994789 0.000000
vt  0.361338 -0.994783 0.000000
vt  0.361338 -0.955820 0.000000
vt  0.007991 -0.649787 0.000000
vt  0.024377 -0.649787 0.000000
vt  0.024377 -0.561195 0.000000
vt  0.007991 -0.561195 0.000000
vt  0.007991 -0.649787 0.000000
vt  0.024377 -0.735570 0.000000
vt  0.007991 -0.649787 0.000000
vt  0.007991 -0.649787 0.000000
vt  0.007991 -0.735570 0.000000
vt  0.024473 -0.897778 0.000000
vt  0.024449 -0.829134 0.000000
vt  0.007991 -0.829134 0.000000
vt  0.007991 -0.829134 0.000000
vt  0.007991 -0.897778 0.000000
vt  0.034947 -0.829134 0.000000
vt  0.024449 -0.829134 0.000000
vt  0.024473 -0.897778 0.000000
vt  0.034947 -0.897778 0.000000
vt  0.034947 -0.735570 0.000000
vt  0.024377 -0.735570 0.000000
vt  0.034947 -0.649787 0.000000
vt  0.024377 -0.649787 0.000000
vt  0.034868 -0.561195 0.000000
vt  0.024377 -0.561195 0.000000
vt  0.278448 -0.581988 0.000000
vt  0.278448 -0.549425 0.000000
vt  0.269838 -0.549585 0.000000
vt  0.269838 -0.549585 0.000000
vt  0.269838 -0.582069 0.000000
vt  0.278448 -0.581988 0.000000
vt  0.379364 -0.719217 0.000000
vt  0.379364 -0.682299 0.000000
vt  0.371641 -0.682269 0.000000
vt  0.371641 -0.682269 0.000000
vt  0.371641 -0.719140 0.000000
vt  0.379364 -0.719217 0.000000
vt  0.269838 -0.582069 0.000000
vt  0.269838 -0.621818 0.000000
vt  0.278448 -0.621737 0.000000
vt  0.278448 -0.621737 0.000000
vt  0.278448 -0.581988 0.000000
vt  0.269838 -0.582069 0.000000
vt  0.379364 -0.682299 0.000000
vt  0.379364 -0.638115 0.000000
vt  0.371641 -0.638085 0.000000
vt  0.371641 -0.638085 0.000000
vt  0.371641 -0.682269 0.000000
vt  0.379364 -0.682299 0.000000
vt  0.278448 -0.660272 0.000000
vt  0.278448 -0.621737 0.000000
vt  0.269838 -0.621818 0.000000
vt  0.269838 -0.621818 0.000000
vt  0.269838 -0.660354 0.000000
vt  0.278448 -0.660272 0.000000
vt  0.379364 -0.638115 0.000000
vt  0.379364 -0.594283 0.000000
vt  0.371641 -0.594253 0.000000
vt  0.371641 -0.594253 0.000000
vt  0.371641 -0.638085 0.000000
vt  0.379364 -0.638115 0.000000
vt  0.269838 -0.660354 0.000000
vt  0.269838 -0.700930 0.000000
vt  0.278448 -0.700857 0.000000
vt  0.278448 -0.700857 0.000000
vt  0.278448 -0.660272 0.000000
vt  0.269838 -0.660354 0.000000
vt  0.379364 -0.594283 0.000000
vt  0.379364 -0.547930 0.000000
vt  0.371641 -0.547912 0.000000
vt  0.371641 -0.547912 0.000000
vt  0.371641 -0.594253 0.000000
vt  0.379364 -0.594283 0.000000
vt  0.312608 -0.963093 0.000000
vt  0.299877 -0.963008 0.000000
vt  0.299877 -0.987595 0.000000
vt  0.299877 -0.987595 0.000000
vt  0.312608 -0.987509 0.000000
vt  0.034947 -0.649787 0.000000
vt  0.066392 -0.649787 0.000000
vt  0.066392 -0.735570 0.000000
vt  0.066392 -0.735570 0.000000
vt  0.034947 -0.735570 0.000000
vt  0.066392 -0.829134 0.000000
vt  0.066392 -0.897778 0.000000
vt  0.034947 -0.897778 0.000000
vt  0.034947 -0.829134 0.000000
vt  0.066392 -0.829134 0.000000
vt  0.024377 -0.561195 0.000000
vt  0.024377 -0.649787 0.000000
vt  0.007991 -0.649787 0.000000
vt  0.007991 -0.649787 0.000000
vt  0.007991 -0.561195 0.000000
vt  0.024377 -0.735570 0.000000
vt  0.007991 -0.735570 0.000000
vt  0.007991 -0.649787 0.000000
vt  0.007991 -0.649787 0.000000
vt  0.024473 -0.897778 0.000000
vt  0.007991 -0.897778 0.000000
vt  0.007991 -0.829134 0.000000
vt  0.007991 -0.829134 0.000000
vt  0.024449 -0.829134 0.000000
vt  0.034947 -0.829134 0.000000
vt  0.034947 -0.897778 0.000000
vt  0.024473 -0.897778 0.000000
vt  0.024449 -0.829134 0.000000
vt  0.024377 -0.735570 0.000000
vt  0.034947 -0.735570 0.000000
vt  0.034947 -0.649787 0.000000
vt  0.024377 -0.649787 0.000000
vt  0.024377 -0.561195 0.000000
vt  0.034868 -0.561195 0.000000
vt  0.024377 -0.561195 0.000000
vt  0.279319 -0.581393 0.000000
vt  0.270638 -0.581475 0.000000
vt  0.270638 -0.548728 0.000000
vt  0.270638 -0.548728 0.000000
vt  0.279319 -0.548566 0.000000
vt  0.279319 -0.581393 0.000000
vt  0.380445 -0.719653 0.000000
vt  0.372503 -0.719574 0.000000
vt  0.372503 -0.681657 0.000000
vt  0.372503 -0.681657 0.000000
vt  0.380445 -0.681688 0.000000
vt  0.380445 -0.719653 0.000000
vt  0.279319 -0.581393 0.000000
vt  0.279319 -0.621464 0.000000
vt  0.270638 -0.621547 0.000000
vt  0.270638 -0.621547 0.000000
vt  0.270638 -0.581475 0.000000
vt  0.279319 -0.581393 0.000000
vt  0.372503 -0.681657 0.000000
vt  0.372503 -0.636220 0.000000
vt  0.380445 -0.636250 0.000000
vt  0.380445 -0.636250 0.000000
vt  0.380445 -0.681688 0.000000
vt  0.372503 -0.681657 0.000000
vt  0.279319 -0.660312 0.000000
vt  0.270638 -0.660395 0.000000
vt  0.270638 -0.621547 0.000000
vt  0.270638 -0.621547 0.000000
vt  0.279319 -0.621464 0.000000
vt  0.279319 -0.660312 0.000000
vt  0.380445 -0.636250 0.000000
vt  0.372503 -0.636220 0.000000
vt  0.372503 -0.591144 0.000000
vt  0.372503 -0.591144 0.000000
vt  0.380445 -0.591174 0.000000
vt  0.380445 -0.636250 0.000000
vt  0.279319 -0.660312 0.000000
vt  0.279319 -0.701227 0.000000
vt  0.270639 -0.701301 0.000000
vt  0.270638 -0.660395 0.000000
vt  0.279319 -0.660312 0.000000
vt  0.372503 -0.591144 0.000000
vt  0.372503 -0.543488 0.000000
vt  0.380445 -0.543506 0.000000
vt  0.380445 -0.543506 0.000000
vt  0.380445 -0.591174 0.000000
vt  0.372503 -0.591144 0.000000
vt  0.217225 -0.656650 0.000000
vt  0.217225 -0.656651 0.000000
vt  0.217225 -0.656651 0.000000
vt  0.217225 -0.656651 0.000000
vt  0.185833 -0.551178 0.000000
vt  0.185741 -0.656625 0.000000
vt  0.248709 -0.656659 0.000000
vt  0.248757 -0.551211 0.000000
vt  0.020317 -0.833307 0.000000
vt  0.020317 -0.817568 0.000000
vt  0.012931 -0.817578 0.000000
vt  0.012931 -0.817578 0.000000
vt  0.012931 -0.833318 0.000000
vt  0.020317 -0.833307 0.000000
vt  0.012931 -0.841729 0.000000
vt  0.020317 -0.841737 0.000000
vt  0.020317 -0.833307 0.000000
vt  0.020317 -0.833307 0.000000
vt  0.012931 -0.833318 0.000000
vt  0.012931 -0.841729 0.000000
vt  0.020317 -0.857479 0.000000
vt  0.020317 -0.841737 0.000000
vt  0.012931 -0.841729 0.000000
vt  0.012931 -0.841729 0.000000
vt  0.012931 -0.857471 0.000000
vt  0.020317 -0.857479 0.000000
vt  0.012931 -0.857471 0.000000
vt  0.012931 -0.865888 0.000000
vt  0.020317 -0.865915 0.000000
vt  0.020317 -0.865915 0.000000
vt  0.020317 -0.857479 0.000000
vt  0.012931 -0.857471 0.000000
vt  0.066392 -0.829134 0.000000
vt  0.066392 -0.735570 0.000000
vt  0.066392 -0.829134 0.000000
vt  0.007991 -0.829134 0.000000
vt  0.007991 -0.829134 0.000000
vt  0.007991 -0.735570 0.000000
vt  0.007991 -0.829134 0.000000
vt  0.007991 -0.735570 0.000000
vt  0.007991 -0.829134 0.000000
vt  0.066392 -0.829134 0.000000
vt  0.066392 -0.829134 0.000000
vt  0.066392 -0.735570 0.000000
vt  0.066392 -0.552933 0.000000
vt  0.066392 -0.649787 0.000000
vt  0.047829 -0.554022 0.000000
vt  0.066392 -0.552933 0.000000
vt  0.288543 -0.994753 0.000000
vt  0.299877 -0.987595 0.000000
vt  0.288543 -0.955850 0.000000
vt  0.288543 -0.994753 0.000000
vt  0.312608 -0.987509 0.000000
vt  0.312608 -0.987509 0.000000
vt  0.330057 -0.994789 0.000000
vt  0.172592 -0.512211 0.000000
vt  0.166722 -0.523314 0.000000
vt  0.183059 -0.524848 0.000000
vt  0.184594 -0.508511 0.000000
vt  0.172592 -0.512211 0.000000
vt  0.195697 -0.514381 0.000000
vt  0.184594 -0.508511 0.000000
vt  0.199397 -0.526382 0.000000
vt  0.195697 -0.514381 0.000000
vt  0.193527 -0.537485 0.000000
vt  0.199397 -0.526382 0.000000
vt  0.181525 -0.541185 0.000000
vt  0.193527 -0.537485 0.000000
vt  0.170422 -0.535315 0.000000
vt  0.181525 -0.541185 0.000000
vt  0.166722 -0.523314 0.000000
vt  0.170422 -0.535315 0.000000
vt  0.353627 -0.422893 0.000000
vt  0.312608 -0.987509 0.000000
vt  0.312584 -0.994778 0.000000
vt  0.330057 -0.994789 0.000000
vt  0.299872 -0.955847 0.000000
vt  0.288543 -0.955850 0.000000
vt  0.034868 -0.561195 0.000000
vt  0.034868 -0.561195 0.000000
vt  0.047829 -0.554022 0.000000
vt  0.299877 -0.987595 0.000000
vt  0.288543 -0.994753 0.000000
vt  0.299872 -0.994755 0.000000
vt  0.312584 -0.955825 0.000000

vn  -0.445801 0.612943 -0.652351
vn  -0.526344 0.429720 -0.733691
vn  -0.488623 0.525534 -0.696464
vn  -0.445801 0.612947 -0.652348
vn  0.364897 0.929194 0.058726
vn  0.212318 0.965424 0.151255
vn  0.308400 0.908393 0.282333
vn  0.490734 0.819706 0.295403
vn  0.532417 0.587045 0.609844
vn  0.692111 0.519258 0.501351
vn  0.720582 0.003820 0.693359
vn  0.616929 0.199942 0.761197
vn  0.607258 -0.142816 0.781563
vn  0.667328 -0.293882 0.684330
vn  0.516709 -0.503391 0.692538
vn  0.448494 -0.799844 0.398877
vn  -0.200003 0.745279 -0.636048
vn  -0.426547 0.382983 -0.819379
vn  -0.489477 0.523606 -0.697315
vn  -0.358312 0.749339 -0.556870
vn  -0.438290 -0.053678 -0.897229
vn  -0.610192 -0.147156 -0.778467
vn  -0.467796 -0.444280 -0.764057
vn  -0.216036 -0.839040 -0.499340
vn  -0.427575 -0.759866 -0.489677
vn  -0.598608 -0.271558 -0.753608
vn  0.558566 -0.620165 0.550816
vn  0.716860 0.040848 0.696020
vn  0.575953 0.732163 0.363614
vn  0.318029 0.927623 0.195889
vn  0.061237 0.779835 -0.622982
vn  -0.297130 0.608954 -0.735451
vn  0.088364 0.837591 -0.539104
vn  0.088364 0.837591 -0.539104
vn  -0.517521 -0.083084 -0.851627
vn  -0.393728 -0.681163 -0.617248
vn  -0.242550 0.869198 -0.430889
vn  -0.387155 0.643960 -0.659868
vn  -0.305244 0.872970 -0.380460
vn  0.482779 0.752656 0.447698
vn  0.211780 0.936990 0.277848
vn  0.654540 0.073155 0.752480
vn  0.463398 -0.651451 0.600728
vn  0.250293 -0.869960 0.424879
vn  0.359011 -0.889908 0.281381
vn  -0.406564 -0.760155 -0.506824
vn  -0.330844 -0.925279 -0.185478
vn  -0.330844 -0.925279 -0.185478
vn  -0.330821 -0.925291 -0.185456
vn  -0.575658 -0.080903 -0.813679
vn  -0.112401 0.844695 -0.523313
vn  -0.331123 0.530461 -0.780364
vn  0.522478 0.803515 0.285271
vn  0.398935 0.908032 0.127788
vn  0.398935 0.908032 0.127788
vn  0.398947 0.908029 0.127771
vn  0.742684 0.209678 0.635968
vn  0.606765 -0.557573 0.566522
vn  0.373625 -0.870395 0.320652
vn  -0.246827 -0.830633 -0.499124
vn  -0.137732 -0.933726 -0.330432
vn  -0.137732 -0.933726 -0.330432
vn  -0.137721 -0.933726 -0.330437
vn  -0.458909 -0.237595 -0.856125
vn  -0.454039 0.597436 -0.660998
vn  -0.259232 0.858241 -0.442969
vn  -0.331029 0.783403 -0.526022
vn  -0.508761 0.477528 -0.716330
vn  -0.505908 0.482294 -0.715157
vn  -0.331030 0.783403 -0.526022
vn  0.612024 -0.467043 -0.638198
vn  0.612024 -0.467043 -0.638198
vn  0.607207 -0.437535 -0.663221
vn  0.601468 -0.407362 -0.687235
vn  0.601468 -0.407362 -0.687235
vn  -0.617822 -0.785444 0.037060
vn  -0.330180 -0.884766 -0.328893
vn  -0.330180 -0.884766 -0.328893
vn  -0.250257 -0.946760 -0.202524
vn  -0.250257 -0.946760 -0.202524
vn  -0.783990 0.096974 0.613152
vn  -0.783903 0.097022 0.613256
vn  -0.784078 0.096926 0.613048
vn  -0.784078 0.096926 0.613048
vn  0.248617 0.946921 0.203791
vn  0.248617 0.946921 0.203791
vn  0.248617 0.946921 0.203791
vn  0.248619 0.946920 0.203793
vn  0.248619 0.946920 0.203793
vn  0.248619 0.946920 0.203793
vn  0.565110 -0.452278 -0.689997
vn  0.565110 -0.452278 -0.689997
vn  0.565110 -0.452278 -0.689997
vn  0.565118 -0.380466 -0.732043
vn  0.565118 -0.380466 -0.732043
vn  0.565118 -0.380466 -0.732043
vn  -0.416333 -0.798163 -0.435434
vn  -0.416333 -0.798163 -0.435434
vn  -0.416333 -0.798163 -0.435434
vn  -0.416333 -0.798163 -0.435434
vn  -0.416333 -0.798163 -0.435434
vn  -0.416333 -0.798163 -0.435434
vn  -0.608529 0.333940 0.719845
vn  -0.608529 0.333940 0.719845
vn  -0.608529 0.333940 0.719845
vn  -0.652088 0.337921 0.678668
vn  -0.652088 0.337921 0.678668
vn  -0.652088 0.337921 0.678668
vn  -0.601704 -0.277200 -0.749075
vn  -0.185532 0.916150 -0.355314
vn  -0.185531 0.916150 -0.355313
vn  -0.185531 0.916150 -0.355313
vn  0.150543 -0.945068 0.290143
vn  0.278461 -0.928780 0.244595
vn  0.021771 -0.957667 -0.287052
vn  0.021771 -0.957667 -0.287052
vn  0.005120 -0.906506 -0.422161
vn  -0.180503 -0.973526 -0.140232
vn  -0.127543 -0.990080 -0.058941
vn  -0.127543 -0.990080 -0.058941
vn  -0.567962 0.276089 -0.775367
vn  -0.567962 0.276089 -0.775367
vn  -0.567962 0.276089 -0.775367
vn  -0.557430 0.328614 -0.762420
vn  -0.557430 0.328614 -0.762420
vn  -0.307946 -0.908743 -0.281703
vn  -0.211609 -0.965728 -0.150302
vn  -0.211609 -0.965728 -0.150302
vn  -0.397678 -0.821614 -0.408413
vn  -0.523225 -0.607788 -0.597352
vn  -0.537924 -0.569984 -0.621093
vn  -0.721011 0.045867 -0.691404
vn  -0.594135 0.166528 -0.786938
vn  -0.738038 -0.290714 -0.608922
vn  -0.919522 0.252765 -0.300981
vn  -0.543982 0.378041 -0.749112
vn  -0.596559 -0.343368 -0.725407
vn  -0.454038 0.597438 -0.660998
vn  -0.454038 0.597438 -0.660998
vn  -0.488778 0.525189 -0.696615
vn  -0.283578 0.835077 -0.471412
vn  -0.454036 0.597442 -0.660995
vn  -0.185532 0.916150 -0.355314
vn  -0.185532 0.916150 -0.355314
vn  -0.185532 0.916150 -0.355314
vn  -0.185532 0.916150 -0.355314
vn  -0.615888 -0.078239 -0.783940
vn  -0.852678 0.109368 -0.510861
vn  -0.586372 0.209754 -0.782413
vn  -0.611824 -0.214052 -0.761481
vn  -0.452332 0.600696 -0.659211
vn  -0.495123 0.510609 -0.702945
vn  -0.594974 0.161411 -0.787371
vn  -0.546931 0.368515 -0.751707
vn  -0.546929 0.368524 -0.751704
vn  -0.615642 -0.064144 -0.785411
vn  0.434988 0.772437 0.462739
vn  0.599463 0.324910 0.731490
vn  0.459088 0.735341 0.498509
vn  0.531956 0.609929 0.587374
vn  0.434983 0.772442 0.462734
vn  0.283114 -0.835539 0.470873
vn  0.375649 -0.725836 0.576237
vn  0.184811 -0.916632 0.354445
vn  0.184811 -0.916632 0.354445
vn  0.184811 -0.916632 0.354445
vn  0.507735 -0.480108 0.715333
vn  0.523565 -0.438521 0.730465
vn  0.489415 0.195778 0.849791
vn  0.600984 0.314544 0.734765
vn  0.437267 -0.145143 0.887542
vn  0.588875 -0.196542 0.783963
vn  0.556686 0.514361 0.652329
vn  0.044967 0.372217 0.927056
vn  0.212319 0.965423 0.151257
vn  0.212319 0.965423 0.151257
vn  0.354541 0.868313 0.346890
vn  0.212318 0.965424 0.151255
vn  0.212318 0.965424 0.151255
vn  0.615668 0.065368 0.785290
vn  0.607899 -0.062802 0.791527
vn  0.615669 0.065347 0.785290
vn  0.615669 0.065347 0.785290
vn  0.600251 -0.126501 0.789744
vn  0.601679 0.309621 0.736286
vn  0.600251 -0.126495 0.789746
vn  0.600251 -0.126495 0.789746
vn  0.559370 0.505546 0.656908
vn  0.505486 0.648327 0.569347
vn  0.559372 0.505542 0.656910
vn  0.559372 0.505542 0.656910
vn  0.390685 0.229201 0.891533
vn  0.610830 -0.017100 0.791577
vn  0.594425 0.356002 0.721056
vn  0.607879 -0.062997 0.791526
vn  0.588528 0.446565 0.673955
vn  0.534462 0.579283 0.615452
vn  0.599463 0.324912 0.731490
vn  0.478481 0.700262 0.529800
vn  0.470624 0.715828 0.515852
vn  0.613060 0.001420 0.790035
vn  0.607900 -0.062794 0.791527
vn  0.615988 0.088397 0.782780
vn  0.601681 0.309610 0.736289
vn  0.511631 0.634837 0.578978
vn  0.520554 0.614217 0.593095
vn  0.746669 -0.434871 -0.503361
vn  0.778719 -0.238238 -0.580379
vn  0.778719 -0.238238 -0.580379
vn  0.814707 -0.167472 -0.555163
vn  0.793213 -0.011500 -0.608835
vn  0.449551 -0.886037 -0.113327
vn  0.653323 -0.700025 -0.288330
vn  0.653323 -0.700025 -0.288330
vn  0.505215 -0.816568 -0.279239
vn  -0.068458 -0.925133 0.373421
vn  0.099544 -0.963006 0.250419
vn  0.099544 -0.963006 0.250419
vn  0.099544 -0.963006 0.250419
vn  -0.619114 -0.488724 0.614692
vn  -0.549493 -0.646482 0.529262
vn  -0.549493 -0.646482 0.529262
vn  -0.395037 -0.722017 0.568012
vn  -0.054836 0.979297 -0.194858
vn  -0.054836 0.979297 -0.194858
vn  -0.054836 0.979297 -0.194858
vn  -0.054836 0.979297 -0.194858
vn  -0.504757 0.824366 0.256206
vn  0.786776 0.134493 -0.602408
vn  0.786776 0.134493 -0.602408
vn  0.772695 0.057952 -0.632126
vn  0.772695 0.057952 -0.632126
vn  -0.644653 0.679699 0.349904
vn  -0.644653 0.679699 0.349904
vn  -0.649908 0.544830 0.529886
vn  -0.768319 0.165464 0.618310
vn  -0.613829 -0.182385 -0.768081
vn  -0.605978 -0.275897 -0.746104
vn  0.615860 0.076280 0.784154
vn  0.615860 0.076280 0.784154
vn  0.615860 0.076280 0.784154
vn  0.615861 0.076276 0.784154
vn  0.615861 0.076276 0.784154
vn  0.615861 0.076276 0.784154
vn  0.615860 0.076274 0.784155
vn  0.615860 0.076274 0.784155
vn  0.615860 0.076274 0.784155
vn  0.615862 0.076293 0.784151
vn  0.615862 0.076293 0.784151
vn  0.615862 0.076293 0.784151
vn  0.615860 0.076279 0.784154
vn  0.615860 0.076279 0.784154
vn  0.615860 0.076279 0.784154
vn  0.615861 0.076275 0.784154
vn  0.615861 0.076275 0.784154
vn  0.615861 0.076275 0.784154
vn  -0.615979 -0.087174 -0.782925
vn  -0.615979 -0.087174 -0.782925
vn  -0.615979 -0.087194 -0.782922
vn  -0.615979 -0.087194 -0.782922
vn  0.606658 0.269911 0.747739
vn  0.606658 0.269920 0.747736
vn  0.472681 0.712215 0.518962
vn  0.472689 0.712203 0.518972
vn  -0.414490 0.667231 -0.618871
vn  -0.414490 0.667231 -0.618871
vn  -0.414490 0.667231 -0.618871
vn  -0.784816 0.003366 0.619720
vn  -0.729267 -0.059807 0.681610
vn  -0.729267 -0.059807 0.681610
vn  -0.033317 0.996763 -0.073165
vn  -0.421099 0.655369 -0.627030
vn  -0.459876 0.746491 -0.480900
vn  -0.032760 0.994105 0.103358
vn  0.440044 0.764696 0.470745
vn  0.431024 0.662129 0.613028
vn  0.721478 0.095290 0.685849
vn  0.659733 -0.054832 0.749497
vn  0.646208 -0.619049 0.446311
vn  0.519472 -0.736690 0.432940
vn  0.258546 -0.960018 -0.107330
vn  0.092464 -0.984176 -0.151156
vn  -0.214544 -0.728187 -0.650934
vn  -0.371215 -0.652400 -0.660737
vn  -0.496076 -0.059215 -0.866258
vn  -0.600038 0.064429 -0.797373
vn  0.006807 0.523052 -0.852274
vn  -0.009233 -0.071319 -0.997411
vn  0.293404 0.856286 -0.425074
vn  0.681575 0.731054 0.031867
vn  0.942289 0.223133 0.249605
vn  0.924087 -0.368148 0.102620
vn  0.639047 -0.698664 -0.321695
vn  0.253128 -0.576568 -0.776850
vn  0.723153 0.340265 -0.601057
vn  0.772790 0.135196 -0.620095
vn  0.544114 0.678624 -0.493365
vn  0.416479 0.813342 -0.406227
vn  0.744287 -0.382701 -0.547336
vn  0.600361 -0.689939 -0.404415
vn  0.172251 -0.984259 -0.039549
vn  -0.108375 -0.977450 0.181236
vn  -0.511804 -0.716061 0.474672
vn  -0.652656 -0.505050 0.564769
vn  -0.691986 -0.421054 0.586403
vn  -0.624038 -0.560336 0.544610
vn  -0.541161 -0.682405 0.491394
vn  -0.541159 -0.682406 0.491396
vn  -0.732648 0.421460 0.534414
vn  -0.319233 0.934096 0.159859
vn  -0.319236 0.934096 0.159853
vn  -0.732647 0.421461 0.534415
vn  -0.732647 0.421461 0.534415
vn  -0.615860 -0.076279 -0.784154
vn  -0.615860 -0.076279 -0.784154
vn  -0.615860 -0.076279 -0.784154
vn  -0.615861 -0.076270 -0.784155
vn  -0.615861 -0.076270 -0.784155
vn  -0.615861 -0.076270 -0.784155
vn  -0.560216 -0.192600 -0.805645
vn  -0.560216 -0.192600 -0.805645
vn  -0.560216 -0.192600 -0.805645
vn  -0.543906 -0.206190 -0.813420
vn  -0.543906 -0.206190 -0.813420
vn  -0.543906 -0.206190 -0.813420
vn  -0.590136 -0.090823 -0.802179
vn  -0.590136 -0.090823 -0.802179
vn  -0.590136 -0.090823 -0.802179
vn  -0.583722 -0.086432 -0.807341
vn  -0.583722 -0.086432 -0.807341
vn  -0.583722 -0.086432 -0.807341
vn  -0.250464 -0.890581 -0.379649
vn  -0.122995 -0.972252 -0.198994
vn  -0.098890 -0.980312 -0.170905
vn  -0.226632 -0.910167 -0.346749
vn  -0.448561 -0.607302 -0.655727
vn  -0.505837 -0.441469 -0.741103
vn  -0.562625 -0.107334 -0.819715
vn  -0.553711 -0.161670 -0.816864
vn  0.389888 -0.811272 0.435690
vn  0.365705 -0.836805 0.407453
vn  0.212408 -0.951415 0.222919
vn  0.253848 -0.925579 0.280829
vn  0.253848 -0.925579 0.280829
vn  0.582100 -0.479651 0.656578
vn  0.635153 -0.300155 0.711680
vn  0.014152 0.994071 -0.107808
vn  0.014152 0.994071 -0.107808
vn  0.014152 0.994071 -0.107808
vn  0.014152 0.994071 -0.107808
vn  0.670482 -0.010052 0.741858
vn  0.665978 0.044831 0.744623
vn  -0.787727 0.077492 0.611131
vn  -0.787727 0.077492 0.611131
vn  -0.787727 0.077492 0.611131
vn  -0.787727 0.077492 0.611131
vn  -0.787727 0.077492 0.611131
vn  -0.787727 0.077492 0.611131
vn  0.787729 -0.077491 -0.611129
vn  0.787729 -0.077491 -0.611129
vn  0.787729 -0.077491 -0.611129
vn  0.787728 -0.077492 -0.611130
vn  0.787728 -0.077492 -0.611130
vn  0.787728 -0.077492 -0.611130
vn  0.787728 -0.077488 -0.611130
vn  0.787728 -0.077488 -0.611130
vn  0.787728 -0.077488 -0.611130
vn  0.787726 -0.077498 -0.611131
vn  0.787726 -0.077498 -0.611131
vn  0.787726 -0.077498 -0.611131
vn  0.787726 -0.077489 -0.611132
vn  0.787726 -0.077489 -0.611132
vn  0.787726 -0.077489 -0.611132
vn  0.787728 -0.077496 -0.611130
vn  0.787728 -0.077496 -0.611130
vn  0.787728 -0.077496 -0.611130
vn  -0.787728 0.077494 0.611130
vn  -0.787728 0.077494 0.611130
vn  -0.787728 0.077494 0.611130
vn  -0.787727 0.077491 0.611131
vn  -0.787727 0.077491 0.611131
vn  -0.787727 0.077491 0.611131
vn  -0.787727 0.077487 0.611132
vn  -0.787727 0.077487 0.611132
vn  -0.787727 0.077487 0.611132
vn  -0.787728 0.077492 0.611130
vn  -0.787728 0.077492 0.611130
vn  -0.787728 0.077492 0.611130
vn  -0.782258 -0.059209 0.620135
vn  -0.991380 0.128710 0.024498
vn  -0.875924 -0.482403 -0.006746
vn  -0.486792 -0.745745 0.454860
vn  -0.619379 0.661992 0.422061
vn  -0.735804 0.638435 -0.225817
vn  -0.093649 0.995333 -0.023267
vn  -0.259071 0.748143 -0.610872
vn  0.486835 0.745709 -0.454873
vn  0.159663 0.393676 -0.905277
vn  0.782263 0.059212 -0.620128
vn  0.275100 -0.217425 -0.936507
vn  0.619389 -0.661977 -0.422071
vn  0.019554 -0.727128 -0.686224
vn  0.093717 -0.995328 0.023214
vn  -0.457119 -0.836870 -0.301150
vn  -0.406487 -0.810809 -0.421138
vn  -0.305881 -0.910321 -0.278842
vn  -0.305881 -0.910321 -0.278842
vn  -0.493962 -0.672227 -0.551464
vn  -0.593328 0.171356 -0.786511
vn  -0.423156 0.451827 -0.785361
vn  -0.484710 -0.485380 -0.727642
vn  -0.596857 -0.341541 -0.726024
vn  0.096748 0.995308 -0.001501
vn  -0.131425 0.895913 -0.424343
vn  0.606012 0.275603 0.746185
vn  0.606012 0.275603 0.746185
vn  0.561199 0.499398 0.660044
vn  0.561199 0.499398 0.660044
vn  0.606013 0.275601 0.746186
vn  0.101930 -0.365389 -0.925257
vn  -0.182340 0.226919 -0.956692
vn  0.235706 0.157070 -0.959047
vn  0.010907 -0.809945 -0.586405
vn  -0.194777 -0.972493 -0.127749
vn  0.384796 -0.712808 0.586375
vn  0.476534 -0.552030 0.684236
vn  0.280998 -0.837634 0.468411
vn  0.280999 -0.837633 0.468413
vn  0.587273 -0.399818 0.703744
vn  0.667524 0.489813 0.560799
vn  0.600311 0.319192 0.733310
vn  0.589225 -0.194641 0.784174
vn  0.293953 0.948599 0.117270
vn  -0.068704 0.974816 -0.212165
vn  -0.600292 0.126201 -0.789761
vn  -0.548937 0.361905 -0.753454
vn  -0.548938 0.361903 -0.753454
vn  -0.600293 0.126192 -0.789762
vn  -0.600293 0.126192 -0.789762
vn  0.943450 -0.211543 0.255250
vn  0.645132 -0.731375 0.221123
vn  0.968455 0.247825 -0.026047
vn  0.841944 0.456367 0.287853
vn  0.167721 -0.927599 0.333810
vn  -0.080168 0.970724 -0.226423
vn  -0.476300 0.552527 -0.683997
vn  -0.368389 0.735864 -0.568149
vn  0.108134 0.994047 0.013334
vn  0.390677 0.829877 0.398341
vn  0.493742 0.672668 0.551123
vn  0.592913 0.364558 0.718019
vn  0.610385 0.232110 0.757334
vn  0.616001 0.090618 0.782516
vn  0.615946 0.083446 0.783357
vn  0.615860 0.076273 0.784155
vn  0.615859 0.076272 0.784155
vn  -0.616017 -0.103225 -0.780940
vn  -0.615771 -0.127378 -0.777561
vn  -0.615771 -0.127378 -0.777561
vn  -0.615896 -0.078998 -0.783857
vn  -0.605920 0.081464 -0.791344
vn  -0.584609 0.218719 -0.781277
vn  0.030907 -0.996875 0.072693
vn  0.030907 -0.996875 0.072693
vn  -0.121545 -0.974189 0.190219
vn  -0.275229 -0.911766 0.304847
vn  0.313668 0.889284 -0.332847
vn  0.163189 0.961368 -0.221676
vn  0.446543 0.786205 -0.427178
vn  0.446542 0.786204 -0.427180
vn  -0.289876 -0.903548 0.315551
vn  -0.154189 -0.964387 0.214903
vn  0.175478 -0.983581 -0.042144
vn  0.370094 -0.906661 -0.202475
vn  -0.615860 -0.076281 -0.784154
vn  -0.615860 -0.076281 -0.784154
vn  -0.615864 -0.076274 -0.784152
vn  -0.615861 -0.076269 -0.784154
vn  -0.615861 -0.076269 -0.784154
vn  -0.187431 0.980911 0.051792
vn  0.012227 0.994257 -0.106316
vn  0.615861 0.076290 0.784152
vn  0.615861 0.076290 0.784152
vn  0.615861 0.076290 0.784152
vn  0.615860 0.076281 0.784154
vn  0.615860 0.076281 0.784154
vn  0.615860 0.076281 0.784154
vn  0.601704 -0.688045 -0.405644
vn  0.664721 -0.584583 -0.465199
vn  -0.615871 -0.076271 -0.784146
vn  -0.623599 -0.096541 -0.775760
vn  -0.615852 -0.076282 -0.784160
vn  -0.615852 -0.076282 -0.784160
vn  -0.548803 0.755641 0.357522
vn  -0.621446 0.658813 0.423994
vn  -0.548803 0.755640 0.357525
vn  -0.548803 0.755640 0.357525
vn  0.615859 0.076280 0.784155
vn  0.615859 0.076280 0.784155
vn  0.615859 0.076280 0.784155
vn  0.615860 0.076276 0.784155
vn  0.615860 0.076276 0.784155
vn  0.615860 0.076276 0.784155
vn  0.633926 -0.638971 -0.435722
vn  0.522090 -0.784904 -0.333689
vn  -0.623273 -0.119521 -0.772817
vn  -0.614793 -0.145164 -0.775214
vn  -0.614793 -0.145164 -0.775214
vn  -0.638062 -0.136912 -0.757715
vn  -0.780665 0.193229 0.594327
vn  -0.730825 0.427090 0.532436
vn  -0.730825 0.427090 0.532436
vn  -0.730825 0.427090 0.532436
vn  0.613691 0.001670 0.789544
vn  0.613691 0.001670 0.789544
vn  0.613691 0.001670 0.789544
vn  0.593122 0.020960 0.804840
vn  0.593122 0.020960 0.804840
vn  0.593122 0.020960 0.804840
vn  0.393233 -0.892223 -0.222049
vn  0.393234 -0.892223 -0.222048
vn  -0.615861 -0.076274 -0.784154
vn  -0.615862 -0.076275 -0.784154
vn  -0.615862 -0.076276 -0.784153
vn  -0.615862 -0.076276 -0.784153
vn  -0.732488 -0.311090 0.605545
vn  -0.732490 -0.311088 0.605544
vn  -0.732492 -0.311086 0.605542
vn  -0.732492 -0.311086 0.605542
vn  0.615866 0.076262 0.784151
vn  0.615866 0.076262 0.784151
vn  0.615866 0.076262 0.784151
vn  0.615861 0.076278 0.784154
vn  0.615861 0.076278 0.784154
vn  0.615861 0.076278 0.784154
vn  -0.052412 -0.989132 0.137375
vn  -0.052410 -0.989132 0.137373
vn  0.235283 -0.844531 0.481050
vn  0.541784 -0.327444 0.774113
vn  -0.715719 0.470215 0.516376
vn  -0.729567 0.430920 0.531074
vn  -0.700505 0.508518 0.500701
vn  -0.700505 0.508520 0.500699
vn  -0.610431 0.035138 -0.791289
vn  -0.608176 0.059967 -0.791534
vn  -0.608176 0.059967 -0.791534
vn  -0.608181 0.059966 -0.791530
vn  -0.608181 0.059966 -0.791530
vn  0.749216 -0.364565 -0.552962
vn  0.748764 -0.366281 -0.552440
vn  0.748764 -0.366281 -0.552440
vn  0.748765 -0.366280 -0.552440
vn  0.748765 -0.366280 -0.552440
vn  0.612035 0.211094 0.762137
vn  0.612035 0.211094 0.762137
vn  0.612035 0.211094 0.762137
vn  0.612051 0.211073 0.762130
vn  0.612051 0.211073 0.762130
vn  0.612051 0.211073 0.762130
vn  -0.613799 -0.014584 -0.789328
vn  -0.613799 -0.014584 -0.789328
vn  -0.611413 -0.014719 -0.791174
vn  -0.611413 -0.014719 -0.791174
vn  -0.611413 -0.014719 -0.791174
vn  -0.741967 0.390863 0.544711
vn  -0.741968 0.390865 0.544708
vn  -0.741968 0.390865 0.544708
vn  0.615524 0.138780 0.775803
vn  0.615524 0.138780 0.775803
vn  0.617914 0.136562 0.774295
vn  0.750112 -0.361130 -0.554000
vn  0.750112 -0.361130 -0.554000
vn  0.750112 -0.361131 -0.554000
vn  0.750112 -0.361131 -0.554000
vn  0.750112 -0.361131 -0.554000
vn  -0.696461 -0.412591 0.587121
vn  -0.412576 -0.816696 0.403470
vn  -0.412576 -0.816696 0.403470
vn  -0.696461 -0.412591 0.587121
vn  -0.615861 -0.076276 -0.784154
vn  -0.615860 -0.076277 -0.784155
vn  -0.615860 -0.076277 -0.784155
vn  -0.615861 -0.076275 -0.784154
vn  -0.615861 -0.076275 -0.784154
vn  -0.014152 -0.994071 0.107808
vn  -0.014152 -0.994071 0.107808
vn  -0.014152 -0.994071 0.107808
vn  0.615860 0.076274 0.784155
vn  0.615860 0.076274 0.784155
vn  0.615860 0.076274 0.784155
vn  0.615861 0.076277 0.784154
vn  0.615861 0.076277 0.784154
vn  0.615861 0.076277 0.784154
vn  0.965451 -0.202759 -0.163685
vn  0.918142 -0.188671 -0.348451
vn  0.918277 -0.188323 -0.348284
vn  0.977110 -0.209938 0.034374
vn  0.968300 -0.204039 -0.144096
vn  0.818577 -0.162475 -0.550939
vn  0.233778 -0.027074 -0.971913
vn  -0.208675 0.067904 -0.975625
vn  -0.800154 0.185162 -0.570498
vn  -0.961012 0.210371 -0.179441
vn  -0.801636 0.158277 0.576479
vn  -0.381381 0.059928 0.922473
vn  -0.220045 0.024072 0.975193
vn  -0.472975 0.080638 0.877378
vn  -0.675887 0.127756 0.725848
vn  -0.675879 0.127795 0.725848
vn  -0.310275 -0.936171 -0.165270
vn  -0.310275 -0.936171 -0.165270
vn  -0.310275 -0.936171 -0.165270
vn  -0.310273 -0.936170 -0.165274
vn  -0.310273 -0.936170 -0.165274
vn  -0.310273 -0.936170 -0.165274
vn  -0.310195 -0.936233 -0.165067
vn  -0.310195 -0.936233 -0.165067
vn  -0.310195 -0.936233 -0.165067
vn  -0.310436 -0.936112 -0.165302
vn  -0.310436 -0.936112 -0.165302
vn  -0.310436 -0.936112 -0.165302
vn  -0.310381 -0.936150 -0.165189
vn  -0.310381 -0.936150 -0.165189
vn  -0.310381 -0.936150 -0.165189
vn  -0.310357 -0.936137 -0.165307
vn  -0.310357 -0.936137 -0.165307
vn  -0.310357 -0.936137 -0.165307
vn  0.310358 0.936136 0.165309
vn  0.310358 0.936136 0.165309
vn  0.310358 0.936136 0.165309
vn  0.310381 0.936149 0.165193
vn  0.310381 0.936149 0.165193
vn  0.310381 0.936149 0.165193
vn  0.310433 0.936113 0.165299
vn  0.310433 0.936113 0.165299
vn  0.310433 0.936113 0.165299
vn  0.310214 0.936224 0.165085
vn  0.310214 0.936224 0.165085
vn  0.310214 0.936224 0.165085
vn  0.310273 0.936171 0.165270
vn  0.310273 0.936171 0.165270
vn  0.310273 0.936171 0.165270
vn  0.310278 0.936172 0.165256
vn  0.310278 0.936172 0.165256
vn  0.310278 0.936172 0.165256
vn  -0.762889 -0.190835 0.617724
vn  -0.762889 -0.190835 0.617724
vn  -0.771493 -0.143399 0.619867
vn  -0.771493 -0.143399 0.619867
vn  -0.615988 -0.076309 -0.784051
vn  -0.615990 -0.076300 -0.784050
vn  -0.615990 -0.076300 -0.784050
vn  -0.616010 -0.076316 -0.784033
vn  -0.615988 -0.076309 -0.784051
vn  0.761120 0.199485 -0.617173
vn  0.761119 0.199485 -0.617173
vn  0.768357 0.161913 -0.619203
vn  0.768357 0.161913 -0.619202
vn  -0.739491 -0.287387 0.608738
vn  -0.739491 -0.287387 0.608738
vn  -0.615984 -0.076327 -0.784052
vn  -0.615987 -0.076313 -0.784051
vn  -0.615987 -0.076313 -0.784051
vn  -0.615987 -0.076313 -0.784051
vn  0.739293 0.288088 -0.608647
vn  0.739292 0.288088 -0.608648
vn  -0.677581 -0.456563 0.576571
vn  -0.702568 -0.397235 0.590426
vn  -0.702569 -0.397235 0.590425
vn  -0.677581 -0.456564 0.576570
vn  -0.615975 -0.076353 -0.784057
vn  -0.615979 -0.076343 -0.784055
vn  -0.615975 -0.076353 -0.784057
vn  -0.615975 -0.076352 -0.784057
vn  -0.615975 -0.076352 -0.784057
vn  0.701360 0.400325 -0.589775
vn  0.675888 0.460280 -0.575602
vn  0.675888 0.460280 -0.575603
vn  0.701359 0.400325 -0.589776
vn  -0.187726 0.980843 0.052030
vn  0.062638 0.987580 -0.144089
vn  -0.187726 0.980843 0.052030
vn  -0.187725 0.980843 0.052030
vn  -0.187725 0.980843 0.052030
vn  -0.187725 0.980843 0.052030
vn  -0.615991 -0.076302 -0.784049
vn  -0.615989 -0.076309 -0.784050
vn  -0.615990 -0.076301 -0.784050
vn  -0.615989 -0.076301 -0.784051
vn  -0.615989 -0.076301 -0.784051
vn  -0.615986 -0.076324 -0.784051
vn  -0.615988 -0.076316 -0.784050
vn  -0.615987 -0.076316 -0.784051
vn  -0.615987 -0.076316 -0.784051
vn  -0.615974 -0.076353 -0.784057
vn  -0.615982 -0.076344 -0.784052
vn  -0.615978 -0.076354 -0.784055
vn  -0.615971 -0.076352 -0.784060
vn  -0.615971 -0.076352 -0.784060
vn  -0.614605 -0.075243 -0.785238
vn  -0.615943 -0.076431 -0.784074
vn  -0.613916 -0.074699 -0.785829
vn  -0.611964 -0.072769 -0.787531
vn  -0.615986 -0.076327 -0.784051
vn  -0.615988 -0.076322 -0.784049
vn  -0.616075 -0.075895 -0.784022
vn  -0.618054 -0.076081 -0.782446
vn  -0.619084 -0.075963 -0.781642
vn  -0.621912 -0.076873 -0.779305
vn  0.681013 0.458733 -0.570775
vn  0.681013 0.458733 -0.570775
vn  0.681013 0.458733 -0.570775
vn  0.676422 0.458794 -0.576161
vn  0.676422 0.458794 -0.576161
vn  0.676422 0.458794 -0.576161
vn  -0.676568 -0.458745 0.576028
vn  -0.676568 -0.458745 0.576028
vn  -0.676568 -0.458745 0.576028
vn  -0.680879 -0.459933 0.569969
vn  -0.680879 -0.459933 0.569969
vn  -0.680879 -0.459933 0.569969
vn  0.724011 0.337672 -0.601487
vn  0.724011 0.337672 -0.601487
vn  0.724011 0.337672 -0.601487
vn  0.723868 0.337671 -0.601659
vn  0.723868 0.337671 -0.601659
vn  0.723868 0.337671 -0.601659
vn  -0.723822 -0.337832 0.601624
vn  -0.723822 -0.337832 0.601624
vn  -0.723822 -0.337832 0.601624
vn  -0.723939 -0.337862 0.601467
vn  -0.723939 -0.337862 0.601467
vn  -0.723939 -0.337862 0.601467
vn  0.752702 0.237004 -0.614222
vn  0.752702 0.237004 -0.614222
vn  0.752702 0.237004 -0.614222
vn  0.752553 0.237004 -0.614405
vn  0.752553 0.237004 -0.614405
vn  0.752553 0.237004 -0.614405
vn  -0.752515 -0.237155 0.614393
vn  -0.752515 -0.237155 0.614393
vn  -0.752515 -0.237155 0.614393
vn  -0.752524 -0.237157 0.614382
vn  -0.752524 -0.237157 0.614382
vn  -0.752524 -0.237157 0.614382
vn  0.775609 0.109828 -0.621586
vn  0.775609 0.109828 -0.621586
vn  0.775609 0.109828 -0.621586
vn  0.776315 0.109828 -0.620703
vn  0.776315 0.109828 -0.620703
vn  0.776315 0.109828 -0.620703
vn  -0.776941 -0.109014 0.620063
vn  -0.776941 -0.109014 0.620063
vn  -0.776941 -0.109014 0.620063
vn  -0.776440 -0.108889 0.620713
vn  -0.776440 -0.108889 0.620713
vn  -0.776440 -0.108889 0.620713
vn  -0.028299 0.996889 -0.073566
vn  -0.198994 0.978020 0.062284
vn  -0.200487 0.977710 0.062356
vn  -0.200486 0.977710 0.062356
vn  -0.200486 0.977710 0.062356
vn  -0.787844 0.065631 0.612368
vn  -0.787777 0.045953 0.614244
vn  -0.787782 0.045949 0.614238
vn  -0.787597 0.085294 0.610259
vn  -0.769157 -0.157360 0.619383
vn  -0.690175 -0.427781 0.583662
vn  -0.369929 -0.850769 0.373288
vn  0.783984 0.039223 -0.619541
vn  0.766502 0.172140 -0.618742
vn  0.787011 -0.013424 -0.616793
vn  0.755219 -0.340670 -0.559990
vn  0.710374 -0.484189 -0.510812
vn  0.649473 -0.612565 -0.450498
vn  0.649470 -0.612564 -0.450504
vn  -0.611525 -0.062123 -0.788783
vn  -0.611525 -0.062123 -0.788783
vn  -0.611525 -0.062123 -0.788783
vn  -0.618198 -0.063430 -0.783459
vn  -0.618198 -0.063430 -0.783459
vn  -0.618198 -0.063430 -0.783459
vn  -0.615862 -0.076276 -0.784153
vn  -0.615862 -0.076276 -0.784153
vn  -0.615862 -0.076276 -0.784153
vn  -0.615858 -0.076274 -0.784156
vn  -0.615858 -0.076274 -0.784156
vn  -0.615858 -0.076274 -0.784156
vn  0.615861 0.076273 0.784154
vn  0.615861 0.076273 0.784154
vn  0.615861 0.076273 0.784154
vn  0.615857 0.076271 0.784157
vn  0.615857 0.076271 0.784157
vn  0.615857 0.076271 0.784157
vn  0.620045 0.090412 0.779340
vn  0.620045 0.090412 0.779340
vn  0.620045 0.090412 0.779340
vn  0.613416 0.089111 0.784716
vn  0.613416 0.089111 0.784716
vn  0.613416 0.089111 0.784716
vn  -0.899739 0.299209 -0.317716
vn  -0.867983 0.491849 0.068482
vn  -0.862153 0.464530 0.202249
vn  -0.918189 0.245103 -0.311212
vn  0.320104 -0.492603 -0.809244
vn  0.321306 -0.488349 -0.811344
vn  0.118021 -0.442214 -0.889111
vn  -0.222042 -0.283492 -0.932915
vn  -0.886681 0.317265 -0.336361
vn  -0.869743 0.493469 -0.005880
vn  0.091975 -0.000245 -0.995761
vn  -0.403241 -0.061003 -0.913058
vn  -0.547845 -0.077931 -0.832942
vn  0.408413 -0.192976 -0.892165
vn  0.454011 0.168014 -0.875012
vn  0.121381 -0.105561 -0.986977
vn  0.309119 -0.403843 -0.861021
vn  -0.006171 -0.337507 -0.941303
vn  -0.650508 0.033650 -0.758753
vn  -0.494633 0.515491 -0.699719
vn  -0.604895 0.090415 -0.791155
vn  -0.504069 0.111721 -0.856407
vn  -0.550071 0.423180 -0.719959
vn  -0.264019 0.854949 -0.446494
vn  -0.259571 0.858796 -0.441693
vn  -0.294481 -0.918732 -0.263081
vn  -0.294481 -0.918732 -0.263081
vn  -0.141076 -0.988384 -0.056515
vn  -0.141076 -0.988384 -0.056515
vn  -0.518475 -0.619136 -0.589791
vn  -0.518475 -0.619136 -0.589791
vn  -0.613868 -0.181663 -0.768222
vn  -0.605309 0.086809 -0.791242
vn  -0.402177 0.686765 -0.605481
vn  -0.452775 0.599832 -0.659694
vn  -0.452788 0.599818 -0.659698
vn  -0.505730 0.474784 -0.720290
vn  -0.776416 0.566373 0.276406
vn  -0.602366 0.777548 0.180487
vn  -0.757459 0.608087 0.237671
vn  -0.772061 0.592904 0.228880
vn  -0.822555 0.549730 0.145602
vn  -0.401063 0.300662 -0.865304
vn  -0.549302 0.304021 -0.778356
vn  -0.634659 0.235198 -0.736131
vn  -0.601413 0.118049 -0.790169
vn  -0.338620 0.262829 -0.903469
vn  -0.515003 0.461523 -0.722335
vn  -0.122053 0.953249 -0.276442
vn  -0.124970 0.951326 -0.281712
vn  -0.246056 -0.926895 0.283410
vn  -0.476498 -0.756574 0.447824
vn  0.327297 -0.930122 -0.166581
vn  0.327297 -0.930122 -0.166581
vn  0.781872 -0.181585 -0.596409
vn  0.781872 -0.181585 -0.596409
vn  -0.785092 0.142724 0.602710
vn  -0.754626 -0.228906 0.614932
vn  -0.721317 0.454916 0.522258
vn  -0.721315 0.454915 0.522261
vn  -0.615863 -0.076270 -0.784153
vn  -0.615863 -0.076270 -0.784153
vn  -0.615863 -0.076270 -0.784153
vn  -0.615862 -0.076269 -0.784154
vn  -0.615862 -0.076269 -0.784154
vn  -0.615862 -0.076269 -0.784154
vn  0.709626 0.378679 -0.594166
vn  0.709626 0.378679 -0.594166
vn  0.709626 0.378679 -0.594166
vn  0.615863 0.076269 0.784153
vn  0.615863 0.076269 0.784153
vn  0.615863 0.076269 0.784153
vn  0.615860 0.076281 0.784154
vn  0.615860 0.076281 0.784154
vn  0.615860 0.076281 0.784154
vn  -0.546999 0.757710 0.355905
vn  -0.546997 0.757710 0.355906
vn  0.014151 0.994071 -0.107809
vn  0.014152 0.994071 -0.107808
vn  0.168279 -0.985069 -0.036344
vn  -0.014152 -0.994071 0.107808
vn  -0.014152 -0.994071 0.107808
vn  0.351546 -0.917331 -0.186865
vn  -0.615861 -0.076275 -0.784154
vn  -0.615861 -0.076275 -0.784154
vn  -0.615861 -0.076275 -0.784154
vn  -0.615862 -0.076275 -0.784154
vn  -0.615862 -0.076275 -0.784154
vn  -0.615862 -0.076275 -0.784154
vn  0.615859 0.076274 0.784155
vn  0.615859 0.076274 0.784155
vn  0.615859 0.076274 0.784155
vn  0.615859 0.076275 0.784156
vn  0.615859 0.076275 0.784156
vn  0.615859 0.076275 0.784156
vn  -0.364939 -0.854469 0.369733
vn  0.351546 -0.917331 -0.186865
vn  0.168279 -0.985069 -0.036344
vn  -0.710891 -0.375250 0.594828
vn  0.615862 0.076277 0.784153
vn  0.615862 0.076277 0.784153
vn  0.615862 0.076277 0.784153
vn  0.615864 0.076277 0.784151
vn  0.615864 0.076277 0.784151
vn  0.615864 0.076277 0.784151
vn  -0.615859 -0.076275 -0.784155
vn  -0.615859 -0.076275 -0.784155
vn  -0.615859 -0.076275 -0.784155
vn  -0.615863 -0.076276 -0.784153
vn  -0.615863 -0.076276 -0.784153
vn  -0.615863 -0.076276 -0.784153
vn  -0.218600 0.972765 0.077082
vn  -0.407220 0.882850 0.233980
vn  0.334388 0.875908 -0.347807
vn  0.707332 0.384821 -0.592953
vn  -0.781032 0.189822 0.594943
vn  -0.781030 0.189818 0.594946
vn  -0.555222 0.748165 0.363286
vn  -0.555223 0.748166 0.363283
vn  -0.615385 -0.043032 -0.787051
vn  -0.614875 -0.056105 -0.786626
vn  -0.615862 -0.076279 -0.784153
vn  -0.615861 -0.076280 -0.784153
vn  0.612200 0.148361 0.776660
vn  0.612200 0.148361 0.776660
vn  0.615654 0.109435 0.780381
vn  0.616435 0.091386 0.782085
vn  0.617292 0.136573 0.774789
vn  0.552136 0.668216 -0.498630
vn  -0.407244 0.882847 0.233953
vn  -0.218624 0.972762 0.077056
vn  0.552140 0.668216 -0.498627
vn  0.012498 0.994231 -0.106526
vn  0.012498 0.994231 -0.106526
vn  -0.612139 -0.015683 -0.790595
vn  -0.616279 -0.003786 -0.787519
vn  -0.616279 -0.003786 -0.787519
vn  0.615861 0.076277 0.784154
vn  0.615862 0.076280 0.784152
vn  0.777590 0.101294 -0.620559
vn  0.351360 0.796314 -0.492372
vn  0.666694 0.603757 -0.437031
vn  0.777591 0.101291 -0.620558
vn  0.615861 0.076281 0.784153
vn  0.615861 0.076281 0.784153
vn  0.615861 0.076281 0.784153
vn  -0.615864 -0.076274 -0.784152
vn  -0.615864 -0.076274 -0.784152
vn  -0.615861 -0.076281 -0.784153
vn  -0.558893 0.743777 0.366652
vn  -0.558893 0.743777 0.366652
vn  -0.558961 0.743765 0.366573
vn  0.238148 0.954250 -0.180808
vn  0.113883 0.931352 -0.345852
vn  -0.558894 0.743776 0.366653
vn  -0.558894 0.743776 0.366653
vn  -0.558912 0.743775 0.366628
vn  0.615857 0.076275 0.784157
vn  0.615857 0.076275 0.784157
vn  0.615857 0.076275 0.784157
vn  0.615857 0.076274 0.784157
vn  0.615857 0.076274 0.784157
vn  0.615857 0.076274 0.784157
vn  -0.615862 -0.076281 -0.784152
vn  -0.615862 -0.076281 -0.784152
vn  -0.615862 -0.076281 -0.784152
vn  -0.615861 -0.076279 -0.784154
vn  -0.615861 -0.076279 -0.784154
vn  -0.615861 -0.076279 -0.784154
vn  0.787726 -0.077488 -0.611133
vn  0.787726 -0.077488 -0.611133
vn  0.787727 -0.077488 -0.611132
vn  0.787735 -0.077491 -0.611120
vn  0.787735 -0.077491 -0.611120
vn  0.787726 -0.077493 -0.611132
vn  0.877626 0.299153 0.374539
vn  0.903671 0.338839 0.261853
vn  0.849240 0.449531 -0.276971
vn  0.769982 0.519833 0.370003
vn  -0.516994 0.219531 -0.827359
vn  -0.869970 0.236412 -0.432738
vn  -0.715940 0.218116 -0.663216
vn  -0.512570 0.240543 -0.824264
vn  0.494257 0.737679 -0.459934
vn  0.494257 0.737679 -0.459934
vn  0.494257 0.737680 -0.459934
vn  0.268711 0.915288 -0.300070
vn  0.494256 0.737680 -0.459934
vn  0.742358 0.310165 0.593888
vn  0.742358 0.310165 0.593888
vn  0.342135 0.383550 0.857807
vn  0.587650 0.392109 0.707756
vn  0.587637 0.392111 0.707765
vn  -0.633060 0.231684 -0.738618
vn  -0.578547 0.247665 -0.777139
vn  0.014152 0.994071 -0.107808
vn  -0.238940 0.966508 0.093648
vn  0.014152 0.994071 -0.107808
vn  0.014152 0.994071 -0.107808
vn  0.526537 0.377123 0.761930
vn  0.587656 0.392107 0.707751
vn  0.587656 0.392109 0.707751
vn  0.587656 0.392109 0.707751
vn  -0.464319 0.839225 0.283036
vn  -0.464319 0.839225 0.283036
vn  -0.282846 0.673837 0.682600
vn  -0.464321 0.839223 0.283038
vn  -0.464321 0.839223 0.283038
vn  -0.329756 0.153442 -0.931513
vn  -0.333084 0.200186 -0.921402
vn  -0.466848 0.837075 0.285232
vn  -0.466848 0.837075 0.285232
vn  -0.466848 0.837075 0.285232
vn  -0.466848 0.837075 0.285232
vn  0.382690 0.399268 0.833147
vn  0.075885 0.420322 0.904196
vn  -0.148620 0.286852 0.946376
vn  0.757287 0.217241 -0.615892
vn  0.486191 0.746389 -0.454447
vn  0.486188 0.746392 -0.454445
vn  0.153796 0.073130 -0.985393
vn  -0.066585 0.218670 -0.973525
vn  -0.066585 0.218670 -0.973525
vn  0.787727 -0.077487 -0.611131
vn  0.787727 -0.077487 -0.611131
vn  0.787728 -0.077484 -0.611131
vn  -0.976895 0.184271 -0.108261
vn  -0.894492 0.300135 -0.331365
vn  -0.894492 0.300135 -0.331365
vn  -0.787728 0.077495 0.611130
vn  -0.787728 0.077495 0.611130
vn  -0.787728 0.077495 0.611130
vn  -0.787728 0.077496 0.611130
vn  -0.787728 0.077496 0.611130
vn  -0.787728 0.077496 0.611130
vn  -0.864561 0.066314 0.498132
vn  -0.966537 -0.014020 -0.256143
vn  -0.999782 0.015715 0.013737
vn  -0.696088 0.087178 0.712644
vn  -0.256124 0.107815 0.960613
vn  0.015357 0.107596 0.994076
vn  0.502327 0.086178 0.860372
vn  0.717811 0.064986 0.693199
vn  0.966538 0.014032 0.256138
vn  0.999782 -0.015724 -0.013746
vn  0.864561 -0.066332 -0.498130
vn  0.696093 -0.087202 -0.712636
vn  0.256133 -0.107839 -0.960607
vn  -0.015362 -0.107613 -0.994074
vn  -0.502335 -0.086176 -0.860368
vn  -0.717816 -0.064968 -0.693195
vn  0.557850 0.660770 -0.502182
vn  -0.698232 0.513875 0.498402
vn  -0.339622 0.923780 0.176881
vn  0.557926 0.660806 -0.502049
vn  0.787959 -0.060150 -0.612783
vn  0.787751 -0.076288 -0.611251
vn  -0.615865 -0.076282 -0.784150
vn  -0.615916 -0.117786 -0.778957
vn  -0.615865 -0.076282 -0.784150
vn  -0.615852 -0.076271 -0.784162
vn  -0.615852 -0.076271 -0.784162
vn  -0.615852 -0.076271 -0.784162
vn  -0.787726 0.077493 0.611133
vn  -0.781294 -0.069032 0.620334
vn  0.615856 0.076277 0.784158
vn  0.615856 0.076277 0.784158
vn  0.615856 0.076277 0.784158
vn  0.615849 0.076284 0.784162
vn  0.615849 0.076284 0.784162
vn  0.615849 0.076284 0.784162
vn  0.613758 0.013784 0.789374
vn  0.613760 0.013781 0.789373
vn  0.613760 0.013781 0.789373
vn  0.613756 0.013787 0.789375
vn  0.613756 0.013787 0.789375
vn  -0.757989 -0.214067 0.616139
vn  -0.757990 -0.214067 0.616139
vn  -0.757991 -0.214066 0.616138
vn  -0.615538 -0.138461 -0.775849
vn  -0.615535 -0.138457 -0.775852
vn  -0.615540 -0.138466 -0.775846
vn  0.787440 -0.092338 -0.609436
vn  0.787426 -0.092352 -0.609452
vn  0.787426 -0.092352 -0.609452
vn  0.201022 0.794928 -0.572433
vn  -0.783203 0.454595 -0.424189
vn  -0.303407 0.759249 0.575748
vn  0.682231 0.664598 0.304747
vn  0.196141 0.208294 0.958197
vn  0.850001 0.500548 -0.164164
vn  -0.240456 0.245154 -0.939191
vn  -0.977274 0.088383 0.192677
vn  -0.533317 0.805060 0.259715
vn  -0.858702 0.498036 -0.120795
vn  -0.360575 0.746356 -0.559408
vn  0.098277 0.995159 0.000489
vn  -0.191335 0.669580 0.717672
vn  0.499498 0.660961 0.560029
vn  -0.033204 0.171013 0.984709
vn  0.608138 -0.060394 0.791531
vn  -0.151481 -0.398669 0.904498
vn  0.360545 -0.746395 0.559376
vn  -0.476891 -0.705701 0.523985
vn  -0.098251 -0.995162 -0.000454
vn  -0.818819 -0.570237 0.066067
vn  -0.499494 -0.660971 -0.560020
vn  -0.976969 -0.071621 -0.201001
vn  -0.608137 0.060419 -0.791530
vn  0.171554 -0.016478 -0.985037
vn  -0.234259 -0.224674 -0.945856
vn  -0.116115 0.459871 -0.880361
vn  0.338511 0.446099 -0.828496
vn  0.259681 0.856378 -0.446300
vn  0.647946 0.613858 -0.450938
vn  0.672980 0.732569 0.102183
vn  0.918495 0.388527 -0.073581
vn  0.881641 0.161011 0.443605
vn  0.991764 -0.097949 0.082520
vn  0.763493 -0.523560 0.378104
vn  0.824800 -0.560556 -0.074043
vn  0.387711 -0.920079 -0.055987
vn  0.515412 -0.728310 -0.451569
vn  -0.025567 -0.796275 -0.604394
vn  0.244825 -0.502949 -0.828917
vn  0.102867 0.436043 -0.894027
vn  -0.027740 -0.158658 -0.986944
vn  -0.975174 0.054328 -0.214670
vn  -0.802250 0.593947 -0.060173
vn  0.131812 -0.687380 -0.714236
vn  -0.872733 -0.488002 -0.013852
vn  0.488074 -0.840392 -0.235638
vn  -0.554931 -0.715366 0.424621
vn  0.832324 -0.528059 0.168493
vn  -0.207921 -0.494575 0.843898
vn  0.962919 0.066650 0.261428
vn  -0.034995 0.045035 0.998372
vn  0.803368 0.595375 -0.011310
vn  -0.137453 0.587360 0.797568
vn  0.447118 0.748394 -0.489889
vn  -0.455250 0.814742 0.359085
vn  -0.026284 -0.055843 -0.998094
vn  0.148908 0.514295 -0.844587
vn  0.087816 -0.620266 -0.779460
vn  0.424386 -0.848281 -0.316726
vn  0.786254 -0.606328 0.119041
vn  0.961459 -0.036136 0.272564
vn  0.847369 0.528259 0.053936
vn  0.510834 0.756269 -0.408785
vn  0.886289 -0.165260 0.432644
vn  0.196369 0.522262 0.829868
vn  -0.252768 -0.536294 0.805293
vn  0.344274 -0.936096 0.072113
vn  -0.580551 -0.809655 0.086134
vn  0.714802 -0.673146 -0.189560
vn  0.744949 0.602884 0.285625
vn  -0.534360 0.445552 0.718292
vn  -0.032001 -0.733492 -0.678945
vn  -0.341776 -0.885516 0.314723
vn  -0.979166 -0.071911 -0.189903
vn  -0.318330 0.201820 -0.926248
vn  -0.672439 0.705314 -0.224405
vn  0.162891 0.002590 -0.986641
vn  0.359346 -0.933056 -0.016634
vn  -0.602068 -0.326021 0.728851
vn  0.615730 0.076243 0.784260
vn  0.615731 0.076236 0.784260
vn  0.615731 0.076236 0.784260
vn  0.615729 0.076236 0.784261
vn  0.615732 0.076223 0.784260
vn  0.615743 0.076198 0.784254
vn  0.615743 0.076198 0.784254
vn  0.615743 0.076197 0.784254
vn  0.615738 0.076207 0.784257
vn  0.615742 0.076197 0.784255
vn  0.615727 0.076248 0.784262
vn  0.615727 0.076242 0.784262
vn  0.615726 0.076247 0.784263
vn  0.615728 0.076248 0.784261
vn  0.615728 0.076248 0.784261
vn  0.615732 0.076227 0.784260
vn  0.615731 0.076237 0.784260
vn  0.615731 0.076237 0.784260
vn  0.615728 0.076236 0.784262
vn  0.615746 0.076196 0.784252
vn  0.615747 0.076197 0.784251
vn  0.615747 0.076197 0.784251
vn  0.615744 0.076196 0.784253
vn  0.615740 0.076207 0.784256
vn  0.616769 0.077035 0.783366
vn  0.619733 0.079779 0.780747
vn  0.617798 0.077851 0.782473
vn  0.615797 0.076071 0.784224
vn  0.615735 0.076228 0.784257
vn  0.615736 0.076228 0.784257
vn  0.614182 0.076411 0.785457
vn  0.615705 0.076370 0.784267
vn  0.609569 0.076665 0.789017
vn  0.609569 0.076665 0.789017
vn  0.615678 0.076504 0.784276
vn  0.676702 0.458830 -0.575804
vn  0.676702 0.458830 -0.575804
vn  0.676702 0.458830 -0.575804
vn  0.672609 0.457693 -0.581476
vn  0.672609 0.457693 -0.581476
vn  0.672609 0.457693 -0.581476
vn  -0.671693 -0.458796 0.581666
vn  -0.671693 -0.458796 0.581666
vn  -0.671693 -0.458796 0.581666
vn  -0.676603 -0.458751 0.575982
vn  -0.676603 -0.458751 0.575982
vn  -0.676603 -0.458751 0.575982
vn  0.724017 0.337689 -0.601469
vn  0.724017 0.337689 -0.601469
vn  0.724017 0.337689 -0.601469
vn  0.724170 0.337690 -0.601285
vn  0.724170 0.337690 -0.601285
vn  0.724170 0.337690 -0.601285
vn  -0.724098 -0.337881 0.601264
vn  -0.724098 -0.337881 0.601264
vn  -0.724098 -0.337881 0.601264
vn  -0.723973 -0.337850 0.601433
vn  -0.723973 -0.337850 0.601433
vn  -0.723973 -0.337850 0.601433
vn  0.752850 0.237041 -0.614027
vn  0.752850 0.237041 -0.614027
vn  0.752850 0.237041 -0.614027
vn  0.752707 0.237004 -0.614215
vn  0.752707 0.237004 -0.614215
vn  0.752707 0.237004 -0.614215
vn  -0.752813 -0.237193 0.614013
vn  -0.752813 -0.237193 0.614013
vn  -0.752813 -0.237193 0.614013
vn  -0.752822 -0.237193 0.614002
vn  -0.752822 -0.237193 0.614002
vn  -0.752822 -0.237193 0.614002
vn  0.777307 0.109953 -0.619439
vn  0.777307 0.109953 -0.619439
vn  0.776957 0.109952 -0.619878
vn  0.776606 0.109951 -0.620317
vn  0.776606 0.109951 -0.620317
vn  -0.776228 -0.108861 0.620982
vn  -0.776228 -0.108861 0.620982
vn  -0.776228 -0.108861 0.620982
vn  -0.776745 -0.108990 0.620313
vn  -0.776745 -0.108990 0.620313
vn  -0.776745 -0.108990 0.620313
vn  -0.516501 0.856245 -0.008461
vn  0.186154 0.739717 0.646658
vn  0.540410 0.823281 -0.173681
vn  -0.167244 0.588854 -0.790747
vn  -0.807468 0.358644 -0.468369
vn  0.344257 0.410926 -0.844172
vn  -0.329981 0.591839 0.735417
vn  0.818657 0.427852 0.383071
vn  -0.080159 0.970728 -0.226411
vn  -0.476289 0.552550 -0.683986
vn  -0.368375 0.735883 -0.568133
vn  0.108130 0.994047 0.013330
vn  0.390665 0.829891 0.398324
vn  0.493731 0.672691 0.551105
vn  0.610785 0.227358 0.758452
vn  0.606457 -0.076596 0.791418
vn  0.476292 -0.552542 0.683991
vn  0.368385 -0.735866 0.568149
vn  0.246424 -0.869585 0.427898
vn  0.246425 -0.869584 0.427899
vn  -0.390675 -0.829877 -0.398342
vn  -0.272097 -0.933805 -0.232319
vn  -0.272097 -0.933805 -0.232319
vn  -0.272096 -0.933805 -0.232318
vn  -0.493734 -0.672682 -0.551114
vn  -0.610783 -0.227357 -0.758454
vn  -0.606457 0.076596 -0.791418
vn  -0.445807 0.612940 -0.652350
vn  -0.526346 0.429729 -0.733684
vn  -0.488626 0.525537 -0.696459
vn  -0.445807 0.612940 -0.652350
vn  -0.655447 0.499938 0.566085
vn  -0.733598 0.674684 -0.081466
vn  -0.980097 0.198468 -0.004455
vn  -0.715474 -0.059017 0.696142
vn  -0.122670 0.230682 0.965266
vn  -0.074148 -0.308623 0.948290
vn  0.525226 0.081628 0.847038
vn  0.638985 -0.440937 0.630296
vn  0.957824 0.087326 0.273764
vn  0.933526 -0.356745 -0.035527
vn  0.885672 0.282424 -0.368541
vn  0.667518 -0.104054 -0.737287
vn  0.346903 0.531324 -0.772886
vn  0.027618 0.150313 -0.988253
vn  -0.294994 0.700741 -0.649570
vn  -0.686933 0.277788 -0.671533
vn  0.849369 0.331420 -0.410772
vn  0.062703 -0.836099 -0.544983
vn  0.559772 -0.470020 -0.682449
vn  0.641872 0.766810 -0.001623
vn  -0.787724 0.077499 0.611135
vn  -0.062694 0.836101 0.544981
vn  -0.559768 0.470035 0.682442
vn  -0.787729 0.077487 0.611129
vn  -0.323778 -0.896058 -0.303723
vn  -0.323778 -0.896058 -0.303723
vn  -0.323743 -0.896053 -0.303776
vn  -0.562919 0.302440 -0.769190
vn  -0.567978 0.276023 -0.775379
vn  -0.561152 0.312538 -0.766439
vn  -0.363358 0.538581 0.760198
vn  -0.363358 0.538581 0.760198
vn  0.071035 0.425097 0.902356
vn  0.055878 0.365742 0.929038
vn  -0.527158 0.488941 0.695011
vn  0.915023 -0.229780 0.331564
vn  0.926174 -0.292287 0.238263
vn  0.905270 -0.420115 -0.063168
vn  0.905076 -0.420225 -0.065177
vn  0.905076 -0.420225 -0.065177
vn  -0.263614 0.547751 0.794026
vn  0.088324 0.422246 0.902168
vn  -0.338199 0.592272 0.731325
vn  -0.338199 0.592272 0.731325
vn  0.759060 0.073776 0.646827
vn  0.986484 0.156236 0.049400
vn  0.676048 0.084848 0.731956
vn  0.911517 -0.409109 -0.042027
vn  0.908701 -0.411951 -0.067518
vn  0.908701 -0.411951 -0.067518
vn  0.802345 0.493046 -0.336374
vn  0.802345 0.493046 -0.336374
vn  0.992504 0.002336 0.122191
vn  0.840161 0.446602 -0.307696
vn  0.948297 -0.310336 -0.066521
vn  0.948297 -0.310336 -0.066521
vn  0.939389 -0.220387 0.262637
vn  0.939687 -0.339889 -0.038255
vn  0.572635 0.185137 0.798632
vn  0.507981 0.639665 0.576874
vn  0.522817 0.556059 0.646112
vn  0.694976 0.260227 0.670292
vn  0.609611 0.240835 0.755231
vn  0.287187 0.923215 0.255337
vn  0.283262 0.926026 0.249477
vn  0.269318 -0.848904 0.454785
vn  0.113384 -0.956869 0.267481
vn  0.113384 -0.956869 0.267481
vn  0.113383 -0.956869 0.267480
vn  0.269318 -0.848904 0.454786
vn  0.472784 -0.559933 0.680404
vn  0.529337 -0.422294 0.735846
vn  0.616017 0.104637 0.780753
vn  0.616014 0.104605 0.780759
vn  0.423191 0.788987 0.445431
vn  0.528996 0.602932 0.597190
vn  0.471505 0.714294 0.517173
vn  0.471502 0.714306 0.517159
vn  -0.457885 0.642477 0.614463
vn  -0.457885 0.642477 0.614463
vn  -0.448816 0.595317 0.666455
vn  -0.478749 0.629230 0.612266
vn  -0.478749 0.629230 0.612266
vn  0.590601 0.445200 0.673043
vn  0.710688 0.438353 0.550246
vn  0.535678 0.380150 0.754012
vn  0.606902 0.267704 0.748334
vn  0.766179 0.399662 0.503230
vn  0.529978 0.590943 0.608202
vn  -0.635624 0.418896 0.648466
vn  -0.606287 0.345733 0.716160
vn  -0.510820 0.509493 0.692445
vn  0.152548 0.985696 0.071642
vn  0.152548 0.985696 0.071642
vn  0.143408 0.987649 0.063121
vn  0.544374 0.551921 0.631697
vn  0.545104 0.549813 0.632904
vn  0.511278 0.635628 0.578423
vn  0.594301 0.356716 0.720805
vn  0.615162 0.046528 0.787027
vn  0.607879 -0.062995 0.791527
vn  0.615615 0.135154 0.776371
vn  0.615615 0.135157 0.776370
vn  0.579884 0.428074 0.693172
vn  0.579885 0.428072 0.693172
vn  0.572398 0.458763 0.679630
vn  0.572398 0.458761 0.679631
vn  0.014152 0.994071 -0.107808
vn  0.486253 0.746323 -0.454488
vn  0.014152 0.994071 -0.107808
vn  0.014152 0.994071 -0.107808
vn  -0.615861 -0.076292 -0.784152
vn  -0.615861 -0.076288 -0.784153
vn  -0.615861 -0.076288 -0.784153
vn  -0.615861 -0.076296 -0.784152
vn  -0.615861 -0.076296 -0.784152
vn  0.761691 0.196728 -0.617353
vn  0.761692 0.196721 -0.617355
vn  0.761692 0.196714 -0.617357
vn  0.761692 0.196714 -0.617357
vn  -0.787726 0.077497 0.611131
vn  -0.787726 0.077497 0.611131
vn  -0.787726 0.077497 0.611131
vn  -0.787726 0.077497 0.611131
vn  -0.787726 0.077497 0.611131
vn  0.615861 0.076277 0.784154
vn  0.615861 0.076277 0.784154
vn  0.615861 0.076277 0.784154
vn  0.615861 0.076288 0.784153
vn  0.615861 0.076288 0.784153
vn  0.615861 0.076288 0.784153
vn  -0.390742 0.893839 0.219938
vn  -0.390742 0.893839 0.219938
vn  -0.390742 0.893839 0.219938
vn  -0.390742 0.893839 0.219937
vn  0.390728 -0.893841 -0.219953
vn  0.390733 -0.893845 -0.219930
vn  0.390728 -0.893841 -0.219953
vn  0.390723 -0.893838 -0.219975
vn  -0.613619 -0.081721 -0.785362
vn  -0.613619 -0.081721 -0.785362
vn  -0.613619 -0.081721 -0.785362
vn  -0.613621 -0.081713 -0.785361
vn  -0.613621 -0.081713 -0.785361
vn  -0.613621 -0.081713 -0.785361
vn  -0.683562 -0.443154 0.579963
vn  -0.683562 -0.443154 0.579963
vn  -0.683562 -0.443154 0.579963
vn  -0.683530 -0.443260 0.579920
vn  -0.683530 -0.443260 0.579920
vn  -0.683530 -0.443260 0.579920
vn  0.618093 0.070802 0.782910
vn  0.618093 0.070802 0.782910
vn  0.618093 0.070802 0.782910
vn  0.618080 0.070825 0.782918
vn  0.618080 0.070825 0.782918
vn  0.618080 0.070825 0.782918
vn  0.683427 0.443464 -0.579886
vn  0.683427 0.443464 -0.579886
vn  0.683427 0.443464 -0.579886
vn  0.683427 0.443462 -0.579887
vn  0.683427 0.443462 -0.579887
vn  0.683427 0.443462 -0.579887
vn  0.615861 0.076277 0.784154
vn  0.615861 0.076276 0.784154
vn  0.615860 0.076277 0.784154
vn  0.615861 0.076277 0.784154
vn  0.776546 -0.226800 -0.587825
vn  0.776547 -0.226799 -0.587824
vn  0.717339 -0.465861 -0.518072
vn  0.717338 -0.465863 -0.518072
vn  0.572463 0.183041 0.799239
vn  0.615863 0.076284 0.784151
vn  0.615861 0.076277 0.784154
vn  0.611948 0.051181 0.789240
vn  0.733335 0.308318 -0.605938
vn  0.784873 0.027122 -0.619063
vn  0.787848 -0.055677 -0.613347
vn  0.620171 0.566912 -0.542216
vn  0.748893 0.252446 -0.612724
vn  0.787849 -0.055688 -0.613346
vn  0.441189 0.791220 -0.423465
vn  0.441181 0.791228 -0.423460
vn  0.615860 0.076277 0.784154
vn  0.615860 0.076277 0.784154
vn  -0.978349 -0.153658 -0.138647
vn  -0.978349 -0.153658 -0.138647
vn  -0.978349 -0.153658 -0.138647
vn  -0.775804 -0.114651 0.620471
vn  -0.775804 -0.114651 0.620471
vn  -0.775804 -0.114651 0.620471
vn  0.014152 0.994071 -0.107808
vn  -0.557210 0.745803 0.365096
vn  0.332190 0.877369 -0.346227
vn  0.014155 0.994071 -0.107804
vn  0.014155 0.994071 -0.107804
vn  0.787471 0.134063 -0.601595
vn  0.800887 0.138175 -0.582655
vn  0.800887 0.138175 -0.582655
vn  0.773618 0.129876 -0.620200
vn  0.690041 -0.543629 -0.477820
vn  0.694908 -0.542006 -0.472581
vn  0.783910 -0.197357 -0.588672
vn  0.749220 0.248261 -0.614032
vn  0.359482 0.857970 -0.366961
vn  0.495723 0.734864 -0.462854
vn  0.489208 0.743051 -0.456673
vn  0.721062 0.350142 -0.597888
vn  0.759227 -0.316766 -0.568536
vn  0.658652 -0.593444 -0.462604
vn  0.354212 -0.914727 -0.194445
vn  0.103371 -0.991149 -0.083299
vn  -0.787727 0.077494 0.611130
vn  -0.787840 0.053373 0.613564
vn  -0.787727 0.077494 0.611130
vn  -0.787728 0.077494 0.611130
vn  -0.787728 0.077494 0.611130
vn  -0.451977 -0.781027 0.430946
vn  -0.839239 -0.248246 0.483789
vn  -0.640963 -0.346330 0.684998
vn  -0.304855 -0.894701 0.326456
vn  -0.450987 -0.781976 0.430260
vn  -0.714486 -0.365350 0.596682
vn  0.615864 0.076275 0.784151
vn  0.615864 0.076275 0.784151
vn  0.615864 0.076275 0.784151
vn  0.615861 0.076277 0.784154
vn  0.615861 0.076277 0.784154
vn  0.615861 0.076277 0.784154
vn  -0.609796 -0.077429 -0.788767
vn  -0.615861 -0.076276 -0.784154
vn  -0.615861 -0.076276 -0.784154
vn  -0.615861 -0.076270 -0.784155
vn  -0.612310 -0.080075 -0.786552
vn  -0.603695 -0.078579 -0.793334
vn  -0.598606 -0.073275 -0.797685
vn  -0.165422 -0.055562 0.984657
vn  -0.496221 -0.135428 0.857569
vn  -0.503758 -0.091099 0.859028
vn  -0.775841 -0.114655 0.620423
vn  -0.775841 -0.114655 0.620423
vn  0.332190 0.877370 -0.346225
vn  -0.557230 0.745799 0.365073
vn  0.014152 0.994071 -0.107808
vn  0.014152 0.994071 -0.107808
vn  0.014152 0.994071 -0.107808
vn  0.758591 0.130492 -0.638366
vn  0.773622 0.129881 -0.620193
vn  0.743137 0.131031 -0.656184
vn  0.743137 0.131031 -0.656184
vn  0.679179 -0.544978 -0.491646
vn  0.750641 0.248437 -0.612223
vn  0.776381 -0.198292 -0.598259
vn  0.675136 -0.544457 -0.497753
vn  0.451669 0.782169 -0.429193
vn  0.451767 0.782178 -0.429075
vn  0.635102 0.539201 -0.553089
vn  0.636033 0.539259 -0.551961
vn  0.662244 -0.591815 -0.459552
vn  0.762913 -0.312920 -0.565726
vn  0.198535 -0.979362 0.037871
vn  0.359264 -0.914101 -0.188012
vn  -0.615857 -0.076276 -0.784157
vn  -0.615857 -0.076276 -0.784157
vn  -0.615857 -0.076276 -0.784157
vn  -0.615865 -0.076283 -0.784150
vn  -0.615865 -0.076283 -0.784150
vn  -0.615865 -0.076283 -0.784150
vn  -0.363110 0.223987 0.904423
vn  -0.333639 0.129252 0.933798
vn  -0.994182 0.057938 0.090800
vn  -0.978170 0.176180 0.110199
vn  -0.535212 0.044052 0.843568
vn  -0.964918 -0.077141 0.250961
vn  -0.364374 0.228924 0.902677
vn  -0.969167 0.144315 0.199720
vn  -0.956366 -0.001128 -0.292169
vn  -0.946685 0.043728 -0.319180
vn  -0.948586 -0.088784 -0.303813
vn  -0.947043 0.072069 -0.312914
vn  -0.783442 0.621395 -0.009366
vn  -0.814795 0.416259 0.403531
vn  -0.487153 0.872777 -0.030717
vn  -0.816111 0.505988 -0.279177
vn  -0.607092 -0.773579 -0.181700
vn  -0.861079 -0.439441 0.255801
vn  -0.941532 -0.327029 0.081055
vn  -0.941495 -0.325963 0.085642
vn  -0.773414 -0.253835 -0.580861
vn  -0.960890 0.111742 -0.253384
vn  -0.772459 -0.032278 -0.634244
vn  -0.936790 0.095886 -0.336498
vn  -0.936790 0.095886 -0.336498
vn  -0.947022 0.014743 -0.320830
vn  -0.947022 0.014743 -0.320830
vn  -0.821084 -0.204933 -0.532751
vn  -0.968444 0.049148 -0.244337
vn  -0.569144 0.771088 -0.285480
vn  -0.825065 0.332194 -0.457072
vn  -0.952415 0.303073 0.032450
vn  -0.920208 0.274355 -0.279189
vn  -0.920208 0.274355 -0.279189
vn  0.042174 0.948602 -0.313648
vn  -0.289223 0.778541 -0.556977
vn  -0.432844 0.898517 -0.072893
vn  -0.641155 -0.754571 0.139793
vn  -0.804682 -0.476721 0.353871
vn  -0.559178 0.326290 -0.762138
vn  -0.615117 -0.152758 -0.773496
vn  -0.692388 -0.133859 -0.709000
vn  -0.477701 -0.644995 -0.596475
vn  -0.903690 -0.335471 -0.266090
vn  0.131024 -0.295891 -0.946193
vn  -0.122653 -0.716205 -0.687028
vn  0.119148 -0.674878 -0.728247
vn  -0.599721 0.789764 0.128871
vn  -0.596899 0.798126 0.081896
vn  -0.596899 0.798126 0.081896
vn  0.017343 -0.922107 -0.386547
vn  0.638753 -0.338319 -0.691039
vn  0.584481 -0.495350 -0.642658
vn  0.582600 -0.551521 -0.596994
vn  0.075616 0.170341 0.982480
vn  0.051374 0.123689 0.990990
vn  0.072775 0.037710 0.996635
vn  0.066799 0.197638 0.977996
vn  -0.238485 0.688885 0.684516
vn  0.025060 0.610166 0.791877
vn  -0.147439 0.916150 0.372735
vn  -0.192362 0.907494 0.373431
vn  -0.192362 0.907494 0.373431
vn  0.101604 -0.685805 0.720658
vn  0.398149 -0.108732 0.910854
vn  -0.279390 -0.243961 0.928668
vn  -0.274878 -0.244462 0.929882
vn  -0.413673 -0.384029 0.825467
vn  0.363607 0.122025 0.923526
vn  0.002230 0.231030 0.972944
vn  0.089841 0.223034 0.970662
vn  0.089841 0.223034 0.970662
vn  0.416490 -0.112107 0.902202
vn  0.113631 0.157102 0.981023
vn  -0.003982 0.148252 0.988942
vn  -0.003982 0.148252 0.988942
vn  -0.289759 0.385145 0.876187
vn  0.211062 0.460519 0.862192
vn  0.065883 0.849737 0.523074
vn  0.021725 0.391015 0.920128
vn  0.021725 0.391015 0.920128
vn  0.312119 0.950016 -0.007211
vn  0.312119 0.950016 -0.007211
vn  0.394990 0.863282 0.314209
vn  0.132786 0.978803 -0.155924
vn  -0.459365 -0.455327 0.762667
vn  -0.491275 -0.437906 0.752919
vn  -0.491275 -0.437906 0.752919
vn  0.570461 0.466196 0.676192
vn  0.511294 0.108087 0.852582
vn  0.601939 -0.114088 0.790350
vn  0.185191 -0.306055 0.933828
vn  0.479212 -0.546296 0.686962
vn  0.973322 -0.191570 0.126276
vn  0.754324 -0.568558 0.328233
vn  0.795555 -0.591103 0.133002
vn  -0.298191 0.835123 0.462225
vn  -0.298191 0.835123 0.462225
vn  -0.298191 0.835123 0.462225
vn  -0.343456 0.821505 0.455157
vn  -0.343456 0.821505 0.455157
vn  0.842098 -0.353279 -0.407511
vn  0.842098 -0.353279 -0.407511
vn  0.853791 -0.356028 -0.379848
vn  0.863123 -0.269569 -0.427027
vn  0.863123 -0.269569 -0.427027
vn  0.855485 -0.277171 -0.437403
vn  -0.414752 0.859208 -0.299570
vn  -0.429429 0.890010 -0.153211
vn  -0.905326 0.389639 0.169018
vn  -0.923489 0.225917 -0.310047
vn  -0.246172 0.669364 -0.700965
vn  -0.491800 -0.098379 -0.865133
vn  0.063139 0.382219 -0.921912
vn  0.281245 -0.317012 -0.905762
vn  0.904583 -0.390449 -0.171111
vn  0.921766 -0.222667 0.317437
vn  0.944724 -0.321023 0.066634
vn  0.899317 -0.398304 -0.180507
vn  0.493401 0.094636 0.864638
vn  0.699714 -0.020238 0.714136
vn  -0.004716 0.276795 0.960917
vn  -0.194810 0.285649 0.938325
vn  0.527345 0.689915 -0.495907
vn  0.237000 0.931266 -0.276722
vn  -0.303841 0.789609 -0.533103
vn  0.359866 0.012415 -0.932922
vn  0.327426 0.867396 -0.374721
vn  0.327426 0.867396 -0.374721
vn  0.293732 0.880113 -0.372990
vn  0.277632 0.919467 -0.278390
vn  0.277632 0.919467 -0.278390
vn  0.277527 0.919294 -0.279064
vn  0.316806 0.897272 -0.307467
vn  0.316806 0.897272 -0.307467
vn  0.321222 0.896869 -0.304043
vn  -0.462792 0.560975 -0.686390
vn  -0.590876 0.681754 -0.431368
vn  -0.318069 0.858229 -0.402833
vn  -0.389919 0.881577 -0.266056
vn  -0.408600 0.443819 0.797540
vn  0.282815 0.872720 0.397964
vn  -0.192727 0.413769 0.889748
vn  -0.428533 0.456806 0.779543
vn  -0.428533 0.456806 0.779543
vn  0.688995 0.690461 0.220339
vn  0.516514 0.172335 0.838758
vn  0.702170 0.710640 0.044135
vn  0.979223 -0.197440 0.046257
vn  0.067801 -0.384619 -0.920582
vn  0.064615 -0.380028 -0.922716
vn  0.411729 -0.444198 -0.795718
vn  0.428887 -0.456569 -0.779488
vn  0.428887 -0.456569 -0.779488
vn  -0.523676 -0.169026 -0.834981
vn  -0.725934 -0.055166 -0.685549
vn  0.209738 0.953370 -0.217014
vn  0.963389 0.130385 -0.234267
vn  0.367383 0.872733 0.321506
vn  0.237007 0.931267 -0.276713
vn  0.237007 0.931267 -0.276713
vn  0.348485 0.886894 -0.303277
vn  0.348485 0.886894 -0.303277
vn  0.359487 0.871366 -0.333902
vn  0.359487 0.871366 -0.333902
vn  0.250248 0.915897 -0.313860
vn  0.249515 0.915989 -0.314176
vn  0.196517 0.974266 0.110390
vn  0.286949 0.892625 -0.347679
vn  0.289189 0.893868 -0.342593
vn  0.289189 0.893868 -0.342593
vn  0.710556 0.562284 0.423021
vn  0.209912 0.780939 0.588278
vn  -0.615861 -0.076279 -0.784154
vn  -0.615861 -0.076279 -0.784154
vn  -0.615861 -0.076279 -0.784154
vn  -0.615861 -0.076277 -0.784154
vn  -0.615861 -0.076277 -0.784154
vn  -0.615861 -0.076277 -0.784154
vn  -0.862956 0.348475 0.365886
vn  -0.775011 0.493348 0.394924
vn  0.615734 0.076217 0.784259
vn  0.615733 0.076217 0.784260
vn  0.615733 0.076217 0.784260
vn  0.615735 0.076218 0.784258
vn  0.615735 0.076218 0.784258
vn  0.615735 0.076218 0.784258
vn  -0.615986 -0.076333 -0.784050
vn  -0.615984 -0.076331 -0.784052
vn  -0.615984 -0.076331 -0.784052
vn  -0.615983 -0.076334 -0.784052
vn  -0.615983 -0.076334 -0.784053
vn  -0.615983 -0.076334 -0.784053
vn  0.615728 0.076252 0.784261
vn  0.615728 0.076252 0.784261
vn  0.615711 0.076238 0.784276
vn  0.615711 0.076238 0.784276
vn  -0.611069 -0.025088 -0.791180
vn  -0.611069 -0.025088 -0.791180
vn  -0.611069 -0.025088 -0.791180
vn  -0.615860 -0.076266 -0.784155
vn  -0.615860 -0.076266 -0.784155
vn  -0.615860 -0.076266 -0.784155
vn  -0.612533 -0.138982 -0.778131
vn  -0.612533 -0.138982 -0.778131
vn  -0.612533 -0.138982 -0.778131
vn  -0.610820 -0.070682 -0.788608
vn  -0.610820 -0.070682 -0.788608
vn  -0.610820 -0.070682 -0.788608
vn  0.616754 0.017002 0.786972
vn  0.616754 0.017002 0.786972
vn  0.616754 0.017002 0.786972
vn  0.620886 0.081896 0.779611
vn  0.620886 0.081896 0.779611
vn  0.620886 0.081896 0.779611
vn  -0.020830 -0.993378 0.112986
vn  -0.020830 -0.993378 0.112986
vn  -0.020830 -0.993378 0.112986
vn  -0.020829 -0.993378 0.112986
vn  -0.020829 -0.993378 0.112986
vn  -0.020829 -0.993378 0.112986
vn  -0.615861 -0.076276 -0.784154
vn  -0.615861 -0.076276 -0.784154
vn  -0.615861 -0.076276 -0.784154
vn  -0.615857 -0.076270 -0.784157
vn  -0.615857 -0.076270 -0.784157
vn  -0.615857 -0.076270 -0.784157
vn  0.260213 -0.959141 -0.111071
vn  0.260213 -0.959141 -0.111071
vn  0.260213 -0.959141 -0.111071
vn  0.260213 -0.959142 -0.111071
vn  0.260213 -0.959142 -0.111071
vn  0.260213 -0.959142 -0.111071
vn  -0.787721 0.041302 0.614646
vn  -0.782254 -0.059209 0.620140
vn  -0.486794 -0.745744 0.454860
vn  -0.159638 -0.393683 0.905279
vn  -0.275097 0.217417 0.936510
vn  -0.619376 0.661993 0.422065
vn  -0.019513 0.727146 0.686206
vn  -0.093649 0.995333 -0.023265
vn  0.457181 0.836851 0.301108
vn  0.486835 0.745707 -0.454877
vn  0.875936 0.482380 0.006741
vn  0.782271 0.059209 -0.620118
vn  0.991380 -0.128708 -0.024485
vn  0.619400 -0.661976 -0.422057
vn  0.735835 -0.638408 0.225792
vn  0.093717 -0.995328 0.023214
vn  0.259124 -0.748156 0.610833
vn  -0.078984 0.996266 -0.034864
vn  -0.527716 0.778978 0.338687
vn  0.482854 0.749936 -0.452160
vn  0.482858 0.749936 -0.452155
vn  0.723160 0.340267 -0.601048
vn  0.772799 0.135201 -0.620082
vn  0.744301 -0.382695 -0.547321
vn  0.600376 -0.689936 -0.404398
vn  0.172257 -0.984258 -0.039542
vn  -0.109382 -0.977574 0.179956
vn  -0.514754 -0.716427 0.470915
vn  -0.655604 -0.505418 0.561014
vn  -0.693887 -0.421292 0.583981
vn  -0.624034 -0.560336 0.544614
vn  -0.541160 -0.682403 0.491398
vn  -0.541162 -0.682404 0.491395
vn  -0.732652 0.421451 0.534416
vn  -0.732652 0.421451 0.534416
vn  -0.732652 0.421451 0.534416
vn  0.615864 0.076264 0.784153
vn  0.615864 0.076264 0.784153
vn  0.615864 0.076264 0.784153
vn  0.615863 0.076272 0.784153
vn  0.615863 0.076272 0.784153
vn  0.615863 0.076272 0.784153
vn  0.673706 -0.055384 0.736921
vn  0.673706 -0.055384 0.736921
vn  0.673706 -0.055384 0.736921
vn  0.660985 -0.041353 0.749259
vn  0.660985 -0.041353 0.749259
vn  0.660985 -0.041353 0.749259
vn  0.646485 0.068904 0.759809
vn  0.646485 0.068904 0.759809
vn  0.646485 0.068904 0.759809
vn  0.644914 0.059203 0.761958
vn  0.644914 0.059203 0.761958
vn  0.644914 0.059203 0.761958
vn  0.615861 0.076282 0.784154
vn  0.615861 0.076282 0.784154
vn  0.615861 0.076282 0.784154
vn  0.619119 0.130057 0.774453
vn  0.619119 0.130057 0.774453
vn  0.619119 0.130057 0.774453
vn  0.443159 -0.809957 0.384161
vn  0.609144 -0.049853 0.791491
vn  0.612715 0.201226 0.764256
vn  0.616556 -0.130324 0.776449
vn  0.596550 -0.151500 0.788147
vn  0.609575 0.241226 0.755134
vn  0.609576 0.241225 0.755134
vn  0.598932 -0.135737 0.789213
vn  0.598931 -0.135737 0.789213
vn  0.273848 0.932693 0.234716
vn  0.273848 0.932693 0.234716
vn  0.391712 0.828673 0.399829
vn  0.494103 0.671947 0.551679
vn  0.609074 -0.050638 0.791495
vn  0.609834 0.238382 0.755828
vn  -0.787739 0.077471 0.611118
vn  -0.787737 0.077467 0.611121
vn  -0.787737 0.077467 0.611121
vn  -0.787736 0.077469 0.611122
vn  -0.787736 0.077469 0.611122
vn  -0.787732 0.077495 0.611125
vn  -0.787728 0.077495 0.611129
vn  -0.787728 0.077495 0.611129
vn  -0.787737 0.077502 0.611117
vn  -0.787740 0.077487 0.611115
vn  -0.787737 0.077482 0.611119
vn  -0.787737 0.077482 0.611119
vn  -0.787744 0.077477 0.611111
vn  0.787738 -0.077465 -0.611121
vn  0.787727 -0.077514 -0.611129
vn  0.787727 -0.077514 -0.611129
vn  0.787749 -0.077416 -0.611113
vn  0.787742 -0.077459 -0.611115
vn  0.787716 -0.077496 -0.611145
vn  0.787710 -0.077484 -0.611155
vn  0.787710 -0.077484 -0.611155
vn  0.787729 -0.077492 -0.611128
vn  0.787729 -0.077493 -0.611129
vn  0.787770 -0.077449 -0.611081
vn  0.787770 -0.077449 -0.611081
vn  0.787709 -0.077513 -0.611151
vn  -0.250368 0.866153 -0.432544
vn  -0.250368 0.866153 -0.432544
vn  -0.250366 0.866154 -0.432544
vn  -0.250365 0.866155 -0.432543
vn  -0.250365 0.866155 -0.432543
vn  -0.273970 -0.932615 -0.234883
vn  -0.273970 -0.932615 -0.234883
vn  -0.273970 -0.932615 -0.234883
vn  -0.273970 -0.932615 -0.234881
vn  -0.273970 -0.932615 -0.234881
vn  -0.273970 -0.932615 -0.234881
vn  -0.552224 0.350827 -0.756287
vn  -0.552224 0.350827 -0.756287
vn  -0.552224 0.350827 -0.756287
vn  -0.552228 0.350821 -0.756286
vn  -0.552228 0.350821 -0.756286
vn  -0.552228 0.350821 -0.756286
vn  -0.564596 -0.487643 -0.665910
vn  -0.564596 -0.487643 -0.665910
vn  -0.564596 -0.487643 -0.665910
vn  -0.564595 -0.487639 -0.665914
vn  -0.564595 -0.487639 -0.665914
vn  -0.564595 -0.487639 -0.665914
vn  -0.025561 0.766838 0.641332
vn  -0.119057 0.879060 0.461605
vn  -0.607452 0.465067 0.643983
vn  -0.117983 0.879205 0.461604
vn  0.169467 0.194425 0.966168
vn  0.164579 0.415347 0.894651
vn  0.164579 0.415347 0.894651
vn  0.164589 0.415343 0.894651
vn  0.022022 -0.420226 0.907152
vn  0.074837 -0.201182 0.976691
vn  0.074837 -0.201182 0.976691
vn  0.150976 -0.279833 0.948103
vn  -0.152233 -0.739538 0.655674
vn  -0.141597 -0.756473 0.638514
vn  -0.141597 -0.756473 0.638514
vn  -0.162763 -0.722091 0.672379
vn  0.452937 -0.738187 0.499927
vn  0.559408 -0.556790 0.614042
vn  0.328174 -0.871101 0.365356
vn  0.328243 -0.870935 0.365691
vn  0.688056 -0.105775 0.717907
vn  0.698716 0.170151 0.694870
vn  0.668145 0.225911 0.708905
vn  0.681370 0.246479 0.689190
vn  0.787728 -0.077491 -0.611129
vn  0.787728 -0.077494 -0.611129
vn  0.787729 -0.077488 -0.611129
vn  0.787729 -0.077487 -0.611130
vn  0.787729 -0.077487 -0.611130
vn  0.787727 -0.077493 -0.611131
vn  0.787727 -0.077494 -0.611131
vn  0.787728 -0.077500 -0.611128
vn  0.787728 -0.077500 -0.611128
vn  0.787728 -0.077496 -0.611130
vn  0.787727 -0.077496 -0.611130
vn  0.787728 -0.077492 -0.611129
vn  0.787728 -0.077492 -0.611129
vn  -0.787728 0.077496 0.611130
vn  -0.787728 0.077492 0.611130
vn  -0.787727 0.077495 0.611130
vn  -0.787727 0.077496 0.611130
vn  -0.787727 0.077496 0.611130
vn  -0.580379 -0.425918 -0.694086
vn  -0.580379 -0.425918 -0.694086
vn  -0.588841 -0.279619 -0.758340
vn  -0.609141 0.049900 -0.791490
vn  -0.580382 -0.425912 -0.694086
vn  -0.604847 0.090820 -0.791146
vn  -0.570273 0.283448 -0.771003
vn  -0.604846 0.090818 -0.791147
vn  -0.604917 -0.284836 -0.743602
vn  -0.604916 -0.284837 -0.743602
vn  -0.244049 0.871626 -0.425097
vn  -0.475779 0.553633 -0.683466
vn  -0.366962 0.737802 -0.566557
vn  -0.244049 0.871629 -0.425092
vn  -0.244049 0.871629 -0.425092
vn  -0.612669 -0.201950 -0.764103
vn  -0.605189 0.087901 -0.791214
vn  -0.787722 0.077482 0.611139
vn  -0.787722 0.077471 0.611140
vn  -0.787722 0.077471 0.611140
vn  -0.787726 0.077480 0.611134
vn  -0.787726 0.077480 0.611134
vn  -0.787723 0.077494 0.611136
vn  -0.787718 0.077495 0.611143
vn  -0.787717 0.077498 0.611143
vn  -0.787725 0.077490 0.611134
vn  -0.787725 0.077490 0.611134
vn  -0.787718 0.077493 0.611142
vn  -0.787718 0.077493 0.611143
vn  -0.787718 0.077493 0.611143
vn  0.787726 -0.077483 -0.611134
vn  0.787731 -0.077494 -0.611126
vn  0.787726 -0.077483 -0.611134
vn  0.787732 -0.077514 -0.611122
vn  0.787732 -0.077514 -0.611122
vn  0.787732 -0.077514 -0.611122
vn  0.787739 -0.077493 -0.611116
vn  0.787726 -0.077492 -0.611132
vn  0.787726 -0.077491 -0.611133
vn  0.787746 -0.077479 -0.611109
vn  0.787746 -0.077479 -0.611109
vn  0.787745 -0.077510 -0.611106
vn  0.787721 -0.077490 -0.611139
vn  0.787721 -0.077490 -0.611139
vn  0.271502 0.934180 0.231503
vn  0.271502 0.934180 0.231503
vn  0.271502 0.934180 0.231503
vn  0.271502 0.934180 0.231503
vn  0.271502 0.934180 0.231503
vn  0.271502 0.934180 0.231503
vn  0.243810 -0.871832 0.424813
vn  0.243810 -0.871832 0.424813
vn  0.243810 -0.871832 0.424813
vn  0.243808 -0.871833 0.424812
vn  0.243808 -0.871833 0.424812
vn  0.243808 -0.871833 0.424812
vn  0.564178 0.489104 0.665192
vn  0.564178 0.489104 0.665192
vn  0.564178 0.489104 0.665192
vn  0.564178 0.489104 0.665192
vn  0.564178 0.489104 0.665192
vn  0.564178 0.489104 0.665192
vn  0.552676 -0.349277 0.756674
vn  0.552676 -0.349277 0.756674
vn  0.552676 -0.349277 0.756674
vn  0.552677 -0.349276 0.756673
vn  0.552677 -0.349276 0.756673
vn  0.552677 -0.349276 0.756673
vn  -0.695626 0.686659 -0.211197
vn  -0.553315 0.828004 -0.090847
vn  -0.553315 0.828004 -0.090847
vn  -0.552826 0.828105 -0.092875
vn  -0.552826 0.828105 -0.092875
vn  -0.910536 0.060670 -0.408955
vn  -0.863390 0.288031 -0.414241
vn  -0.863395 0.288041 -0.414224
vn  -0.863395 0.288041 -0.414224
vn  -0.830312 -0.528139 -0.177910
vn  -0.852996 -0.404178 -0.330209
vn  -0.906376 -0.322714 -0.272650
vn  -0.906376 -0.322714 -0.272650
vn  -0.614649 -0.783158 0.094182
vn  -0.614649 -0.783158 0.094182
vn  -0.577010 -0.812187 0.086095
vn  -0.577010 -0.812187 0.086095
vn  -0.577010 -0.812187 0.086095
vn  -0.301122 -0.835265 -0.460062
vn  -0.186498 -0.938697 -0.289943
vn  -0.186498 -0.938697 -0.289943
vn  -0.187329 -0.938403 -0.290358
vn  -0.187329 -0.938403 -0.290358
vn  -0.480641 -0.493057 -0.725176
vn  -0.480641 -0.493057 -0.725176
vn  -0.480647 -0.493047 -0.725178
vn  -0.480647 -0.493047 -0.725178
vn  -0.480647 -0.493047 -0.725178
vn  -0.483731 0.273644 -0.831339
vn  -0.483731 0.273644 -0.831339
vn  -0.483731 0.273644 -0.831339
vn  -0.483726 0.273611 -0.831352
vn  -0.524317 0.097154 -0.845963
vn  -0.483726 0.273611 -0.831352
vn  -0.614493 -0.168704 -0.770673
vn  -0.614493 -0.168704 -0.770673
vn  -0.547607 -0.082509 -0.832658
vn  0.787727 -0.077493 -0.611131
vn  0.787727 -0.077493 -0.611131
vn  0.787727 -0.077493 -0.611131
vn  0.787727 -0.077492 -0.611131
vn  0.787727 -0.077492 -0.611131
vn  0.787726 -0.077499 -0.611131
vn  0.787726 -0.077499 -0.611131
vn  0.787728 -0.077494 -0.611130
vn  0.787728 -0.077494 -0.611130
vn  -0.787728 0.077487 0.611131
vn  -0.787728 0.077487 0.611131
vn  -0.787727 0.077492 0.611132
vn  -0.787727 0.077492 0.611132
vn  -0.787727 0.077492 0.611132
vn  0.615860 0.076276 0.784154
vn  0.615860 0.076276 0.784154
vn  0.615860 0.076276 0.784154
vn  0.615860 0.076280 0.784154
vn  0.615860 0.076280 0.784154
vn  0.615860 0.076280 0.784154
vn  -0.787727 0.077492 0.611131
vn  -0.787727 0.077492 0.611131
vn  -0.787728 0.077491 0.611131
vn  -0.787728 0.077491 0.611131
vn  -0.787731 0.077491 0.611127
vn  -0.787731 0.077491 0.611127
vn  -0.787731 0.077491 0.611127
vn  -0.787730 0.077492 0.611128
vn  -0.787730 0.077492 0.611128
vn  -0.198655 0.978177 0.060872
vn  -0.198655 0.978177 0.060872
vn  -0.198655 0.978177 0.060872
vn  -0.198655 0.978177 0.060872
vn  0.143555 0.967777 -0.206881
vn  0.143554 0.967777 -0.206880
vn  0.143554 0.967777 -0.206880
vn  0.796171 -0.109069 -0.595161
vn  0.796171 -0.109069 -0.595161
vn  0.787728 -0.077492 -0.611130
vn  0.777308 -0.111405 -0.619178
vn  0.777308 -0.111405 -0.619178
vn  0.766671 -0.095179 -0.634947
vn  0.766671 -0.095179 -0.634947
vn  0.767104 -0.064735 -0.638248
vn  0.767104 -0.064735 -0.638248
vn  0.778240 -0.045815 -0.626293
vn  0.778240 -0.045815 -0.626293
vn  0.797110 -0.043478 -0.602267
vn  0.797110 -0.043478 -0.602267
vn  0.807742 -0.059695 -0.586507
vn  0.807742 -0.059695 -0.586507
vn  0.807308 -0.090147 -0.583204
vn  0.807308 -0.090147 -0.583204
vn  -0.543296 0.368163 -0.754510
vn  -0.543296 0.368163 -0.754510
vn  0.780481 -0.004650 -0.625163
vn  0.780481 -0.004650 -0.625163
vn  -0.787985 0.239500 0.567203
vn  -0.787985 0.239500 0.567203
vn  0.787724 -0.077479 -0.611137
vn  0.787724 -0.077479 -0.611137
vn  -0.787728 0.077489 0.611131
vn  -0.787728 0.077489 0.611131
vn  -0.557427 0.332605 -0.760690
vn  -0.185532 0.916150 -0.355314
vn  -0.602028 -0.276177 -0.749192
vn  -0.602028 -0.276177 -0.749192
vn  -0.185532 0.916150 -0.355313
vn  -0.185524 0.916154 -0.355306
vn  0.472685 0.712210 0.518967
vn  0.472685 0.712210 0.518967
vn  0.502830 0.653992 0.565206
vn  0.529060 0.584526 0.615163
vn  -0.553086 0.347870 -0.757022
vn  -0.774426 -0.123906 0.620413
vn  -0.774426 -0.123906 0.620413
vn  -0.774500 -0.123869 0.620328
vn  -0.774562 -0.123923 0.620239
vn  -0.774562 -0.123923 0.620239
vn  -0.774480 -0.124022 0.620322
vn  -0.774480 -0.124022 0.620322
vn  -0.774514 -0.123789 0.620326
vn  -0.774514 -0.123789 0.620326
vn  -0.774497 -0.123751 0.620355
vn  -0.774497 -0.123751 0.620355
vn  -0.774538 -0.123756 0.620303
vn  -0.774538 -0.123756 0.620303
vn  -0.774508 -0.123792 0.620333
vn  -0.774508 -0.123792 0.620333
vn  -0.774475 -0.124017 0.620330
vn  -0.774475 -0.124017 0.620330
vn  0.773043 0.133589 -0.620128
vn  -0.558101 -0.024933 -0.829398
vn  0.617723 0.346215 0.706083
vn  0.617723 0.346215 0.706083
vn  -0.565367 0.199688 -0.800303
vn  -0.565367 0.199688 -0.800303
vn  0.668681 0.127008 0.732622
vn  0.787728 -0.077489 -0.611130
vn  0.787728 -0.077489 -0.611130
vn  0.787728 -0.077489 -0.611130
vn  -0.787727 0.077499 0.611131
vn  -0.787727 0.077499 0.611131
vn  -0.787727 0.077499 0.611131
vn  -0.615857 -0.076278 -0.784157
vn  -0.632221 -0.213103 -0.744905
vn  -0.632221 -0.213103 -0.744905
vn  -0.632221 -0.213103 -0.744905
vn  0.700374 0.017733 0.713556
vn  0.700374 0.017733 0.713556
vn  0.700374 0.017733 0.713556
vn  -0.615863 -0.076279 -0.784152
vn  -0.615863 -0.076279 -0.784152
vn  -0.615863 -0.076279 -0.784152
vn  0.142531 0.967124 -0.210609
vn  0.142531 0.967124 -0.210609
vn  0.142531 0.967124 -0.210609
vn  -0.799045 0.195846 0.568482
vn  -0.799045 0.195846 0.568482
vn  -0.814889 0.071837 0.575149
vn  0.611617 -0.300131 -0.732015
vn  0.611617 -0.300131 -0.732015
vn  0.752006 -0.164405 -0.638325
vn  -0.818131 0.110930 0.564231
vn  -0.818131 0.110930 0.564231
vn  -0.822385 0.051176 0.566625
vn  -0.822385 0.051176 0.566625
vn  -0.815456 0.022913 0.578365
vn  -0.815456 0.022913 0.578365
vn  -0.796028 0.003884 0.605247
vn  -0.796028 0.003884 0.605247
vn  -0.878973 0.475430 -0.037055
vn  -0.638242 0.758741 0.130232
vn  -0.638242 0.758741 0.130232
vn  0.439460 0.896545 0.055522
vn  -0.198179 0.978006 0.065033
vn  -0.198179 0.978006 0.065033
vn  0.274347 0.932382 0.235367
vn  -0.318985 -0.737798 -0.594898
vn  -0.318985 -0.737798 -0.594898
vn  -0.274311 -0.932389 -0.235383
vn  -0.057041 -0.821999 -0.566624
vn  -0.057041 -0.821999 -0.566624
vn  0.129916 -0.941666 -0.310463
vn  0.129916 -0.941666 -0.310463
vn  0.083748 -0.995549 -0.043233
vn  0.083748 -0.995549 -0.043233
vn  -0.183325 -0.969281 0.163969
vn  -0.183325 -0.969281 0.163969
vn  -0.445178 -0.885105 0.135671
vn  -0.445178 -0.885105 0.135671
vn  -0.632120 -0.765450 -0.120458
vn  -0.632120 -0.765450 -0.120458
vn  -0.585940 -0.711539 -0.387797
vn  -0.585940 -0.711539 -0.387797
vn  0.882888 -0.266539 -0.386609
vn  0.882888 -0.266539 -0.386609
vn  0.882888 -0.266539 -0.386609
vn  -0.752911 0.118999 0.647275
vn  -0.752911 0.118999 0.647275
vn  -0.752911 0.118999 0.647275
vn  -0.750637 0.060060 0.657980
vn  -0.750637 0.060060 0.657980
vn  -0.750637 0.060060 0.657980
vn  -0.757646 0.030076 0.651972
vn  -0.757646 0.030076 0.651972
vn  -0.757646 0.030076 0.651972
vn  -0.777135 0.006224 0.629303
vn  -0.777135 0.006224 0.629303
vn  -0.777135 0.006224 0.629303
vn  -0.718256 0.033215 0.694986
vn  -0.718256 0.033215 0.694986
vn  -0.351159 0.794297 0.495762
vn  -0.351159 0.794297 0.495762
vn  -0.351159 0.794297 0.495762
vn  -0.761576 -0.197428 0.617272
vn  -0.761576 -0.197428 0.617272
vn  -0.761576 -0.197428 0.617272
vn  -0.014153 -0.994071 0.107810
vn  0.005983 -0.990898 0.134478
vn  0.005983 -0.990898 0.134478
vn  0.005983 -0.990898 0.134478
vn  0.615860 0.076278 0.784155
vn  0.615860 0.076278 0.784155
vn  0.615860 0.076278 0.784155
vn  -0.615861 -0.076282 -0.784153
vn  -0.615861 -0.076282 -0.784153
vn  -0.615861 -0.076282 -0.784153
vn  -0.014151 -0.994071 0.107808
vn  0.260211 -0.959142 -0.111074
vn  0.260211 -0.959142 -0.111074
vn  0.260211 -0.959142 -0.111074
vn  -0.615864 -0.076284 -0.784151
vn  -0.615864 -0.076284 -0.784151
vn  -0.615864 -0.076284 -0.784151
vn  -0.916330 -0.400211 -0.013068
vn  -0.927370 -0.200206 0.316075
vn  -0.988113 0.131250 0.080042
vn  0.167118 -0.875564 -0.453276
vn  -0.593195 -0.221961 0.773856
vn  -0.593195 -0.221961 0.773856
vn  0.534904 -0.821863 0.196007
vn  -0.509442 0.111802 0.853211
vn  -0.509442 0.111802 0.853211
vn  0.393097 -0.895290 0.209595
vn  0.393097 -0.895290 0.209595
vn  0.705833 -0.495601 -0.506141
vn  0.425177 -0.870102 -0.249291
vn  0.425177 -0.870102 -0.249291
vn  0.425177 -0.870102 -0.249291
vn  0.705833 -0.495601 -0.506141
vn  -0.859836 0.054629 -0.507639
vn  -0.974392 0.217940 0.055332
vn  -0.428263 -0.788766 0.440953
vn  -0.428263 -0.788766 0.440953
vn  -0.409612 -0.819210 0.401388
vn  0.787726 -0.077492 -0.611132
vn  0.787726 -0.077492 -0.611132
vn  0.787726 -0.077492 -0.611132
vn  0.787727 -0.077490 -0.611131
vn  0.787727 -0.077490 -0.611131
vn  0.787727 -0.077490 -0.611131
vn  0.787726 -0.077493 -0.611132
vn  0.787726 -0.077493 -0.611132
vn  0.787726 -0.077493 -0.611132
vn  0.787727 -0.077493 -0.611131
vn  0.787727 -0.077493 -0.611131
vn  0.787727 -0.077493 -0.611131
vn  0.787727 -0.077494 -0.611131
vn  0.787727 -0.077494 -0.611131
vn  0.787727 -0.077494 -0.611131
vn  0.787731 -0.077492 -0.611126
vn  0.787731 -0.077492 -0.611126
vn  0.787731 -0.077492 -0.611126
vn  0.787724 -0.077486 -0.611135
vn  0.787724 -0.077486 -0.611135
vn  0.787724 -0.077486 -0.611135
vn  0.787730 -0.077486 -0.611128
vn  0.787730 -0.077486 -0.611128
vn  0.787730 -0.077486 -0.611128
vn  0.787724 -0.077491 -0.611135
vn  0.787724 -0.077491 -0.611135
vn  0.787726 -0.077491 -0.611132
vn  0.787727 -0.077491 -0.611132
vn  0.787727 -0.077491 -0.611132
vn  0.787729 -0.077494 -0.611128
vn  0.787729 -0.077494 -0.611128
vn  0.787729 -0.077487 -0.611129
vn  0.787729 -0.077487 -0.611129
vn  0.787724 -0.077501 -0.611134
vn  0.787724 -0.077501 -0.611134
vn  0.787726 -0.077489 -0.611133
vn  0.787726 -0.077489 -0.611133
vn  0.787726 -0.077488 -0.611133
vn  0.787726 -0.077488 -0.611133
vn  0.787726 -0.077488 -0.611133
vn  0.787726 -0.077488 -0.611133
vn  -0.787730 0.077485 0.611128
vn  -0.787730 0.077485 0.611128
vn  -0.787727 0.077492 0.611131
vn  -0.787727 0.077497 0.611131
vn  -0.787727 0.077497 0.611131
vn  -0.787726 0.077488 0.611133
vn  -0.787726 0.077488 0.611133
vn  -0.787731 0.077494 0.611126
vn  -0.787731 0.077494 0.611126
vn  -0.787725 0.077495 0.611133
vn  -0.787725 0.077495 0.611133
vn  -0.787725 0.077496 0.611134
vn  -0.787725 0.077496 0.611134
vn  -0.787726 0.077488 0.611133
vn  -0.787726 0.077488 0.611133
vn  -0.787726 0.077489 0.611133
vn  -0.787726 0.077489 0.611133
vn  -0.615967 -0.076301 -0.784068
vn  0.619416 0.056492 0.783027
vn  0.619416 0.056492 0.783027
vn  0.619416 0.056492 0.783027
vn  -0.612055 -0.096026 -0.784964
vn  -0.612055 -0.096026 -0.784964
vn  -0.612055 -0.096026 -0.784964
vn  0.787728 -0.077490 -0.611131
vn  0.787728 -0.077490 -0.611131
vn  0.787727 -0.077490 -0.611131
vn  0.787727 -0.077490 -0.611131
vn  0.787728 -0.077491 -0.611130
vn  0.787728 -0.077491 -0.611130
vn  0.749260 -0.196792 -0.632363
vn  0.749260 -0.196792 -0.632363
vn  0.758598 -0.182080 -0.625600
vn  0.758598 -0.182080 -0.625600
vn  0.677666 -0.263331 -0.686604
vn  0.677666 -0.263331 -0.686604
vn  0.787729 -0.077483 -0.611129
vn  0.787729 -0.077483 -0.611129
vn  0.787728 -0.077494 -0.611130
vn  0.787728 -0.077494 -0.611130
vn  -0.635326 0.232217 -0.736503
vn  0.615860 0.076276 0.784154
vn  0.615860 0.076276 0.784154
vn  0.615860 0.076276 0.784154
vn  -0.615862 -0.076278 -0.784153
vn  -0.615862 -0.076278 -0.784153
vn  -0.615862 -0.076278 -0.784153
vn  -0.615858 -0.076281 -0.784156
vn  -0.615858 -0.076281 -0.784156
vn  -0.615858 -0.076281 -0.784156
vn  0.615863 0.076273 0.784153
vn  0.615863 0.076273 0.784153
vn  0.615863 0.076273 0.784153
vn  -0.780997 0.189824 0.594987
vn  -0.780997 0.189824 0.594987
vn  -0.780997 0.189824 0.594987
vn  -0.780997 0.189828 0.594987
vn  -0.780997 0.189828 0.594987
vn  -0.780997 0.189828 0.594987
vn  -0.115135 0.990782 -0.071376
vn  -0.115135 0.990782 -0.071376
vn  0.014152 0.994071 -0.107809
vn  -0.051942 0.998609 0.009087
vn  -0.051942 0.998609 0.009087
vn  0.049887 0.998520 0.021640
vn  0.049887 0.998520 0.021640
vn  0.130714 0.990569 -0.041066
vn  0.130714 0.990569 -0.041066
vn  0.143184 0.979413 -0.142300
vn  0.143184 0.979413 -0.142300
vn  0.079994 0.971586 -0.222757
vn  0.079994 0.971586 -0.222757
vn  -0.021840 0.971675 -0.235311
vn  -0.021840 0.971675 -0.235311
vn  -0.102666 0.979626 -0.172604
vn  -0.102666 0.979626 -0.172604
vn  0.370307 -0.887445 0.274434
vn  0.370307 -0.887445 0.274434
vn  0.787724 -0.077493 -0.611134
vn  -0.092284 -0.944738 -0.314568
vn  -0.092284 -0.944738 -0.314568
vn  -0.411781 -0.457379 -0.788189
vn  -0.411781 -0.457379 -0.788189
vn  -0.401155 0.289198 -0.869160
vn  -0.401155 0.289198 -0.869160
vn  -0.066602 0.857589 -0.510006
vn  -0.066602 0.857589 -0.510006
vn  0.395941 0.914877 0.078933
vn  0.395941 0.914877 0.078933
vn  0.715465 0.427495 0.552592
vn  0.715465 0.427495 0.552592
vn  0.704831 -0.319095 0.633555
vn  0.704831 -0.319095 0.633555
vn  0.615754 0.076253 0.784240
vn  0.615754 0.076253 0.784240
vn  -0.787728 0.077493 0.611129
vn  -0.787728 0.077493 0.611129
vn  -0.787728 0.077492 0.611130
vn  -0.787727 0.077493 0.611131
vn  -0.787727 0.077493 0.611131
vn  -0.787726 0.077492 0.611133
vn  -0.787726 0.077492 0.611133
vn  -0.787726 0.077492 0.611133
vn  -0.787726 0.077492 0.611133
vn  -0.787727 0.077491 0.611132
vn  -0.787727 0.077491 0.611132
vn  -0.787729 0.077491 0.611129
vn  -0.787729 0.077491 0.611129
vn  -0.787731 0.077494 0.611126
vn  -0.787731 0.077494 0.611126
vn  -0.787731 0.077489 0.611126
vn  -0.787731 0.077489 0.611126
vn  -0.551611 0.206022 -0.808257
vn  -0.551611 0.206022 -0.808257
vn  0.161188 -0.015561 -0.986801
vn  -0.939479 0.306246 -0.153602
vn  0.787728 -0.077490 -0.611130
vn  0.787728 -0.077490 -0.611130
vn  0.787728 -0.077490 -0.611130
vn  0.787729 -0.077490 -0.611129
vn  0.787729 -0.077490 -0.611129
vn  0.787729 -0.077490 -0.611129
vn  0.787728 -0.077494 -0.611130
vn  0.787728 -0.077494 -0.611130
vn  0.787728 -0.077494 -0.611130
vn  0.810156 -0.189248 -0.554826
vn  0.810156 -0.189248 -0.554826
vn  0.810156 -0.189248 -0.554826
vn  0.804496 -0.176394 -0.567160
vn  0.804496 -0.176394 -0.567160
vn  0.804496 -0.176394 -0.567160
vn  0.812605 -0.227172 -0.536718
vn  0.812605 -0.227172 -0.536718
vn  0.812605 -0.227172 -0.536718
vn  0.787725 -0.077480 -0.611135
vn  0.787725 -0.077480 -0.611135
vn  0.787725 -0.077480 -0.611135
vn  0.787728 -0.077494 -0.611130
vn  0.787728 -0.077494 -0.611130
vn  0.787728 -0.077494 -0.611130
vn  0.536156 0.377310 0.755098
vn  0.753514 -0.231760 -0.615226
vn  0.753514 -0.231760 -0.615226
vn  0.735927 -0.236669 -0.634349
vn  0.735927 -0.236669 -0.634349
vn  0.851512 -0.241801 -0.465252
vn  0.851512 -0.241801 -0.465252
vn  0.851512 -0.241801 -0.465252
vn  0.797912 -0.226260 -0.558698
vn  0.797912 -0.226260 -0.558698
vn  0.797912 -0.226260 -0.558698
vn  0.615858 0.076276 0.784156
vn  0.615858 0.076276 0.784156
vn  0.615858 0.076276 0.784156
vn  0.597387 0.125495 0.792073
vn  0.597387 0.125495 0.792073
vn  0.597387 0.125495 0.792073
vn  0.615855 0.076294 0.784156
vn  0.615855 0.076294 0.784156
vn  0.615855 0.076294 0.784156
vn  -0.209639 -0.977660 -0.015280
vn  -0.209639 -0.977660 -0.015280
vn  -0.787710 0.041305 0.614660
vn  -0.787710 0.041305 0.614660
vn  -0.384599 -0.335752 0.859857
vn  -0.625522 0.026732 0.779749
vn  0.615833 0.076268 0.784176
vn  0.615833 0.076268 0.784176
vn  0.615833 0.076268 0.784176
vn  -0.615848 -0.076278 -0.784164
vn  -0.615848 -0.076278 -0.784164
vn  -0.615848 -0.076278 -0.784164
vn  -0.632582 -0.026848 -0.774028
vn  -0.632582 -0.026848 -0.774028
vn  -0.632582 -0.026848 -0.774028
vn  -0.615867 -0.076246 -0.784152
vn  -0.615867 -0.076246 -0.784152
vn  -0.615867 -0.076246 -0.784152
vn  0.056010 -0.944752 0.322964
vn  0.056010 -0.944752 0.322964
vn  -0.787736 0.041299 0.614627
vn  -0.787736 0.041299 0.614627
vn  -0.891811 -0.398572 0.214040
vn  -0.891811 -0.398572 0.214040
vn  -0.615876 -0.076280 -0.784142
vn  -0.615876 -0.076280 -0.784142
vn  -0.615876 -0.076280 -0.784142
vn  -0.356825 -0.841470 0.405715
vn  -0.356825 -0.841470 0.405715
vn  -0.337383 -0.843884 0.417171
vn  -0.337383 -0.843884 0.417171
vn  -0.405101 -0.852271 0.330949
vn  -0.405101 -0.852271 0.330949
vn  -0.427963 -0.785786 0.446528
vn  -0.427963 -0.785786 0.446528
vn  -0.460783 -0.789851 0.404741
vn  -0.460783 -0.789851 0.404741
vn  -0.672902 0.176523 0.718361
vn  0.399069 -0.908279 -0.125592
vn  0.690821 -0.671349 -0.268435
vn  0.690821 -0.671349 -0.268435
vn  0.809520 -0.107905 -0.577091
vn  0.809520 -0.107905 -0.577091
vn  0.787845 -0.064809 -0.612455
vn  0.815673 -0.085958 -0.572092
vn  0.815673 -0.085958 -0.572092
vn  0.817599 -0.052120 -0.573424
vn  0.817599 -0.052120 -0.573424
vn  0.787231 -0.122588 -0.604351
vn  0.787231 -0.122588 -0.604351
vn  0.810317 -0.026392 -0.585397
vn  0.810317 -0.026392 -0.585397
vn  0.785333 0.020142 -0.618746
vn  0.762969 -0.113670 -0.636362
vn  0.762969 -0.113670 -0.636362
vn  0.757565 -0.093159 -0.646077
vn  0.757565 -0.093159 -0.646077
vn  0.756138 -0.059732 -0.651680
vn  0.756138 -0.059732 -0.651680
vn  0.785297 -0.122828 -0.606813
vn  0.785297 -0.122828 -0.606813
vn  0.763528 -0.032185 -0.644973
vn  0.763528 -0.032185 -0.644973
vn  0.672062 -0.340279 -0.657680
vn  -0.269026 0.331246 0.904379
vn  -0.664982 0.333717 0.668156
vn  -0.751498 0.355713 0.555625
vn  -0.751498 0.355713 0.555625
vn  -0.564746 0.304835 0.766901
vn  -0.870299 0.054025 -0.489552
vn  0.746374 -0.360608 -0.559364
vn  0.746374 -0.360608 -0.559364
vn  0.896838 -0.274895 -0.346575
vn  -0.895245 0.250282 0.368640
vn  -0.895245 0.250282 0.368640
vn  -0.751513 0.355711 0.555607
vn  -0.751513 0.355711 0.555607
vn  -0.751513 0.355711 0.555607
vn  -0.905707 0.262606 0.332767
vn  -0.905707 0.262606 0.332767
vn  -0.398956 -0.846688 0.352070
vn  -0.398956 -0.846688 0.352070
vn  -0.455189 -0.792100 0.406669
vn  -0.455189 -0.792100 0.406669
vn  -0.784594 -0.031087 0.619230
vn  -0.869798 -0.256217 0.421668
vn  -0.869798 -0.256217 0.421668
vn  -0.171003 -0.307903 0.935924
vn  -0.957579 0.056298 0.282618
vn  -0.957579 0.056298 0.282618
vn  -0.328203 0.212979 0.920284
vn  -0.760388 0.200638 0.617701
vn  -0.760388 0.200638 0.617701
vn  -0.760388 0.200638 0.617701
vn  -0.782982 0.100748 0.613832
vn  -0.791375 0.099709 0.603145
vn  -0.847789 0.017168 0.530056
vn  -0.221097 0.556909 0.800605
vn  -0.331655 0.919206 0.212287
vn  -0.331655 0.919206 0.212287
vn  -0.331655 0.919206 0.212287
vn  -0.371468 0.914275 0.161593
vn  -0.371468 0.914275 0.161593
vn  0.615861 0.076290 0.784152
vn  0.615861 0.076290 0.784152
vn  0.615861 0.076290 0.784152
vn  -0.521770 -0.133634 -0.842555
vn  -0.521770 -0.133634 -0.842555
vn  -0.521770 -0.133634 -0.842555
vn  0.586857 -0.062116 0.807304
vn  0.586857 -0.062116 0.807304
vn  0.586857 -0.062116 0.807304
vn  0.613894 0.125111 0.779411
vn  0.613894 0.125111 0.779411
vn  0.613894 0.125111 0.779411
vn  0.615858 0.076275 0.784156
vn  0.615858 0.076275 0.784156
vn  0.615858 0.076275 0.784156
vn  -0.694537 0.245842 -0.676151
vn  -0.694537 0.245842 -0.676151
vn  -0.694537 0.245842 -0.676151
vn  -0.606672 -0.070226 -0.791845
vn  -0.606672 -0.070226 -0.791845
vn  -0.606672 -0.070226 -0.791845
vn  -0.599171 -0.070131 -0.797544
vn  -0.599171 -0.070131 -0.797544
vn  -0.599171 -0.070131 -0.797544
vn  0.668471 -0.319289 0.671715
vn  0.668471 -0.319289 0.671715
vn  0.615854 0.076270 0.784160
vn  0.615854 0.076270 0.784160
vn  0.615854 0.076270 0.784160
vn  0.615867 0.076278 0.784149
vn  0.615867 0.076278 0.784149
vn  0.615867 0.076278 0.784149
vn  -0.761539 -0.197424 0.617318
vn  -0.761539 -0.197424 0.617318
vn  0.615859 0.076268 0.784156
vn  0.615859 0.076268 0.784156
vn  0.462304 0.389092 0.796795
vn  -0.457369 -0.458776 -0.761800
vn  -0.457369 -0.458776 -0.761800
vn  -0.457369 -0.458776 -0.761800
vn  0.260223 -0.959140 -0.111058
vn  0.260223 -0.959140 -0.111058
vn  0.260223 -0.959140 -0.111058
vn  -0.035350 -0.996018 0.081850
vn  -0.035350 -0.996018 0.081850
vn  -0.035350 -0.996018 0.081850
vn  -0.014916 -0.993995 0.108401
vn  -0.014916 -0.993995 0.108401
vn  -0.014916 -0.993995 0.108401
vn  -0.615861 -0.076275 -0.784154
vn  -0.615861 -0.076275 -0.784154
vn  -0.615861 -0.076275 -0.784154
vn  -0.615861 -0.076277 -0.784154
vn  -0.615861 -0.076277 -0.784154
vn  -0.615861 -0.076277 -0.784154
vn  0.615860 0.076275 0.784154
vn  0.615860 0.076275 0.784154
vn  0.615860 0.076275 0.784154
vn  0.615861 0.076276 0.784154
vn  -0.031730 0.838200 -0.544439
vn  -0.969575 0.244480 0.012387
vn  -0.969575 0.244480 0.012387
vn  -0.595708 0.287383 0.750029
vn  -0.595708 0.287383 0.750029
vn  -0.510364 -0.148559 0.847029
vn  -0.613721 -0.027329 -0.789050
vn  -0.613721 -0.027329 -0.789050
vn  -0.613721 -0.027329 -0.789050
vn  -0.787727 0.077494 0.611131
vn  -0.787727 0.077494 0.611131
vn  0.787727 -0.077491 -0.611131
vn  0.787727 -0.077491 -0.611131
vn  0.787727 -0.077491 -0.611131
vn  -0.787728 0.077494 0.611130
vn  -0.787728 0.077494 0.611130
vn  -0.787728 0.077494 0.611130
vn  0.787727 -0.077491 -0.611131
vn  0.787727 -0.077491 -0.611131
vn  0.787727 -0.077491 -0.611131
vn  0.787727 -0.077494 -0.611131
vn  0.787727 -0.077494 -0.611131
vn  0.787726 -0.077498 -0.611131
vn  0.787726 -0.077498 -0.611131
vn  0.787726 -0.077498 -0.611131
vn  -0.787730 0.077489 0.611127
vn  -0.787730 0.077489 0.611127
vn  -0.787728 0.077490 0.611130
vn  -0.787728 0.077490 0.611130
vn  -0.787728 0.077490 0.611130
vn  -0.787726 0.077492 0.611132
vn  -0.787726 0.077492 0.611132
vn  -0.787726 0.077492 0.611132
vn  -0.787728 0.077493 0.611130
vn  -0.787728 0.077493 0.611130
vn  -0.014639 -0.993950 0.108856
vn  -0.014639 -0.993950 0.108856
vn  -0.014639 -0.993950 0.108856
vn  -0.015293 -0.994031 0.108024
vn  -0.015293 -0.994031 0.108024
vn  -0.015293 -0.994031 0.108024
vn  0.787728 -0.077494 -0.611129
vn  0.787728 -0.077494 -0.611129
vn  0.787727 -0.077492 -0.611131
vn  0.787727 -0.077492 -0.611131
vn  0.787727 -0.077492 -0.611131
vn  -0.202541 0.977466 0.059477
vn  -0.202541 0.977466 0.059477
vn  -0.202541 0.977466 0.059477
vn  0.146968 0.967674 -0.204959
vn  -0.033317 0.996763 -0.073165
vn  -0.421099 0.655369 -0.627030
vn  -0.459876 0.746491 -0.480900
vn  -0.032760 0.994105 0.103358
vn  0.440044 0.764696 0.470745
vn  0.431024 0.662129 0.613028
vn  0.721478 0.095290 0.685849
vn  0.659733 -0.054832 0.749497
vn  0.646208 -0.619049 0.446311
vn  0.519472 -0.736690 0.432940
vn  0.258546 -0.960018 -0.107330
vn  0.092464 -0.984176 -0.151156
vn  -0.214544 -0.728187 -0.650934
vn  -0.371215 -0.652400 -0.660737
vn  -0.496076 -0.059215 -0.866258
vn  -0.600038 0.064429 -0.797373
vn  0.006807 0.523052 -0.852274
vn  -0.009233 -0.071319 -0.997411
vn  0.293404 0.856286 -0.425074
vn  0.681575 0.731054 0.031867
vn  0.942289 0.223133 0.249605
vn  0.924087 -0.368148 0.102620
vn  0.639047 -0.698664 -0.321695
vn  0.253128 -0.576568 -0.776850
vn  -0.762889 -0.190835 0.617724
vn  -0.762889 -0.190835 0.617724
vn  -0.771493 -0.143399 0.619867
vn  -0.771493 -0.143399 0.619867
vn  -0.615988 -0.076309 -0.784051
vn  -0.615990 -0.076300 -0.784050
vn  -0.615990 -0.076300 -0.784050
vn  -0.616010 -0.076316 -0.784033
vn  -0.615988 -0.076309 -0.784051
vn  0.761120 0.199485 -0.617173
vn  0.761119 0.199485 -0.617173
vn  0.768357 0.161913 -0.619203
vn  0.768357 0.161913 -0.619202
vn  -0.739491 -0.287387 0.608738
vn  -0.739491 -0.287387 0.608738
vn  -0.615984 -0.076327 -0.784052
vn  -0.615987 -0.076313 -0.784051
vn  -0.615987 -0.076313 -0.784051
vn  -0.615987 -0.076313 -0.784051
vn  0.739293 0.288088 -0.608647
vn  0.739292 0.288088 -0.608648
vn  -0.677581 -0.456563 0.576571
vn  -0.702568 -0.397235 0.590426
vn  -0.702569 -0.397235 0.590425
vn  -0.677581 -0.456564 0.576570
vn  -0.615975 -0.076353 -0.784057
vn  -0.615979 -0.076343 -0.784055
vn  -0.615975 -0.076353 -0.784057
vn  -0.615975 -0.076352 -0.784057
vn  -0.615975 -0.076352 -0.784057
vn  0.701360 0.400325 -0.589775
vn  0.675888 0.460280 -0.575602
vn  0.675888 0.460280 -0.575603
vn  0.701359 0.400325 -0.589776
vn  -0.187726 0.980843 0.052030
vn  0.062638 0.987580 -0.144089
vn  -0.187726 0.980843 0.052030
vn  -0.187725 0.980843 0.052030
vn  -0.187725 0.980843 0.052030
vn  -0.187725 0.980843 0.052030
vn  -0.615991 -0.076302 -0.784049
vn  -0.615989 -0.076309 -0.784050
vn  -0.615990 -0.076301 -0.784050
vn  -0.615989 -0.076301 -0.784051
vn  -0.615989 -0.076301 -0.784051
vn  -0.615986 -0.076324 -0.784051
vn  -0.615988 -0.076316 -0.784050
vn  -0.615987 -0.076316 -0.784051
vn  -0.615987 -0.076316 -0.784051
vn  -0.615974 -0.076353 -0.784057
vn  -0.615982 -0.076344 -0.784052
vn  -0.615978 -0.076354 -0.784055
vn  -0.615971 -0.076352 -0.784060
vn  -0.615971 -0.076352 -0.784060
vn  -0.614605 -0.075243 -0.785238
vn  -0.615943 -0.076431 -0.784074
vn  -0.613916 -0.074699 -0.785829
vn  -0.611964 -0.072769 -0.787531
vn  -0.615986 -0.076327 -0.784051
vn  -0.615988 -0.076322 -0.784049
vn  -0.616075 -0.075895 -0.784022
vn  -0.618054 -0.076081 -0.782446
vn  -0.619084 -0.075963 -0.781642
vn  -0.621912 -0.076873 -0.779305
vn  0.681013 0.458733 -0.570775
vn  0.681013 0.458733 -0.570775
vn  0.681013 0.458733 -0.570775
vn  0.676422 0.458794 -0.576161
vn  0.676422 0.458794 -0.576161
vn  0.676422 0.458794 -0.576161
vn  -0.676568 -0.458745 0.576028
vn  -0.676568 -0.458745 0.576028
vn  -0.676568 -0.458745 0.576028
vn  -0.680879 -0.459933 0.569969
vn  -0.680879 -0.459933 0.569969
vn  -0.680879 -0.459933 0.569969
vn  0.724011 0.337672 -0.601487
vn  0.724011 0.337672 -0.601487
vn  0.724011 0.337672 -0.601487
vn  0.723868 0.337671 -0.601659
vn  0.723868 0.337671 -0.601659
vn  0.723868 0.337671 -0.601659
vn  -0.723822 -0.337832 0.601624
vn  -0.723822 -0.337832 0.601624
vn  -0.723822 -0.337832 0.601624
vn  -0.723939 -0.337862 0.601467
vn  -0.723939 -0.337862 0.601467
vn  -0.723939 -0.337862 0.601467
vn  0.752702 0.237004 -0.614222
vn  0.752702 0.237004 -0.614222
vn  0.752702 0.237004 -0.614222
vn  0.752553 0.237004 -0.614405
vn  0.752553 0.237004 -0.614405
vn  0.752553 0.237004 -0.614405
vn  -0.752515 -0.237155 0.614393
vn  -0.752515 -0.237155 0.614393
vn  -0.752515 -0.237155 0.614393
vn  -0.752524 -0.237157 0.614382
vn  -0.752524 -0.237157 0.614382
vn  -0.752524 -0.237157 0.614382
vn  0.775609 0.109828 -0.621586
vn  0.775609 0.109828 -0.621586
vn  0.775609 0.109828 -0.621586
vn  0.776315 0.109828 -0.620703
vn  0.776315 0.109828 -0.620703
vn  0.776315 0.109828 -0.620703
vn  -0.776941 -0.109014 0.620063
vn  -0.776941 -0.109014 0.620063
vn  -0.776941 -0.109014 0.620063
vn  -0.776440 -0.108889 0.620713
vn  -0.776440 -0.108889 0.620713
vn  -0.776440 -0.108889 0.620713
vn  -0.028299 0.996889 -0.073566
vn  -0.198994 0.978020 0.062284
vn  -0.200487 0.977710 0.062356
vn  -0.200486 0.977710 0.062356
vn  -0.200486 0.977710 0.062356
vn  0.615730 0.076243 0.784260
vn  0.615731 0.076236 0.784260
vn  0.615731 0.076236 0.784260
vn  0.615729 0.076236 0.784261
vn  0.615732 0.076223 0.784260
vn  0.615743 0.076198 0.784254
vn  0.615743 0.076198 0.784254
vn  0.615743 0.076197 0.784254
vn  0.615738 0.076207 0.784257
vn  0.615742 0.076197 0.784255
vn  0.615727 0.076248 0.784262
vn  0.615727 0.076242 0.784262
vn  0.615726 0.076247 0.784263
vn  0.615728 0.076248 0.784261
vn  0.615728 0.076248 0.784261
vn  0.615732 0.076227 0.784260
vn  0.615731 0.076237 0.784260
vn  0.615731 0.076237 0.784260
vn  0.615728 0.076236 0.784262
vn  0.615746 0.076196 0.784252
vn  0.615747 0.076197 0.784251
vn  0.615747 0.076197 0.784251
vn  0.615744 0.076196 0.784253
vn  0.615740 0.076207 0.784256
vn  0.616769 0.077035 0.783366
vn  0.619733 0.079779 0.780747
vn  0.617798 0.077851 0.782473
vn  0.615797 0.076071 0.784224
vn  0.615735 0.076228 0.784257
vn  0.615736 0.076228 0.784257
vn  0.614182 0.076411 0.785457
vn  0.615705 0.076370 0.784267
vn  0.609569 0.076665 0.789017
vn  0.609569 0.076665 0.789017
vn  0.615678 0.076504 0.784276
vn  0.676702 0.458830 -0.575804
vn  0.676702 0.458830 -0.575804
vn  0.676702 0.458830 -0.575804
vn  0.672609 0.457693 -0.581476
vn  0.672609 0.457693 -0.581476
vn  0.672609 0.457693 -0.581476
vn  -0.671693 -0.458796 0.581666
vn  -0.671693 -0.458796 0.581666
vn  -0.671693 -0.458796 0.581666
vn  -0.676603 -0.458751 0.575982
vn  -0.676603 -0.458751 0.575982
vn  -0.676603 -0.458751 0.575982
vn  0.724017 0.337689 -0.601469
vn  0.724017 0.337689 -0.601469
vn  0.724017 0.337689 -0.601469
vn  0.724170 0.337690 -0.601285
vn  0.724170 0.337690 -0.601285
vn  0.724170 0.337690 -0.601285
vn  -0.724098 -0.337881 0.601264
vn  -0.724098 -0.337881 0.601264
vn  -0.724098 -0.337881 0.601264
vn  -0.723973 -0.337850 0.601433
vn  -0.723973 -0.337850 0.601433
vn  -0.723973 -0.337850 0.601433
vn  0.752850 0.237041 -0.614027
vn  0.752850 0.237041 -0.614027
vn  0.752850 0.237041 -0.614027
vn  0.752707 0.237004 -0.614215
vn  0.752707 0.237004 -0.614215
vn  0.752707 0.237004 -0.614215
vn  -0.752813 -0.237193 0.614013
vn  -0.752813 -0.237193 0.614013
vn  -0.752813 -0.237193 0.614013
vn  -0.752822 -0.237193 0.614002
vn  -0.752822 -0.237193 0.614002
vn  -0.752822 -0.237193 0.614002
vn  0.777307 0.109953 -0.619439
vn  0.777307 0.109953 -0.619439
vn  0.776957 0.109952 -0.619878
vn  0.776606 0.109951 -0.620317
vn  0.776606 0.109951 -0.620317
vn  -0.776228 -0.108861 0.620982
vn  -0.776228 -0.108861 0.620982
vn  -0.776228 -0.108861 0.620982
vn  -0.776745 -0.108990 0.620313
vn  -0.776745 -0.108990 0.620313
vn  -0.776745 -0.108990 0.620313
vn  -0.390742 0.893839 0.219938
vn  -0.390742 0.893839 0.219938
vn  -0.390742 0.893839 0.219938
vn  -0.390742 0.893839 0.219937
vn  0.390728 -0.893841 -0.219953
vn  0.390733 -0.893845 -0.219930
vn  0.390728 -0.893841 -0.219953
vn  0.390723 -0.893838 -0.219975
vn  -0.613619 -0.081721 -0.785362
vn  -0.613619 -0.081721 -0.785362
vn  -0.613619 -0.081721 -0.785362
vn  -0.613621 -0.081713 -0.785361
vn  -0.613621 -0.081713 -0.785361
vn  -0.613621 -0.081713 -0.785361
vn  -0.683562 -0.443154 0.579963
vn  -0.683562 -0.443154 0.579963
vn  -0.683562 -0.443154 0.579963
vn  -0.683530 -0.443260 0.579920
vn  -0.683530 -0.443260 0.579920
vn  -0.683530 -0.443260 0.579920
vn  0.618093 0.070802 0.782910
vn  0.618093 0.070802 0.782910
vn  0.618093 0.070802 0.782910
vn  0.618080 0.070825 0.782918
vn  0.618080 0.070825 0.782918
vn  0.618080 0.070825 0.782918
vn  0.683427 0.443464 -0.579886
vn  0.683427 0.443464 -0.579886
vn  0.683427 0.443464 -0.579886
vn  0.683427 0.443462 -0.579887
vn  0.683427 0.443462 -0.579887
vn  0.683427 0.443462 -0.579887
vn  0.615734 0.076217 0.784259
vn  0.615733 0.076217 0.784260
vn  0.615733 0.076217 0.784260
vn  0.615735 0.076218 0.784258
vn  0.615735 0.076218 0.784258
vn  0.615735 0.076218 0.784258
vn  -0.615986 -0.076333 -0.784050
vn  -0.615984 -0.076331 -0.784052
vn  -0.615984 -0.076331 -0.784052
vn  -0.615983 -0.076334 -0.784052
vn  -0.615983 -0.076334 -0.784053
vn  -0.615983 -0.076334 -0.784053
vn  0.615728 0.076252 0.784261
vn  0.615728 0.076252 0.784261
vn  0.615711 0.076238 0.784276
vn  0.615711 0.076238 0.784276
vn  -0.198655 0.978177 0.060872
vn  -0.198655 0.978177 0.060872
vn  -0.198655 0.978177 0.060872
vn  -0.198655 0.978177 0.060872
vn  0.143555 0.967777 -0.206881
vn  0.143554 0.967777 -0.206880
vn  0.143554 0.967777 -0.206880
vn  -0.774426 -0.123906 0.620413
vn  -0.774426 -0.123906 0.620413
vn  -0.774500 -0.123869 0.620328
vn  -0.774562 -0.123923 0.620239
vn  -0.774562 -0.123923 0.620239
vn  -0.774480 -0.124022 0.620322
vn  -0.774480 -0.124022 0.620322
vn  -0.774514 -0.123789 0.620326
vn  -0.774514 -0.123789 0.620326
vn  -0.774497 -0.123751 0.620355
vn  -0.774497 -0.123751 0.620355
vn  -0.774538 -0.123756 0.620303
vn  -0.774538 -0.123756 0.620303
vn  -0.774508 -0.123792 0.620333
vn  -0.774508 -0.123792 0.620333
vn  -0.774475 -0.124017 0.620330
vn  -0.774475 -0.124017 0.620330
vn  0.773043 0.133589 -0.620128
vn  0.142531 0.967124 -0.210609
vn  0.142531 0.967124 -0.210609
vn  0.142531 0.967124 -0.210609
vn  -0.198179 0.978006 0.065033
vn  -0.198179 0.978006 0.065033
vn  -0.615967 -0.076301 -0.784068
vn  0.615754 0.076253 0.784240
vn  0.615754 0.076253 0.784240
vn  -0.202541 0.977466 0.059477
vn  -0.202541 0.977466 0.059477
vn  -0.202541 0.977466 0.059477
vn  0.146968 0.967674 -0.204959

g MESH-0
usemtl MESH-0
f  1/1/1 2/2/2 3/3/3
f  3/3/3 4/4/4 1/1/1
f  5/5/5 6/6/6 7/7/7
f  7/7/7 8/8/8 5/5/5
f  8/8/8 7/7/7 9/9/9
f  9/9/9 10/10/10 8/8/8
f  11/11/11 12/12/12 13/13/13
f  13/13/13 14/14/14 11/11/11
f  14/14/14 13/13/13 15/15/15
f  15/15/15 16/16/16 14/14/14
f  17/17/17 18/18/18 19/19/19
f  19/19/19 20/20/20 17/17/17
f  18/18/18 21/21/21 22/22/22
f  22/22/22 19/19/19 18/18/18
f  23/23/23 24/24/24 25/25/25
f  25/25/25 26/26/26 23/23/23
f  27/27/27 28/28/28 11/11/11
f  11/11/11 14/14/14 27/27/27
f  28/28/28 29/29/29 10/10/10
f  10/10/10 11/11/11 28/28/28
f  29/29/29 30/30/30 5/5/5
f  5/5/5 8/8/8 29/29/29
f  31/31/31 32/32/32 17/17/17
f  17/17/17 33/33/33 34/34/34
f  32/32/32 35/35/35 21/21/21
f  21/21/21 18/18/18 32/32/32
f  35/35/35 36/36/36 23/23/23
f  23/23/23 21/21/21 35/35/35
f  37/37/37 38/38/38 32/32/32
f  32/32/32 39/39/39 37/37/37
f  40/40/40 41/41/41 30/30/30
f  30/30/30 29/29/29 40/40/40
f  42/42/42 40/40/40 29/29/29
f  29/29/29 28/28/28 42/42/42
f  43/43/43 42/42/42 28/28/28
f  28/28/28 27/27/27 43/43/43
f  44/44/44 43/43/43 27/27/27
f  27/27/27 45/45/45 44/44/44
f  46/46/46 47/47/47 48/48/48
f  49/49/49 36/36/36 46/46/46
f  50/50/50 46/46/46 36/36/36
f  36/36/36 35/35/35 50/50/50
f  38/38/38 50/50/50 35/35/35
f  35/35/35 32/32/32 38/38/38
f  51/51/51 52/52/52 38/38/38
f  38/38/38 37/37/37 51/51/51
f  53/53/53 54/54/54 55/55/55
f  56/56/56 40/40/40 53/53/53
f  57/57/57 53/53/53 40/40/40
f  40/40/40 42/42/42 57/57/57
f  58/58/58 57/57/57 42/42/42
f  42/42/42 43/43/43 58/58/58
f  59/59/59 58/58/58 43/43/43
f  43/43/43 44/44/44 59/59/59
f  60/60/60 61/61/61 62/62/62
f  63/63/63 46/46/46 60/60/60
f  64/64/64 60/60/60 46/46/46
f  46/46/46 50/50/50 64/64/64
f  52/52/52 64/64/64 50/50/50
f  50/50/50 38/38/38 52/52/52
f  20/20/20 19/19/19 65/65/65
f  65/65/65 66/66/66 20/20/20
f  67/67/67 68/68/68 69/69/69
f  69/69/69 70/70/70 67/67/67
f  71/71/71 72/72/72 73/73/73
f  73/73/73 74/74/74 75/75/75
f  76/76/76 77/77/77 78/78/78
f  79/79/79 80/80/80 76/76/76
f  81/81/81 76/76/76 82/82/82
f  83/83/83 84/84/84 81/81/81
f  85/85/85 86/86/86 87/87/87
f  88/88/88 89/89/89 90/90/90
f  91/91/91 92/92/92 93/93/93
f  94/94/94 95/95/95 96/96/96
f  97/97/97 98/98/98 99/99/99
f  100/100/100 101/101/101 102/102/102
f  103/103/103 104/104/104 105/105/105
f  106/106/106 107/107/107 108/108/108
f  22/22/22 23/23/23 26/26/26
f  26/26/26 109/109/109 22/22/22
f  110/110/110 20/20/20 66/66/66
f  66/66/66 111/111/111 112/112/112
f  113/113/113 114/114/114 16/16/16
f  16/16/16 15/15/15 113/113/113
f  16/16/16 114/114/114 45/45/45
f  45/45/45 27/27/27 16/16/16
f  115/115/115 116/116/116 24/24/24
f  24/24/24 36/36/36 117/117/117
f  25/25/25 24/24/24 118/118/118
f  119/119/119 120/120/120 25/25/25
f  121/121/121 122/122/122 123/123/123
f  124/124/124 2/2/2 125/125/125
f  126/126/126 127/127/127 128/128/128
f  128/128/128 129/129/129 126/126/126
f  130/130/130 126/126/126 129/129/129
f  129/129/129 131/131/131 130/130/130
f  132/132/132 130/130/130 131/131/131
f  131/131/131 133/133/133 132/132/132
f  134/134/134 135/135/135 136/136/136
f  136/136/136 137/137/137 134/134/134
f  138/138/138 139/139/139 140/140/140
f  140/140/140 141/141/141 142/142/142
f  143/143/143 144/144/144 141/141/141
f  141/141/141 145/145/145 146/146/146
f  134/134/134 137/137/137 147/147/147
f  147/147/147 148/148/148 134/134/134
f  135/135/135 134/134/134 148/148/148
f  148/148/148 132/132/132 135/135/135
f  136/136/136 135/135/135 132/132/132
f  132/132/132 133/133/133 136/136/136
f  149/149/149 150/150/150 132/132/132
f  132/132/132 148/148/148 149/149/149
f  147/147/147 151/151/151 152/152/152
f  152/152/152 148/148/148 147/147/147
f  153/153/153 140/140/140 154/154/154
f  155/155/155 156/156/156 153/153/153
f  157/157/157 158/158/158 159/159/159
f  159/159/159 160/160/160 161/161/161
f  162/162/162 163/163/163 164/164/164
f  165/165/165 166/166/166 162/162/162
f  167/167/167 168/168/168 163/163/163
f  163/163/163 162/162/162 167/167/167
f  169/169/169 170/170/170 168/168/168
f  168/168/168 167/167/167 169/169/169
f  171/171/171 172/172/172 173/173/173
f  173/173/173 174/174/174 171/171/171
f  175/175/175 176/176/176 177/177/177
f  177/177/177 178/178/178 179/179/179
f  180/180/180 181/181/181 158/158/158
f  158/158/158 182/182/182 183/183/183
f  184/184/184 185/185/185 181/181/181
f  181/181/181 186/186/186 187/187/187
f  188/188/188 189/189/189 185/185/185
f  185/185/185 190/190/190 191/191/191
f  171/171/171 192/192/192 193/193/193
f  193/193/193 172/172/172 171/171/171
f  174/174/174 169/169/169 192/192/192
f  192/192/192 171/171/171 174/174/174
f  173/173/173 170/170/170 169/169/169
f  169/169/169 174/174/174 173/173/173
f  194/194/194 192/192/192 169/169/169
f  169/169/169 195/195/195 194/194/194
f  192/192/192 194/194/194 160/160/160
f  160/160/160 196/196/196 192/192/192
f  197/197/197 198/198/198 199/199/199
f  199/199/199 200/200/200 197/197/197
f  201/201/201 202/202/202 198/198/198
f  198/198/198 197/197/197 201/201/201
f  203/203/203 204/204/204 202/202/202
f  202/202/202 201/201/201 203/203/203
f  205/205/205 206/206/206 204/204/204
f  204/204/204 203/203/203 205/205/205
f  207/207/207 208/208/208 209/209/209
f  210/210/210 211/211/211 207/207/207
f  212/212/212 213/213/213 214/214/214
f  215/215/215 207/207/207 212/212/212
f  216/216/216 217/217/217 218/218/218
f  219/219/219 212/212/212 216/216/216
f  220/220/220 221/221/221 222/222/222
f  223/223/223 216/216/216 220/220/220
f  224/224/224 225/225/225 226/226/226
f  227/227/227 228/228/228 224/224/224
f  211/211/211 229/229/229 230/230/230
f  231/231/231 232/232/232 211/211/211
f  228/228/228 233/233/233 234/234/234
f  235/235/235 236/236/236 228/228/228
f  237/237/237 153/153/153 156/156/156
f  156/156/156 238/238/238 237/237/237
f  239/239/239 240/240/240 241/241/241
f  242/242/242 243/243/243 244/244/244
f  245/245/245 246/246/246 247/247/247
f  248/248/248 249/249/249 250/250/250
f  251/251/251 252/252/252 253/253/253
f  254/254/254 255/255/255 256/256/256
f  237/237/237 257/257/257 258/258/258
f  259/259/259 260/260/260 237/237/237
f  261/261/261 193/193/193 192/192/192
f  192/192/192 196/196/196 262/262/262
f  263/263/263 177/177/177 205/205/205
f  205/205/205 189/189/189 264/264/264
f  265/265/265 152/152/152 151/151/151
f  151/151/151 266/266/266 267/267/267
f  268/268/268 220/220/220 236/236/236
f  236/236/236 269/269/269 270/270/270
f  271/271/271 272/272/272 273/273/273
f  273/273/273 274/274/274 271/271/271
f  275/275/275 271/271/271 274/274/274
f  274/274/274 276/276/276 275/275/275
f  277/277/277 275/275/275 276/276/276
f  276/276/276 278/278/278 277/277/277
f  279/279/279 277/277/277 278/278/278
f  278/278/278 280/280/280 279/279/279
f  281/281/281 279/279/279 280/280/280
f  280/280/280 282/282/282 281/281/281
f  283/283/283 281/281/281 282/282/282
f  282/282/282 284/284/284 283/283/283
f  285/285/285 283/283/283 284/284/284
f  284/284/284 286/286/286 285/285/285
f  272/272/272 285/285/285 286/286/286
f  286/286/286 273/273/273 272/272/272
f  287/287/287 288/288/288 285/285/285
f  285/285/285 272/272/272 287/287/287
f  289/289/289 287/287/287 272/272/272
f  272/272/272 271/271/271 289/289/289
f  290/290/290 289/289/289 271/271/271
f  271/271/271 275/275/275 290/290/290
f  291/291/291 290/290/290 275/275/275
f  275/275/275 277/277/277 291/291/291
f  292/292/292 291/291/291 277/277/277
f  277/277/277 279/279/279 292/292/292
f  293/293/293 292/292/292 279/279/279
f  279/279/279 281/281/281 293/293/293
f  294/294/294 293/293/293 281/281/281
f  281/281/281 283/283/283 294/294/294
f  288/288/288 294/294/294 283/283/283
f  283/283/283 285/285/285 288/288/288
f  295/295/295 296/296/296 297/297/297
f  297/297/297 298/298/298 295/295/295
f  299/299/299 300/300/300 296/296/296
f  296/296/296 295/295/295 299/299/299
f  301/301/301 302/302/302 300/300/300
f  300/300/300 299/299/299 301/301/301
f  303/303/303 304/304/304 302/302/302
f  302/302/302 301/301/301 303/303/303
f  305/305/305 306/306/306 304/304/304
f  304/304/304 303/303/303 305/305/305
f  307/307/307 308/308/308 306/306/306
f  306/306/306 305/305/305 307/307/307
f  309/309/309 310/310/310 311/311/311
f  311/311/311 312/312/312 313/313/313
f  298/298/298 297/297/297 311/311/311
f  311/311/311 310/310/310 298/298/298
f  314/314/314 315/315/315 316/316/316
f  317/317/317 318/318/318 319/319/319
f  320/320/320 321/321/321 322/322/322
f  323/323/323 324/324/324 325/325/325
f  326/326/326 327/327/327 328/328/328
f  329/329/329 330/330/330 331/331/331
f  332/332/332 333/333/333 334/334/334
f  334/334/334 335/335/335 332/332/332
f  336/336/336 337/337/337 332/332/332
f  332/332/332 335/335/335 336/336/336
f  338/338/338 339/339/339 337/337/337
f  337/337/337 336/336/336 338/338/338
f  340/340/340 341/341/341 342/342/342
f  343/343/343 344/344/344 340/340/340
f  345/345/345 341/341/341 340/340/340
f  340/340/340 346/346/346 345/345/345
f  347/347/347 348/348/348 349/349/349
f  349/349/349 350/350/350 347/347/347
f  346/346/346 351/351/351 352/352/352
f  352/352/352 345/345/345 346/346/346
f  353/353/353 354/354/354 355/355/355
f  356/356/356 357/357/357 358/358/358
f  359/359/359 360/360/360 361/361/361
f  362/362/362 363/363/363 364/364/364
f  365/365/365 366/366/366 367/367/367
f  368/368/368 369/369/369 370/370/370
f  371/371/371 372/372/372 373/373/373
f  374/374/374 375/375/375 376/376/376
f  377/377/377 378/378/378 379/379/379
f  380/380/380 381/381/381 382/382/382
f  383/383/383 384/384/384 385/385/385
f  386/386/386 387/387/387 388/388/388
f  389/389/389 390/390/390 391/391/391
f  391/391/391 392/392/392 389/389/389
f  393/393/393 394/394/394 390/390/390
f  390/390/390 389/389/389 393/393/393
f  395/395/395 396/396/396 394/394/394
f  394/394/394 393/393/393 395/395/395
f  397/397/397 398/398/398 396/396/396
f  396/396/396 395/395/395 397/397/397
f  399/399/399 400/400/400 398/398/398
f  398/398/398 397/397/397 399/399/399
f  401/401/401 402/402/402 400/400/400
f  400/400/400 399/399/399 401/401/401
f  403/403/403 404/404/404 402/402/402
f  402/402/402 401/401/401 403/403/403
f  392/392/392 391/391/391 404/404/404
f  404/404/404 403/403/403 392/392/392
f  405/405/405 406/406/406 407/407/407
f  407/407/407 408/408/408 405/405/405
f  409/409/409 410/410/410 411/411/411
f  411/411/411 412/412/412 409/409/409
f  410/410/410 409/409/409 413/413/413
f  413/413/413 414/414/414 410/410/410
f  415/415/415 416/416/416 417/417/417
f  417/417/417 418/418/418 419/419/419
f  417/417/417 414/414/414 413/413/413
f  413/413/413 418/418/418 417/417/417
f  411/411/411 405/405/405 408/408/408
f  408/408/408 412/412/412 411/411/411
f  420/420/420 421/421/421 422/422/422
f  422/422/422 423/423/423 420/420/420
f  411/411/411 420/420/420 423/423/423
f  423/423/423 424/424/424 411/411/411
f  421/421/421 410/410/410 414/414/414
f  414/414/414 422/422/422 421/421/421
f  425/425/425 426/426/426 427/427/427
f  427/427/427 428/428/428 425/425/425
f  429/429/429 430/430/430 431/431/431
f  431/431/431 432/432/432 429/429/429
f  430/430/430 433/433/433 434/434/434
f  434/434/434 431/431/431 430/430/430
f  435/435/435 436/436/436 437/437/437
f  437/437/437 438/438/438 439/439/439
f  434/434/434 433/433/433 437/437/437
f  437/437/437 436/436/436 434/434/434
f  429/429/429 432/432/432 426/426/426
f  426/426/426 425/425/425 429/429/429
f  440/440/440 441/441/441 442/442/442
f  442/442/442 443/443/443 440/440/440
f  429/429/429 444/444/444 441/441/441
f  441/441/441 440/440/440 429/429/429
f  443/443/443 442/442/442 433/433/433
f  433/433/433 430/430/430 443/443/443
f  445/445/445 446/446/446 447/447/447
f  447/447/447 448/448/448 445/445/445
f  449/449/449 445/445/445 448/448/448
f  448/448/448 450/450/450 449/449/449
f  451/451/451 449/449/449 450/450/450
f  450/450/450 452/452/452 451/451/451
f  453/453/453 451/451/451 452/452/452
f  452/452/452 454/454/454 453/453/453
f  455/455/455 453/453/453 454/454/454
f  454/454/454 456/456/456 455/455/455
f  457/457/457 458/458/458 459/459/459
f  459/459/459 460/460/460 457/457/457
f  461/461/461 457/457/457 460/460/460
f  460/460/460 462/462/462 461/461/461
f  446/446/446 461/461/461 462/462/462
f  462/462/462 447/447/447 446/446/446
f  463/463/463 464/464/464 465/465/465
f  465/465/465 466/466/466 463/463/463
f  467/467/467 468/468/468 469/469/469
f  469/469/469 470/470/470 467/467/467
f  466/466/466 465/465/465 471/471/471
f  471/471/471 472/472/472 466/466/466
f  472/472/472 471/471/471 473/473/473
f  473/473/473 474/474/474 472/472/472
f  475/475/475 476/476/476 477/477/477
f  477/477/477 478/478/478 479/479/479
f  468/468/468 467/467/467 480/480/480
f  480/480/480 481/481/481 468/468/468
f  482/482/482 483/483/483 484/484/484
f  485/485/485 486/486/486 487/487/487
f  474/474/474 473/473/473 488/488/488
f  488/488/488 489/489/489 474/474/474
f  490/490/490 477/477/477 491/491/491
f  491/491/491 492/492/492 493/493/493
f  494/494/494 480/480/480 495/495/495
f  495/495/495 496/496/496 497/497/497
f  498/498/498 499/499/499 500/500/500
f  501/501/501 502/502/502 503/503/503
f  504/504/504 505/505/505 489/489/489
f  489/489/489 488/488/488 504/504/504
f  506/506/506 507/507/507 508/508/508
f  509/509/509 491/491/491 506/506/506
f  510/510/510 511/511/511 512/512/512
f  513/513/513 495/495/495 510/510/510
f  514/514/514 515/515/515 516/516/516
f  517/517/517 518/518/518 519/519/519
f  505/505/505 504/504/504 520/520/520
f  520/520/520 521/521/521 505/505/505
f  522/522/522 506/506/506 523/523/523
f  523/523/523 524/524/524 525/525/525
f  526/526/526 510/510/510 527/527/527
f  527/527/527 528/528/528 529/529/529
f  530/530/530 531/531/531 532/532/532
f  533/533/533 534/534/534 535/535/535
f  536/536/536 537/537/537 538/538/538
f  538/538/538 539/539/539 536/536/536
f  540/540/540 541/541/541 542/542/542
f  542/542/542 543/543/543 540/540/540
f  544/544/544 545/545/545 546/546/546
f  547/547/547 548/548/548 544/544/544
f  549/549/549 550/550/550 551/551/551
f  552/552/552 553/553/553 549/549/549
f  554/554/554 555/555/555 556/556/556
f  557/557/557 558/558/558 559/559/559
f  560/560/560 544/544/544 561/561/561
f  562/562/562 563/563/563 564/564/564
f  541/541/541 540/540/540 565/565/565
f  566/566/566 567/567/567 541/541/541
f  568/568/568 569/569/569 539/539/539
f  539/539/539 538/538/538 570/570/570
f  571/571/571 549/549/549 572/572/572
f  573/573/573 574/574/574 575/575/575
f  576/576/576 577/577/577 578/578/578
f  578/578/578 579/579/579 576/576/576
f  580/580/580 581/581/581 582/582/582
f  583/583/583 584/584/584 580/580/580
f  578/578/578 577/577/577 585/585/585
f  586/586/586 587/587/587 578/578/578
f  588/588/588 589/589/589 590/590/590
f  591/591/591 592/592/592 593/593/593
f  594/594/594 595/595/595 596/596/596
f  596/596/596 597/597/597 594/594/594
f  598/598/598 594/594/594 597/597/597
f  597/597/597 599/599/599 598/598/598
f  600/600/600 598/598/598 599/599/599
f  599/599/599 601/601/601 600/600/600
f  602/602/602 600/600/600 601/601/601
f  601/601/601 603/603/603 602/602/602
f  604/604/604 602/602/602 603/603/603
f  603/603/603 605/605/605 604/604/604
f  606/606/606 604/604/604 605/605/605
f  605/605/605 607/607/607 606/606/606
f  608/608/608 606/606/606 607/607/607
f  607/607/607 609/609/609 608/608/608
f  610/610/610 611/611/611 612/612/612
f  613/613/613 614/614/614 615/615/615
f  616/616/616 617/617/617 618/618/618
f  619/619/619 620/620/620 621/621/621
f  622/622/622 623/623/623 624/624/624
f  625/625/625 626/626/626 627/627/627
f  628/628/628 629/629/629 630/630/630
f  631/631/631 632/632/632 633/633/633
f  634/634/634 635/635/635 636/636/636
f  637/637/637 638/638/638 639/639/639
f  640/640/640 641/641/641 642/642/642
f  643/643/643 644/644/644 645/645/645
f  646/646/646 647/647/647 648/648/648
f  648/648/648 649/649/649 646/646/646
f  650/650/650 651/651/651 652/652/652
f  653/653/653 654/654/654 650/650/650
f  655/655/655 656/656/656 657/657/657
f  657/657/657 658/658/658 655/655/655
f  659/659/659 647/647/647 646/646/646
f  646/646/646 660/660/660 659/659/659
f  650/650/650 661/661/661 662/662/662
f  663/663/663 664/664/664 650/650/650
f  655/655/655 665/665/665 666/666/666
f  666/666/666 656/656/656 655/655/655
f  667/667/667 668/668/668 669/669/669
f  669/669/669 670/670/670 667/667/667
f  671/671/671 672/672/672 673/673/673
f  673/673/673 674/674/674 675/675/675
f  676/676/676 677/677/677 678/678/678
f  678/678/678 679/679/679 676/676/676
f  680/680/680 681/681/681 682/682/682
f  683/683/683 684/684/684 685/685/685
f  686/686/686 687/687/687 688/688/688
f  688/688/688 689/689/689 690/690/690
f  691/691/691 687/687/687 692/692/692
f  693/693/693 694/694/694 691/691/691
f  695/695/695 696/696/696 697/697/697
f  698/698/698 699/699/699 695/695/695
f  700/700/700 701/701/701 702/702/702
f  702/702/702 703/703/703 700/700/700
f  704/704/704 705/705/705 701/701/701
f  701/701/701 700/700/700 704/704/704
f  706/706/706 707/707/707 705/705/705
f  705/705/705 704/704/704 706/706/706
f  708/708/708 709/709/709 707/707/707
f  707/707/707 706/706/706 708/708/708
f  710/710/710 711/711/711 712/712/712
f  713/713/713 714/714/714 715/715/715
f  716/716/716 717/717/717 718/718/718
f  719/719/719 720/720/720 721/721/721
f  722/722/722 723/723/723 724/724/724
f  725/725/725 726/726/726 727/727/727
f  728/728/728 729/729/729 730/730/730
f  731/731/731 732/732/732 733/733/733
f  734/734/734 735/735/735 736/736/736
f  737/737/737 738/738/738 739/739/739
f  740/740/740 741/741/741 742/742/742
f  743/743/743 744/744/744 745/745/745
f  746/746/746 747/747/747 748/748/748
f  749/749/749 750/750/750 751/751/751
f  752/752/752 753/753/753 754/754/754
f  755/755/755 756/756/756 757/757/757
f  758/758/758 759/759/759 760/760/760
f  761/761/761 762/762/762 758/758/758
f  763/763/763 764/764/764 765/765/765
f  765/765/765 766/766/766 763/763/763
f  767/767/767 763/763/763 766/766/766
f  766/766/766 768/768/768 767/767/767
f  769/769/769 767/767/767 768/768/768
f  768/768/768 770/770/770 769/769/769
f  771/771/771 769/769/769 770/770/770
f  770/770/770 772/772/772 771/771/771
f  773/773/773 771/771/771 772/772/772
f  772/772/772 774/774/774 773/773/773
f  775/775/775 773/773/773 774/774/774
f  774/774/774 776/776/776 775/775/775
f  777/777/777 778/778/778 779/779/779
f  780/780/780 781/781/781 782/782/782
f  783/783/783 784/784/784 785/785/785
f  786/786/786 787/787/787 788/788/788
f  789/789/789 790/790/790 791/791/791
f  792/792/792 793/793/793 794/794/794
f  795/795/795 796/796/796 797/797/797
f  798/798/798 799/799/799 800/800/800
f  801/801/801 802/802/802 803/803/803
f  803/803/803 804/804/804 801/801/801
f  805/805/805 806/806/806 807/807/807
f  807/807/807 808/808/808 805/805/805
f  809/809/809 810/810/810 802/802/802
f  802/802/802 801/801/801 809/809/809
f  811/811/811 812/812/812 813/813/813
f  813/813/813 807/807/807 811/811/811
f  814/814/814 811/811/811 807/807/807
f  807/807/807 806/806/806 814/814/814
f  815/815/815 816/816/816 811/811/811
f  811/811/811 814/814/814 815/815/815
f  817/817/817 818/818/818 816/816/816
f  816/816/816 815/815/815 817/817/817
f  813/813/813 812/812/812 809/809/809
f  809/809/809 801/801/801 813/813/813
f  819/819/819 813/813/813 801/801/801
f  801/801/801 804/804/804 819/819/819
f  820/820/820 821/821/821 822/822/822
f  822/822/822 823/823/823 820/820/820
f  824/824/824 825/825/825 820/820/820
f  820/820/820 823/823/823 824/824/824
f  826/826/826 827/827/827 828/828/828
f  828/828/828 829/829/829 826/826/826
f  830/830/830 827/827/827 826/826/826
f  826/826/826 831/831/831 830/830/830
f  830/830/830 831/831/831 832/832/832
f  832/832/832 833/833/833 830/830/830
f  834/834/834 835/835/835 836/836/836
f  836/836/836 837/837/837 834/834/834
f  838/838/838 839/839/839 840/840/840
f  841/841/841 842/842/842 838/838/838
f  843/843/843 837/837/837 844/844/844
f  845/845/845 822/822/822 843/843/843
f  846/846/846 847/847/847 822/822/822
f  822/822/822 821/821/821 846/846/846
f  847/847/847 846/846/846 848/848/848
f  848/848/848 843/843/843 847/847/847
f  836/836/836 835/835/835 833/833/833
f  833/833/833 832/832/832 836/836/836
f  849/849/849 825/825/825 824/824/824
f  824/824/824 850/850/850 849/849/849
f  848/848/848 834/834/834 837/837/837
f  837/837/837 843/843/843 848/848/848
f  851/851/851 852/852/852 853/853/853
f  853/853/853 854/854/854 851/851/851
f  853/853/853 855/855/855 856/856/856
f  856/856/856 854/854/854 853/853/853
f  857/857/857 858/858/858 859/859/859
f  859/859/859 860/860/860 857/857/857
f  861/861/861 862/862/862 863/863/863
f  864/864/864 865/865/865 866/866/866
f  856/856/856 855/855/855 867/867/867
f  868/868/868 869/869/869 856/856/856
f  858/858/858 857/857/857 852/852/852
f  852/852/852 851/851/851 858/858/858
f  870/870/870 871/871/871 872/872/872
f  873/873/873 874/874/874 875/875/875
f  876/876/876 877/877/877 878/878/878
f  878/878/878 879/879/879 876/876/876
f  880/880/880 881/881/881 882/882/882
f  882/882/882 883/883/883 880/880/880
f  884/884/884 885/885/885 886/886/886
f  887/887/887 888/888/888 889/889/889
f  890/890/890 891/891/891 892/892/892
f  893/893/893 894/894/894 895/895/895
f  896/896/896 897/897/897 898/898/898
f  898/898/898 899/899/899 896/896/896
f  897/897/897 880/880/880 883/883/883
f  883/883/883 898/898/898 897/897/897
f  900/900/900 901/901/901 902/902/902
f  903/903/903 904/904/904 905/905/905
f  876/876/876 896/896/896 899/899/899
f  899/899/899 877/877/877 876/876/876
f  906/906/906 907/907/907 908/908/908
f  909/909/909 910/910/910 911/911/911
f  912/912/912 913/913/913 914/914/914
f  914/914/914 915/915/915 912/912/912
f  916/916/916 917/917/917 918/918/918
f  918/918/918 919/919/919 916/916/916
f  920/920/920 921/921/921 922/922/922
f  922/922/922 923/923/923 920/920/920
f  924/924/924 925/925/925 926/926/926
f  926/926/926 927/927/927 928/928/928
f  929/929/929 930/930/930 931/931/931
f  931/931/931 932/932/932 929/929/929
f  918/918/918 933/933/933 934/934/934
f  934/934/934 919/919/919 918/918/918
f  935/935/935 921/921/921 920/920/920
f  920/920/920 936/936/936 937/937/937
f  926/926/926 938/938/938 939/939/939
f  939/939/939 927/927/927 926/926/926
f  940/940/940 941/941/941 942/942/942
f  942/942/942 943/943/943 940/940/940
f  944/944/944 945/945/945 927/927/927
f  927/927/927 939/939/939 946/946/946
f  947/947/947 948/948/948 922/922/922
f  922/922/922 921/921/921 949/949/949
f  930/930/930 950/950/950 951/951/951
f  952/952/952 931/931/931 930/930/930
f  934/934/934 933/933/933 953/953/953
f  953/953/953 954/954/954 934/934/934
f  955/955/955 956/956/956 913/913/913
f  913/913/913 912/912/912 957/957/957
f  958/958/958 959/959/959 960/960/960
f  961/961/961 962/962/962 963/963/963
f  964/964/964 965/965/965 966/966/966
f  967/967/967 968/968/968 969/969/969
f  970/970/970 971/971/971 915/915/915
f  915/915/915 914/914/914 972/972/972
f  973/973/973 974/974/974 929/929/929
f  929/929/929 932/932/932 975/975/975
f  976/976/976 977/977/977 978/978/978
f  978/978/978 979/979/979 976/976/976
f  980/980/980 981/981/981 982/982/982
f  982/982/982 983/983/983 980/980/980
f  984/984/984 985/985/985 986/986/986
f  986/986/986 987/987/987 988/988/988
f  989/989/989 990/990/990 991/991/991
f  991/991/991 992/992/992 993/993/993
f  983/983/983 994/994/994 995/995/995
f  995/995/995 980/980/980 983/983/983
f  996/996/996 987/987/987 997/997/997
f  997/997/997 998/998/998 999/999/999
f  992/992/992 1000/1000/1000 1001/1001/1001
f  1002/1002/1002 1003/1003/1003 992/992/992
f  1004/1004/1004 1005/1005/1005 1006/1006/1006
f  1006/1006/1006 1007/1007/1007 1008/1008/1008
f  994/994/994 1009/1009/1009 1010/1010/1010
f  1010/1010/1010 995/995/995 994/994/994
f  1011/1011/1011 1012/1012/1012 997/997/997
f  997/997/997 1013/1013/1013 1014/1014/1014
f  1000/1000/1000 976/976/976 979/979/979
f  979/979/979 1015/1015/1015 1000/1000/1000
f  1006/1006/1006 1016/1016/1016 991/991/991
f  991/991/991 1017/1017/1017 1006/1006/1006
f  978/978/978 1018/1018/1018 1019/1019/1019
f  1020/1020/1020 979/979/979 978/978/978
f  1010/1010/1010 1009/1009/1009 1021/1021/1021
f  1022/1022/1022 1023/1023/1023 1010/1010/1010
f  1024/1024/1024 1025/1025/1025 1018/1018/1018
f  1018/1018/1018 978/978/978 1026/1026/1026
f  1027/1027/1027 982/982/982 981/981/981
f  981/981/981 1028/1028/1028 1029/1029/1029
f  1030/1030/1030 1031/1031/1031 1032/1032/1032
f  1033/1033/1033 1034/1034/1034 1035/1035/1035
f  1036/1036/1036 1037/1037/1037 1038/1038/1038
f  1038/1038/1038 1039/1039/1039 1036/1036/1036
f  1040/1040/1040 1036/1036/1036 1039/1039/1039
f  1039/1039/1039 1041/1041/1041 1040/1040/1040
f  1042/1042/1042 1040/1040/1040 1041/1041/1041
f  1041/1041/1041 1043/1043/1043 1042/1042/1042
f  1044/1044/1044 1042/1042/1042 1043/1043/1043
f  1043/1043/1043 1045/1045/1045 1044/1044/1044
f  1046/1046/1046 1044/1044/1044 1045/1045/1045
f  1045/1045/1045 1047/1047/1047 1046/1046/1046
f  1048/1048/1048 1046/1046/1046 1047/1047/1047
f  1047/1047/1047 1049/1049/1049 1048/1048/1048
f  1050/1050/1050 1048/1048/1048 1049/1049/1049
f  1049/1049/1049 1051/1051/1051 1050/1050/1050
f  1037/1037/1037 1050/1050/1050 1051/1051/1051
f  1051/1051/1051 1038/1038/1038 1037/1037/1037
f  1052/1052/1052 1053/1053/1053 1054/1054/1054
f  1054/1054/1054 1055/1055/1055 1052/1052/1052
f  1056/1056/1056 1057/1057/1057 1052/1052/1052
f  1052/1052/1052 1055/1055/1055 1056/1056/1056
f  1058/1058/1058 1059/1059/1059 1060/1060/1060
f  1061/1061/1061 1062/1062/1062 1063/1063/1063
f  1053/1053/1053 1064/1064/1064 1065/1065/1065
f  1065/1065/1065 1054/1054/1054 1053/1053/1053
f  1066/1066/1066 1067/1067/1067 1068/1068/1068
f  1069/1069/1069 1070/1070/1070 1071/1071/1071
f  1072/1072/1072 1073/1073/1073 1074/1074/1074
f  1075/1075/1075 1076/1076/1076 1072/1072/1072
f  1065/1065/1065 1077/1077/1077 1078/1078/1078
f  1078/1078/1078 1079/1079/1079 1065/1065/1065
f  1080/1080/1080 1081/1081/1081 1059/1059/1059
f  1059/1059/1059 1082/1082/1082 1080/1080/1080
f  1057/1057/1057 1056/1056/1056 1083/1083/1083
f  1084/1084/1084 1085/1085/1085 1057/1057/1057
f  1086/1086/1086 1087/1087/1087 1088/1088/1088
f  1088/1088/1088 1089/1089/1089 1086/1086/1086
f  1089/1089/1089 1088/1088/1088 1090/1090/1090
f  1090/1090/1090 1091/1091/1091 1089/1089/1089
f  1087/1087/1087 1086/1086/1086 1092/1092/1092
f  1092/1092/1092 1093/1093/1093 1087/1087/1087
f  1094/1094/1094 1095/1095/1095 1096/1096/1096
f  1096/1096/1096 1097/1097/1097 1094/1094/1094
f  1098/1098/1098 1094/1094/1094 1097/1097/1097
f  1097/1097/1097 1099/1099/1099 1098/1098/1098
f  1100/1100/1100 1098/1098/1098 1099/1099/1099
f  1099/1099/1099 1101/1101/1101 1100/1100/1100
f  1102/1102/1102 1100/1100/1100 1101/1101/1101
f  1101/1101/1101 1103/1103/1103 1102/1102/1102
f  1104/1104/1104 1102/1102/1102 1103/1103/1103
f  1103/1103/1103 1105/1105/1105 1104/1104/1104
f  1106/1106/1106 1104/1104/1104 1105/1105/1105
f  1105/1105/1105 1107/1107/1107 1106/1106/1106
f  1108/1108/1108 1106/1106/1106 1107/1107/1107
f  1107/1107/1107 1109/1109/1109 1108/1108/1108
f  1095/1095/1095 1108/1108/1108 1109/1109/1109
f  1109/1109/1109 1096/1096/1096 1095/1095/1095
f  1110/1110/1110 1111/1111/1111 1112/1112/1112
f  1112/1112/1112 1113/1113/1113 1110/1110/1110
f  1114/1114/1114 1115/1115/1115 1113/1113/1113
f  1113/1113/1113 1112/1112/1112 1114/1114/1114
f  1116/1116/1116 1117/1117/1117 1115/1115/1115
f  1115/1115/1115 1114/1114/1114 1116/1116/1116
f  1118/1118/1118 1119/1119/1119 1117/1117/1117
f  1117/1117/1117 1116/1116/1116 1118/1118/1118
f  1120/1120/1120 1121/1121/1121 1119/1119/1119
f  1119/1119/1119 1118/1118/1118 1120/1120/1120
f  1122/1122/1122 1123/1123/1123 1121/1121/1121
f  1121/1121/1121 1120/1120/1120 1122/1122/1122
f  1124/1124/1124 1125/1125/1125 1123/1123/1123
f  1123/1123/1123 1122/1122/1122 1124/1124/1124
f  1111/1111/1111 1110/1110/1110 1125/1125/1125
f  1125/1125/1125 1124/1124/1124 1111/1111/1111
f  1126/1126/1126 1127/1127/1127 1128/1128/1128
f  1128/1128/1128 1129/1129/1129 1126/1126/1126
f  1127/1127/1127 1130/1130/1130 1131/1131/1131
f  1131/1131/1131 1128/1128/1128 1127/1127/1127
f  1130/1130/1130 1132/1132/1132 1133/1133/1133
f  1133/1133/1133 1131/1131/1131 1130/1130/1130
f  1132/1132/1132 1134/1134/1134 1135/1135/1135
f  1135/1135/1135 1133/1133/1133 1132/1132/1132
f  1134/1134/1134 1136/1136/1136 1137/1137/1137
f  1137/1137/1137 1135/1135/1135 1134/1134/1134
f  1136/1136/1136 1138/1138/1138 1139/1139/1139
f  1139/1139/1139 1137/1137/1137 1136/1136/1136
f  1138/1138/1138 1140/1140/1140 1141/1141/1141
f  1141/1141/1141 1139/1139/1139 1138/1138/1138
f  1140/1140/1140 1126/1126/1126 1129/1129/1129
f  1129/1129/1129 1141/1141/1141 1140/1140/1140
f  1112/1112/1112 1111/1111/1111 1142/1142/1142
f  1142/1142/1142 1143/1143/1143 1112/1112/1112
f  1111/1111/1111 1124/1124/1124 1144/1144/1144
f  1144/1144/1144 1142/1142/1142 1111/1111/1111
f  1124/1124/1124 1122/1122/1122 1145/1145/1145
f  1145/1145/1145 1144/1144/1144 1124/1124/1124
f  1122/1122/1122 1120/1120/1120 1146/1146/1146
f  1146/1146/1146 1145/1145/1145 1122/1122/1122
f  1120/1120/1120 1118/1118/1118 1147/1147/1147
f  1147/1147/1147 1146/1146/1146 1120/1120/1120
f  1118/1118/1118 1116/1116/1116 1148/1148/1148
f  1148/1148/1148 1147/1147/1147 1118/1118/1118
f  1116/1116/1116 1114/1114/1114 1149/1149/1149
f  1149/1149/1149 1148/1148/1148 1116/1116/1116
f  1114/1114/1114 1112/1112/1112 1143/1143/1143
f  1143/1143/1143 1149/1149/1149 1114/1114/1114
f  1129/1129/1129 1128/1128/1128 1108/1108/1108
f  1108/1108/1108 1095/1095/1095 1129/1129/1129
f  1127/1127/1127 1126/1126/1126 1143/1143/1143
f  1143/1143/1143 1142/1142/1142 1127/1127/1127
f  1128/1128/1128 1131/1131/1131 1106/1106/1106
f  1106/1106/1106 1108/1108/1108 1128/1128/1128
f  1130/1130/1130 1127/1127/1127 1142/1142/1142
f  1142/1142/1142 1144/1144/1144 1130/1130/1130
f  1131/1131/1131 1133/1133/1133 1104/1104/1104
f  1104/1104/1104 1106/1106/1106 1131/1131/1131
f  1132/1132/1132 1130/1130/1130 1144/1144/1144
f  1144/1144/1144 1145/1145/1145 1132/1132/1132
f  1133/1133/1133 1135/1135/1135 1102/1102/1102
f  1102/1102/1102 1104/1104/1104 1133/1133/1133
f  1134/1134/1134 1132/1132/1132 1145/1145/1145
f  1145/1145/1145 1146/1146/1146 1134/1134/1134
f  1135/1135/1135 1137/1137/1137 1100/1100/1100
f  1100/1100/1100 1102/1102/1102 1135/1135/1135
f  1136/1136/1136 1134/1134/1134 1146/1146/1146
f  1146/1146/1146 1147/1147/1147 1136/1136/1136
f  1137/1137/1137 1139/1139/1139 1098/1098/1098
f  1098/1098/1098 1100/1100/1100 1137/1137/1137
f  1138/1138/1138 1136/1136/1136 1147/1147/1147
f  1147/1147/1147 1148/1148/1148 1138/1138/1138
f  1139/1139/1139 1141/1141/1141 1094/1094/1094
f  1094/1094/1094 1098/1098/1098 1139/1139/1139
f  1140/1140/1140 1138/1138/1138 1148/1148/1148
f  1148/1148/1148 1149/1149/1149 1140/1140/1140
f  1141/1141/1141 1129/1129/1129 1095/1095/1095
f  1095/1095/1095 1094/1094/1094 1141/1141/1141
f  1126/1126/1126 1140/1140/1140 1149/1149/1149
f  1149/1149/1149 1143/1143/1143 1126/1126/1126
f  1150/1150/1150 1151/1151/1151 1152/1152/1152
f  1152/1152/1152 1153/1153/1153 1150/1150/1150
f  1153/1153/1153 1152/1152/1152 1154/1154/1154
f  1154/1154/1154 1155/1155/1155 1153/1153/1153
f  1151/1151/1151 1150/1150/1150 1156/1156/1156
f  1156/1156/1156 1157/1157/1157 1151/1151/1151
f  1158/1158/1158 1159/1159/1159 1160/1160/1160
f  1160/1160/1160 1161/1161/1161 1158/1158/1158
f  1161/1161/1161 1160/1160/1160 1162/1162/1162
f  1162/1162/1162 1163/1163/1163 1161/1161/1161
f  1159/1159/1159 1158/1158/1158 1164/1164/1164
f  1164/1164/1164 1165/1165/1165 1159/1159/1159
f  1166/1166/1166 1167/1167/1167 1168/1168/1168
f  1169/1169/1169 1170/1170/1170 1166/1166/1166
f  1171/1171/1171 1172/1172/1172 1173/1173/1173
f  1173/1173/1173 1174/1174/1174 1175/1175/1175
f  1176/1176/1176 1177/1177/1177 1178/1178/1178
f  1179/1179/1179 1180/1180/1180 1176/1176/1176
f  1181/1181/1181 1182/1182/1182 1183/1183/1183
f  1184/1184/1184 1177/1177/1177 1181/1181/1181
f  1185/1185/1185 1186/1186/1186 1187/1187/1187
f  1188/1188/1188 1189/1189/1189 1185/1185/1185
f  1190/1190/1190 1191/1191/1191 1192/1192/1192
f  1192/1192/1192 1193/1193/1193 1190/1190/1190
f  1194/1194/1194 1195/1195/1195 1190/1190/1190
f  1190/1190/1190 1193/1193/1193 1194/1194/1194
f  1196/1196/1196 1195/1195/1195 1194/1194/1194
f  1194/1194/1194 1197/1197/1197 1196/1196/1196
f  1198/1198/1198 1199/1199/1199 1196/1196/1196
f  1196/1196/1196 1197/1197/1197 1200/1200/1200
f  1201/1201/1201 1202/1202/1202 1203/1203/1203
f  1204/1204/1204 1205/1205/1205 1206/1206/1206
f  1207/1207/1207 1208/1208/1208 1209/1209/1209
f  1210/1210/1210 1211/1211/1211 1212/1212/1212
f  1213/1213/1213 1214/1214/1214 1215/1215/1215
f  1216/1216/1216 1217/1217/1217 1218/1218/1218
f  1219/1219/1219 1220/1220/1220 1221/1221/1221
f  1222/1222/1222 1223/1223/1223 1224/1224/1224
f  1225/1225/1225 1226/1226/1226 1227/1227/1227
f  1228/1228/1228 1229/1229/1229 1230/1230/1230
f  1231/1231/1231 1232/1232/1232 1233/1233/1233
f  1234/1234/1234 1235/1235/1235 1236/1236/1236
f  1237/1237/1237 1238/1238/1238 1239/1239/1239
f  1239/1239/1239 1240/1240/1240 1241/1241/1241
f  1242/1242/1242 1243/1243/1243 1244/1244/1244
f  1245/1245/1245 1246/1246/1246 1247/1247/1247
f  1248/1248/1248 1249/1249/1249 1250/1250/1250
f  1250/1250/1250 1251/1251/1251 1248/1248/1248
f  1252/1252/1252 1248/1248/1248 1251/1251/1251
f  1251/1251/1251 1253/1253/1253 1252/1252/1252
f  1248/1248/1248 1252/1252/1252 1254/1254/1254
f  1254/1254/1254 1249/1249/1249 1248/1248/1248
f  1250/1250/1250 1255/1255/1255 1253/1253/1253
f  1253/1253/1253 1251/1251/1251 1250/1250/1250
f  1255/1255/1255 1250/1250/1250 1249/1249/1249
f  1249/1249/1249 1254/1254/1254 1255/1255/1255
f  1256/1256/1256 1257/1257/1257 1258/1258/1258
f  1258/1258/1258 1259/1259/1259 1256/1256/1256
f  1260/1260/1260 1256/1256/1256 1259/1259/1259
f  1259/1259/1259 1261/1261/1261 1260/1260/1260
f  1262/1262/1262 1260/1260/1260 1261/1261/1261
f  1261/1261/1261 1263/1263/1263 1262/1262/1262
f  1264/1264/1264 1262/1262/1262 1263/1263/1263
f  1263/1263/1263 1265/1265/1265 1264/1264/1264
f  1266/1266/1266 1264/1264/1264 1265/1265/1265
f  1265/1265/1265 1267/1267/1267 1266/1266/1266
f  1268/1268/1268 1269/1269/1269 1270/1270/1270
f  1271/1271/1271 1272/1272/1272 1268/1268/1268
f  1273/1273/1273 1268/1268/1268 1272/1272/1272
f  1272/1272/1272 1274/1274/1274 1273/1273/1273
f  1257/1257/1257 1273/1273/1273 1274/1274/1274
f  1274/1274/1274 1258/1258/1258 1257/1257/1257
f  1275/1275/1275 1276/1276/1276 1277/1277/1277
f  1277/1277/1277 1278/1278/1278 1275/1275/1275
f  1279/1279/1279 1280/1280/1280 1281/1281/1281
f  1281/1281/1281 1282/1282/1282 1279/1279/1279
f  1283/1283/1283 1279/1279/1279 1282/1282/1282
f  1282/1282/1282 1284/1284/1284 1283/1283/1283
f  1285/1285/1285 1283/1283/1283 1284/1284/1284
f  1284/1284/1284 1286/1286/1286 1285/1285/1285
f  1287/1287/1287 1285/1285/1285 1286/1286/1286
f  1286/1286/1286 1288/1288/1288 1287/1287/1287
f  1289/1289/1289 1287/1287/1287 1288/1288/1288
f  1288/1288/1288 1290/1290/1290 1289/1289/1289
f  1291/1291/1291 1289/1289/1289 1290/1290/1290
f  1290/1290/1290 1292/1292/1292 1291/1291/1291
f  1293/1293/1293 1291/1291/1291 1292/1292/1292
f  1292/1292/1292 1294/1294/1294 1293/1293/1293
f  1280/1280/1280 1293/1293/1293 1294/1294/1294
f  1294/1294/1294 1281/1281/1281 1280/1280/1280
f  1295/1295/1295 1296/1296/1296 1297/1297/1297
f  1297/1297/1297 1298/1298/1298 1295/1295/1295
f  1299/1299/1299 1300/1300/1300 1301/1301/1301
f  1301/1301/1301 1302/1302/1302 1299/1299/1299
f  1296/1296/1296 1303/1303/1303 1304/1304/1304
f  1305/1305/1305 1297/1297/1297 1296/1296/1296
f  1300/1300/1300 1295/1295/1295 1298/1298/1298
f  1298/1298/1298 1301/1301/1301 1300/1300/1300
f  1306/1306/1306 1307/1307/1307 1308/1308/1308
f  1308/1308/1308 1276/1276/1276 1306/1306/1306
f  1309/1309/1309 1310/1310/1310 1311/1311/1311
f  1311/1311/1311 1312/1312/1312 1313/1313/1313
f  1314/1314/1314 1315/1315/1315 1316/1316/1316
f  1317/1317/1317 1318/1318/1318 1314/1314/1314
f  1319/1319/1319 1320/1320/1320 1311/1311/1311
f  1311/1311/1311 1321/1321/1321 1322/1322/1322
f  1323/1323/1323 1324/1324/1324 1315/1315/1315
f  1315/1315/1315 1325/1325/1325 1323/1323/1323
f  1315/1315/1315 1324/1324/1324 1326/1326/1326
f  1327/1327/1327 1328/1328/1328 1315/1315/1315
f  1329/1329/1329 1330/1330/1330 1324/1324/1324
f  1324/1324/1324 1331/1331/1331 1332/1332/1332
f  1333/1333/1333 1334/1334/1334 1331/1331/1331
f  1331/1331/1331 1335/1335/1335 1336/1336/1336
f  1311/1311/1311 1320/1320/1320 1323/1323/1323
f  1323/1323/1323 1325/1325/1325 1311/1311/1311
f  1311/1311/1311 1325/1325/1325 1337/1337/1337
f  1337/1337/1337 1312/1312/1312 1311/1311/1311
f  1338/1338/1338 1339/1339/1339 1340/1340/1340
f  1340/1340/1340 1341/1341/1341 1338/1338/1338
f  1342/1342/1342 1339/1339/1339 1338/1338/1338
f  1338/1338/1338 1343/1343/1343 1342/1342/1342
f  1344/1344/1344 1345/1345/1345 1346/1346/1346
f  1347/1347/1347 1348/1348/1348 1344/1344/1344
f  1349/1349/1349 1350/1350/1350 1344/1344/1344
f  1344/1344/1344 1348/1348/1348 1349/1349/1349
f  1350/1350/1350 1349/1349/1349 1351/1351/1351
f  1351/1351/1351 1352/1352/1352 1350/1350/1350
f  1353/1353/1353 1354/1354/1354 1355/1355/1355
f  1355/1355/1355 1356/1356/1356 1353/1353/1353
f  1357/1357/1357 1358/1358/1358 1359/1359/1359
f  1359/1359/1359 1360/1360/1360 1361/1361/1361
f  1362/1362/1362 1354/1354/1354 1363/1363/1363
f  1363/1363/1363 1340/1340/1340 1364/1364/1364
f  1365/1365/1365 1341/1341/1341 1340/1340/1340
f  1340/1340/1340 1366/1366/1366 1365/1365/1365
f  1366/1366/1366 1363/1363/1363 1367/1367/1367
f  1367/1367/1367 1365/1365/1365 1366/1366/1366
f  1355/1355/1355 1352/1352/1352 1351/1351/1351
f  1351/1351/1351 1356/1356/1356 1355/1355/1355
f  1368/1368/1368 1369/1369/1369 1359/1359/1359
f  1359/1359/1359 1370/1370/1370 1368/1368/1368
f  1371/1371/1371 1372/1372/1372 1342/1342/1342
f  1342/1342/1342 1343/1343/1343 1373/1373/1373
f  1367/1367/1367 1363/1363/1363 1354/1354/1354
f  1354/1354/1354 1353/1353/1353 1367/1367/1367
f  1374/1374/1374 1375/1375/1375 1376/1376/1376
f  1376/1376/1376 1377/1377/1377 1374/1374/1374
f  1378/1378/1378 1374/1374/1374 1377/1377/1377
f  1377/1377/1377 1379/1379/1379 1378/1378/1378
f  1380/1380/1380 1378/1378/1378 1379/1379/1379
f  1379/1379/1379 1381/1381/1381 1380/1380/1380
f  1382/1382/1382 1383/1383/1383 1380/1380/1380
f  1380/1380/1380 1381/1381/1381 1382/1382/1382
f  1375/1375/1375 1384/1384/1384 1385/1385/1385
f  1385/1385/1385 1376/1376/1376 1375/1375/1375
f  1386/1386/1386 1387/1387/1387 1388/1388/1388
f  1388/1388/1388 1389/1389/1389 1386/1386/1386
f  1390/1390/1390 1391/1391/1391 1392/1392/1392
f  1393/1393/1393 1394/1394/1394 1390/1390/1390
f  1395/1395/1395 1387/1387/1387 1396/1396/1396
f  1396/1396/1396 1397/1397/1397 1398/1398/1398
f  1399/1399/1399 1400/1400/1400 1401/1401/1401
f  1402/1402/1402 1403/1403/1403 1399/1399/1399
f  1404/1404/1404 1405/1405/1405 1406/1406/1406
f  1407/1407/1407 1408/1408/1408 1409/1409/1409
f  1410/1410/1410 1411/1411/1411 1412/1412/1412
f  1412/1412/1412 1413/1413/1413 1410/1410/1410
f  1414/1414/1414 1415/1415/1415 1416/1416/1416
f  1416/1416/1416 1417/1417/1417 1414/1414/1414
f  1418/1418/1418 1419/1419/1419 1420/1420/1420
f  1421/1421/1421 1422/1422/1422 1423/1423/1423
f  1424/1424/1424 1425/1425/1425 1426/1426/1426
f  1427/1427/1427 1428/1428/1428 1429/1429/1429
f  1430/1430/1430 1431/1431/1431 1432/1432/1432
f  1433/1433/1433 1434/1434/1434 1435/1435/1435
f  1436/1436/1436 1437/1437/1437 1438/1438/1438
f  1439/1439/1439 1440/1440/1440 1441/1441/1441
f  1442/1442/1442 1443/1443/1443 1444/1444/1444
f  1444/1444/1444 1445/1445/1445 1442/1442/1442
f  1446/1446/1446 1447/1447/1447 1448/1448/1448
f  1448/1448/1448 1449/1449/1449 1446/1446/1446
f  1450/1450/1450 1451/1451/1451 1452/1452/1452
f  1452/1452/1452 1453/1453/1453 1450/1450/1450
f  1454/1454/1454 1447/1447/1447 1446/1446/1446
f  1446/1446/1446 1455/1455/1455 1454/1454/1454
f  1456/1456/1456 1457/1457/1457 1458/1458/1458
f  1458/1458/1458 1459/1459/1459 1456/1456/1456
f  1457/1457/1457 1454/1454/1454 1460/1460/1460
f  1461/1461/1461 1458/1458/1458 1457/1457/1457
f  1462/1462/1462 1445/1445/1445 1444/1444/1444
f  1444/1444/1444 1463/1463/1463 1462/1462/1462
f  1464/1464/1464 1465/1465/1465 1466/1466/1466
f  1467/1467/1467 1468/1468/1468 1469/1469/1469
f  1470/1470/1470 1471/1471/1471 1472/1472/1472
f  1472/1472/1472 1473/1473/1473 1474/1474/1474
f  1475/1475/1475 1476/1476/1476 1477/1477/1477
f  1478/1478/1478 1472/1472/1472 1475/1475/1475
f  1479/1479/1479 1480/1480/1480 1481/1481/1481
f  1481/1481/1481 1482/1482/1482 1479/1479/1479
f  1483/1483/1483 1484/1484/1484 1485/1485/1485
f  1485/1485/1485 1486/1486/1486 1483/1483/1483
f  1486/1486/1486 1485/1485/1485 1487/1487/1487
f  1487/1487/1487 1488/1488/1488 1486/1486/1486
f  1482/1482/1482 1481/1481/1481 1484/1484/1484
f  1484/1484/1484 1483/1483/1483 1482/1482/1482
f  1488/1488/1488 1487/1487/1487 1489/1489/1489
f  1489/1489/1489 1490/1490/1490 1488/1488/1488
f  1491/1491/1491 1492/1492/1492 1493/1493/1493
f  1494/1494/1494 1495/1495/1495 1491/1491/1491
f  1496/1496/1496 1497/1497/1497 1498/1498/1498
f  1498/1498/1498 1499/1499/1499 1496/1496/1496
f  1500/1500/1500 1496/1496/1496 1499/1499/1499
f  1499/1499/1499 1501/1501/1501 1500/1500/1500
f  1502/1502/1502 1503/1503/1503 1504/1504/1504
f  1505/1505/1505 1506/1506/1506 1507/1507/1507
f  1508/1508/1508 1509/1509/1509 1510/1510/1510
f  1511/1511/1511 1512/1512/1512 1508/1508/1508
f  1508/1508/1508 1512/1512/1512 1513/1513/1513
f  1513/1513/1513 1514/1514/1514 1508/1508/1508
f  1515/1515/1515 1516/1516/1516 1517/1517/1517
f  1517/1517/1517 1518/1518/1518 1519/1519/1519
f  1520/1520/1520 1521/1521/1521 1522/1522/1522
f  1523/1523/1523 1524/1524/1524 1520/1520/1520
f  1525/1525/1525 1520/1520/1520 1526/1526/1526
f  1527/1527/1527 1528/1528/1528 1525/1525/1525
f  1529/1529/1529 1530/1530/1530 1531/1531/1531
f  1531/1531/1531 1532/1532/1532 1529/1529/1529
f  1533/1533/1533 1534/1534/1534 1535/1535/1535
f  1535/1535/1535 1536/1536/1536 1533/1533/1533
f  1535/1535/1535 1537/1537/1537 1538/1538/1538
f  1538/1538/1538 1536/1536/1536 1535/1535/1535
f  1530/1530/1530 1534/1534/1534 1533/1533/1533
f  1533/1533/1533 1531/1531/1531 1530/1530/1530
f  1537/1537/1537 1539/1539/1539 1540/1540/1540
f  1540/1540/1540 1538/1538/1538 1537/1537/1537
f  1541/1541/1541 1542/1542/1542 1543/1543/1543
f  1544/1544/1544 1545/1545/1545 1546/1546/1546
f  1547/1547/1547 1548/1548/1548 1549/1549/1549
f  1549/1549/1549 1550/1550/1550 1547/1547/1547
f  1551/1551/1551 1547/1547/1547 1550/1550/1550
f  1550/1550/1550 1552/1552/1552 1551/1551/1551
f  1548/1548/1548 1553/1553/1553 1554/1554/1554
f  1554/1554/1554 1549/1549/1549 1548/1548/1548
f  1549/1549/1549 1555/1555/1555 1556/1556/1556
f  1556/1556/1556 1550/1550/1550 1549/1549/1549
f  1550/1550/1550 1556/1556/1556 1557/1557/1557
f  1557/1557/1557 1552/1552/1552 1550/1550/1550
f  1558/1558/1558 1555/1555/1555 1549/1549/1549
f  1549/1549/1549 1554/1554/1554 1558/1558/1558
f  1559/1559/1559 1560/1560/1560 1561/1561/1561
f  1561/1561/1561 1562/1562/1562 1559/1559/1559
f  1554/1554/1554 1559/1559/1559 1562/1562/1562
f  1562/1562/1562 1558/1558/1558 1554/1554/1554
f  1563/1563/1563 1564/1564/1564 1565/1565/1565
f  1566/1566/1566 1567/1567/1567 1563/1563/1563
f  1568/1568/1568 1569/1569/1569 1567/1567/1567
f  1567/1567/1567 1570/1570/1570 1571/1571/1571
f  1572/1572/1572 1573/1573/1573 1574/1574/1574
f  1574/1574/1574 1569/1569/1569 1575/1575/1575
f  1576/1576/1576 1577/1577/1577 1578/1578/1578
f  1579/1579/1579 1580/1580/1580 1576/1576/1576
f  1581/1581/1581 1582/1582/1582 1576/1576/1576
f  1576/1576/1576 1583/1583/1583 1581/1581/1581
f  1584/1584/1584 1585/1585/1585 1564/1564/1564
f  1564/1564/1564 1563/1563/1563 1584/1584/1584
f  1582/1582/1582 1586/1586/1586 1577/1577/1577
f  1577/1577/1577 1576/1576/1576 1582/1582/1582
f  1586/1586/1586 1587/1587/1587 1588/1588/1588
f  1588/1588/1588 1577/1577/1577 1586/1586/1586
f  1589/1589/1589 1590/1590/1590 1588/1588/1588
f  1588/1588/1588 1587/1587/1587 1589/1589/1589
f  1591/1591/1591 1569/1569/1569 1574/1574/1574
f  1574/1574/1574 1592/1592/1592 1591/1591/1591
f  1591/1591/1591 1593/1593/1593 1567/1567/1567
f  1567/1567/1567 1569/1569/1569 1591/1591/1591
f  1583/1583/1583 1576/1576/1576 1594/1594/1594
f  1595/1595/1595 1596/1596/1596 1583/1583/1583
f  1589/1589/1589 1597/1597/1597 1592/1592/1592
f  1592/1592/1592 1590/1590/1590 1589/1589/1589
f  1591/1591/1591 1598/1598/1598 1599/1599/1599
f  1599/1599/1599 1593/1593/1593 1591/1591/1591
f  1591/1591/1591 1592/1592/1592 1600/1600/1600
f  1600/1600/1600 1598/1598/1598 1591/1591/1591
f  1601/1601/1601 1602/1602/1602 1548/1548/1548
f  1548/1548/1548 1547/1547/1547 1601/1601/1601
f  1603/1603/1603 1601/1601/1601 1547/1547/1547
f  1547/1547/1547 1551/1551/1551 1603/1603/1603
f  1604/1604/1604 1553/1553/1553 1548/1548/1548
f  1548/1548/1548 1602/1602/1602 1604/1604/1604
f  1605/1605/1605 1606/1606/1606 1607/1607/1607
f  1608/1608/1608 1609/1609/1609 1605/1605/1605
f  1553/1553/1553 1604/1604/1604 1606/1606/1606
f  1606/1606/1606 1605/1605/1605 1553/1553/1553
f  1610/1610/1610 1611/1611/1611 1612/1612/1612
f  1613/1613/1613 1614/1614/1614 1610/1610/1610
f  1611/1611/1611 1615/1615/1615 1616/1616/1616
f  1617/1617/1617 1618/1618/1618 1611/1611/1611
f  1615/1615/1615 1619/1619/1619 1620/1620/1620
f  1621/1621/1621 1622/1622/1622 1615/1615/1615
f  1623/1623/1623 1624/1624/1624 1625/1625/1625
f  1625/1625/1625 1626/1626/1626 1627/1627/1627
f  1628/1628/1628 1629/1629/1629 1625/1625/1625
f  1625/1625/1625 1630/1630/1630 1631/1631/1631
f  1632/1632/1632 1610/1610/1610 1614/1614/1614
f  1614/1614/1614 1633/1633/1633 1634/1634/1634
f  1635/1635/1635 1624/1624/1624 1636/1636/1636
f  1636/1636/1636 1637/1637/1637 1635/1635/1635
f  1638/1638/1638 1639/1639/1639 1637/1637/1637
f  1637/1637/1637 1636/1636/1636 1638/1638/1638
f  1640/1640/1640 1641/1641/1641 1619/1619/1619
f  1619/1619/1619 1615/1615/1615 1640/1640/1640
f  1611/1611/1611 1642/1642/1642 1640/1640/1640
f  1640/1640/1640 1615/1615/1615 1611/1611/1611
f  1643/1643/1643 1644/1644/1644 1645/1645/1645
f  1646/1646/1646 1625/1625/1625 1647/1647/1647
f  1648/1648/1648 1649/1649/1649 1640/1640/1640
f  1640/1640/1640 1642/1642/1642 1650/1650/1650
f  1640/1640/1640 1651/1651/1651 1652/1652/1652
f  1653/1653/1653 1641/1641/1641 1640/1640/1640
f  1654/1654/1654 1655/1655/1655 1656/1656/1656
f  1656/1656/1656 1657/1657/1657 1654/1654/1654
f  1658/1658/1658 1654/1654/1654 1657/1657/1657
f  1657/1657/1657 1659/1659/1659 1658/1658/1658
f  1660/1660/1660 1658/1658/1658 1659/1659/1659
f  1659/1659/1659 1661/1661/1661 1660/1660/1660
f  1662/1662/1662 1663/1663/1663 1664/1664/1664
f  1664/1664/1664 1665/1665/1665 1662/1662/1662
f  1663/1663/1663 1666/1666/1666 1667/1667/1667
f  1667/1667/1667 1664/1664/1664 1663/1663/1663
f  1666/1666/1666 1668/1668/1668 1669/1669/1669
f  1669/1669/1669 1667/1667/1667 1666/1666/1666
f  1670/1670/1670 1671/1671/1671 1672/1672/1672
f  1672/1672/1672 1673/1673/1673 1670/1670/1670
f  1654/1654/1654 1674/1674/1674 1675/1675/1675
f  1676/1676/1676 1655/1655/1655 1654/1654/1654
f  1660/1660/1660 1677/1677/1677 1678/1678/1678
f  1679/1679/1679 1658/1658/1658 1660/1660/1660
f  1658/1658/1658 1680/1680/1680 1681/1681/1681
f  1682/1682/1682 1654/1654/1654 1658/1658/1658
f  1683/1683/1683 1684/1684/1684 1685/1685/1685
f  1686/1686/1686 1660/1660/1660 1683/1683/1683
f  1687/1687/1687 1688/1688/1688 1689/1689/1689
f  1689/1689/1689 1690/1690/1690 1691/1691/1691
f  1688/1688/1688 1692/1692/1692 1693/1693/1693
f  1693/1693/1693 1689/1689/1689 1688/1688/1688
f  1692/1692/1692 1694/1694/1694 1695/1695/1695
f  1695/1695/1695 1693/1693/1693 1692/1692/1692
f  1696/1696/1696 1697/1697/1697 1698/1698/1698
f  1699/1699/1699 1700/1700/1700 1696/1696/1696
f  1701/1701/1701 1697/1697/1697 1696/1696/1696
f  1696/1696/1696 1702/1702/1702 1701/1701/1701
f  1703/1703/1703 1704/1704/1704 1705/1705/1705
f  1705/1705/1705 1706/1706/1706 1707/1707/1707
f  1688/1688/1688 1708/1708/1708 1709/1709/1709
f  1710/1710/1710 1711/1711/1711 1688/1688/1688
f  1694/1694/1694 1692/1692/1692 1712/1712/1712
f  1713/1713/1713 1714/1714/1714 1694/1694/1694
f  1692/1692/1692 1688/1688/1688 1715/1715/1715
f  1716/1716/1716 1717/1717/1717 1692/1692/1692
f  1718/1718/1718 1694/1694/1694 1714/1714/1714
f  1714/1714/1714 1719/1719/1719 1718/1718/1718
f  411/411/411 410/410/410 421/421/421
f  421/421/421 420/420/420 411/411/411
f  430/430/430 429/429/429 440/440/440
f  440/440/440 443/443/443 430/430/430
f  1086/1086/1086 1089/1089/1089 1091/1091/1091
f  1091/1091/1091 1092/1092/1092 1086/1086/1086
f  1093/1093/1093 1090/1090/1090 1088/1088/1088
f  1088/1088/1088 1087/1087/1087 1093/1093/1093
f  1150/1150/1150 1153/1153/1153 1155/1155/1155
f  1155/1155/1155 1156/1156/1156 1150/1150/1150
f  1157/1157/1157 1154/1154/1154 1152/1152/1152
f  1152/1152/1152 1151/1151/1151 1157/1157/1157
f  1158/1158/1158 1161/1161/1161 1163/1163/1163
f  1163/1163/1163 1164/1164/1164 1158/1158/1158
f  1165/1165/1165 1162/1162/1162 1160/1160/1160
f  1160/1160/1160 1159/1159/1159 1165/1165/1165
f  1720/1720/1720 1721/1721/1721 1722/1722/1722
f  1723/1723/1723 1724/1724/1724 1725/1725/1725
f  1673/1673/1673 1683/1683/1683 1660/1660/1660
f  1660/1660/1660 1661/1661/1661 1673/1673/1673
f  1695/1695/1695 1694/1694/1694 1718/1718/1718
f  1718/1718/1718 1704/1704/1704 1695/1695/1695
f  1624/1624/1624 1635/1635/1635 1630/1630/1630
f  1630/1630/1630 1625/1625/1625 1624/1624/1624
f  838/838/838 842/842/842 1726/1726/1726
f  1726/1726/1726 1727/1727/1727 838/838/838
f  669/669/669 668/668/668 659/659/659
f  659/659/659 660/660/660 669/669/669
f  1728/1728/1728 1174/1174/1174 1170/1170/1170
f  1170/1170/1170 1729/1729/1729 1730/1730/1730
f  1181/1181/1181 1189/1189/1189 1731/1731/1731
f  1732/1732/1732 1733/1733/1733 1181/1181/1181
f  676/676/676 679/679/679 666/666/666
f  666/666/666 665/665/665 676/676/676
f  1734/1734/1734 696/696/696 691/691/691
f  691/691/691 1735/1735/1735 1736/1736/1736
f  661/661/661 672/672/672 1737/1737/1737
f  1738/1738/1738 1739/1739/1739 661/661/661
f  1740/1740/1740 1741/1741/1741 1166/1166/1166
f  1166/1166/1166 1742/1742/1742 1743/1743/1743
f  1744/1744/1744 1745/1745/1745 1746/1746/1746
f  1747/1747/1747 1748/1748/1748 1749/1749/1749
f  1750/1750/1750 1751/1751/1751 1752/1752/1752
f  1753/1753/1753 1754/1754/1754 1755/1755/1755
f  1756/1756/1756 1757/1757/1757 1758/1758/1758
f  1759/1759/1759 1760/1760/1760 1761/1761/1761
f  1762/1762/1762 1763/1763/1763 1764/1764/1764
f  1765/1765/1765 1766/1766/1766 1767/1767/1767
f  1768/1768/1768 1769/1769/1769 1770/1770/1770
f  1771/1771/1771 1772/1772/1772 1773/1773/1773
f  1774/1774/1774 1775/1775/1775 1776/1776/1776
f  1777/1777/1777 1778/1778/1778 1779/1779/1779
f  1492/1492/1492 1500/1500/1500 1501/1501/1501
f  1501/1501/1501 1780/1780/1780 1492/1492/1492
f  1781/1781/1781 1782/1782/1782 1783/1783/1783
f  1783/1783/1783 1784/1784/1784 1781/1781/1781
f  1785/1785/1785 1781/1781/1781 1784/1784/1784
f  1784/1784/1784 1786/1786/1786 1785/1785/1785
f  1787/1787/1787 1785/1785/1785 1786/1786/1786
f  1786/1786/1786 1788/1788/1788 1787/1787/1787
f  1789/1789/1789 1787/1787/1787 1788/1788/1788
f  1788/1788/1788 1790/1790/1790 1789/1789/1789
f  1791/1791/1791 1789/1789/1789 1790/1790/1790
f  1790/1790/1790 1792/1792/1792 1791/1791/1791
f  1793/1793/1793 1791/1791/1791 1792/1792/1792
f  1792/1792/1792 1794/1794/1794 1793/1793/1793
f  1795/1795/1795 1793/1793/1793 1794/1794/1794
f  1794/1794/1794 1796/1796/1796 1795/1795/1795
f  1782/1782/1782 1795/1795/1795 1796/1796/1796
f  1796/1796/1796 1783/1783/1783 1782/1782/1782
f  1797/1797/1797 1798/1798/1798 1799/1799/1799
f  1799/1799/1799 1800/1800/1800 1797/1797/1797
f  1801/1801/1801 1800/1800/1800 1799/1799/1799
f  1799/1799/1799 1802/1802/1802 1801/1801/1801
f  1803/1803/1803 1801/1801/1801 1802/1802/1802
f  1802/1802/1802 1804/1804/1804 1803/1803/1803
f  1805/1805/1805 1803/1803/1803 1804/1804/1804
f  1804/1804/1804 1806/1806/1806 1805/1805/1805
f  1807/1807/1807 1805/1805/1805 1806/1806/1806
f  1806/1806/1806 1808/1808/1808 1807/1807/1807
f  1809/1809/1809 1807/1807/1807 1808/1808/1808
f  1808/1808/1808 1810/1810/1810 1809/1809/1809
f  1811/1811/1811 1809/1809/1809 1810/1810/1810
f  1810/1810/1810 1812/1812/1812 1811/1811/1811
f  1813/1813/1813 1814/1814/1814 1798/1798/1798
f  1798/1798/1798 1797/1797/1797 1815/1815/1815
f  1816/1816/1816 1817/1817/1817 1818/1818/1818
f  1819/1819/1819 1820/1820/1820 1821/1821/1821
f  1822/1822/1822 1823/1823/1823 1824/1824/1824
f  1825/1825/1825 1826/1826/1826 1827/1827/1827
f  1828/1828/1828 1829/1829/1829 1830/1830/1830
f  1831/1831/1831 1832/1832/1832 1833/1833/1833
f  941/941/941 954/954/954 953/953/953
f  953/953/953 942/942/942 941/941/941
f  1834/1834/1834 1835/1835/1835 1836/1836/1836
f  1837/1837/1837 1838/1838/1838 1839/1839/1839
f  1638/1638/1638 1641/1641/1641 1840/1840/1840
f  1840/1840/1840 1639/1639/1639 1638/1638/1638
f  1841/1841/1841 1842/1842/1842 1843/1843/1843
f  1843/1843/1843 1844/1844/1844 1841/1841/1841
f  1845/1845/1845 1846/1846/1846 1842/1842/1842
f  1842/1842/1842 1841/1841/1841 1845/1845/1845
f  1847/1847/1847 1846/1846/1846 1845/1845/1845
f  1845/1845/1845 1848/1848/1848 1847/1847/1847
f  1849/1849/1849 1850/1850/1850 1851/1851/1851
f  1851/1851/1851 1852/1852/1852 1849/1849/1849
f  1853/1853/1853 1854/1854/1854 1847/1847/1847
f  1847/1847/1847 1848/1848/1848 1853/1853/1853
f  1852/1852/1852 1851/1851/1851 1854/1854/1854
f  1854/1854/1854 1853/1853/1853 1852/1852/1852
f  1855/1855/1855 1856/1856/1856 1857/1857/1857
f  1858/1858/1858 1859/1859/1859 1855/1855/1855
f  1860/1860/1860 1861/1861/1861 1862/1862/1862
f  1863/1863/1863 1864/1864/1864 1860/1860/1860
f  1864/1864/1864 1865/1865/1865 1866/1866/1866
f  1867/1867/1867 1855/1855/1855 1864/1864/1864
f  1868/1868/1868 1869/1869/1869 1870/1870/1870
f  1871/1871/1871 1872/1872/1872 1868/1868/1868
f  1873/1873/1873 1874/1874/1874 1875/1875/1875
f  1876/1876/1876 1877/1877/1877 1873/1873/1873
f  1872/1872/1872 1878/1878/1878 1879/1879/1879
f  1880/1880/1880 1873/1873/1873 1872/1872/1872
f  1881/1881/1881 1882/1882/1882 1883/1883/1883
f  1883/1883/1883 1884/1884/1884 1885/1885/1885
f  1886/1886/1886 1887/1887/1887 1888/1888/1888
f  1889/1889/1889 1890/1890/1890 1891/1891/1891
f  1892/1892/1892 1893/1893/1893 1894/1894/1894
f  1895/1895/1895 1896/1896/1896 1897/1897/1897
f  1898/1898/1898 1899/1899/1899 1900/1900/1900
f  1901/1901/1901 1902/1902/1902 1903/1903/1903
f  1904/1904/1904 1905/1905/1905 1906/1906/1906
f  1906/1906/1906 1907/1907/1907 1904/1904/1904
f  1908/1908/1908 1909/1909/1909 1910/1910/1910
f  1911/1911/1911 1904/1904/1904 1908/1908/1908
f  1912/1912/1912 1913/1913/1913 1914/1914/1914
f  1915/1915/1915 1908/1908/1908 1912/1912/1912
f  1916/1916/1916 1917/1917/1917 1918/1918/1918
f  1919/1919/1919 1912/1912/1912 1916/1916/1916
f  1920/1920/1920 1921/1921/1921 1922/1922/1922
f  1922/1922/1922 1923/1923/1923 1920/1920/1920
f  1924/1924/1924 1925/1925/1925 1921/1921/1921
f  1921/1921/1921 1920/1920/1920 1924/1924/1924
f  1926/1926/1926 1927/1927/1927 1925/1925/1925
f  1925/1925/1925 1924/1924/1924 1926/1926/1926
f  1928/1928/1928 1929/1929/1929 1930/1930/1930
f  1931/1931/1931 1932/1932/1932 1928/1928/1928
f  1843/1843/1843 1927/1927/1927 1926/1926/1926
f  1926/1926/1926 1844/1844/1844 1843/1843/1843
f  1929/1929/1929 1933/1933/1933 1934/1934/1934
f  1935/1935/1935 1936/1936/1936 1929/1929/1929
f  1937/1937/1937 1938/1938/1938 1928/1928/1928
f  1928/1928/1928 1939/1939/1939 1940/1940/1940
f  1941/1941/1941 1942/1942/1942 1943/1943/1943
f  1943/1943/1943 1944/1944/1944 1945/1945/1945
f  1946/1946/1946 1947/1947/1947 1948/1948/1948
f  1948/1948/1948 1949/1949/1949 1950/1950/1950
f  1951/1951/1951 1952/1952/1952 1949/1949/1949
f  1949/1949/1949 1953/1953/1953 1951/1951/1951
f  1954/1954/1954 1955/1955/1955 1951/1951/1951
f  1951/1951/1951 1953/1953/1953 1954/1954/1954
f  1956/1956/1956 1957/1957/1957 1958/1958/1958
f  1958/1958/1958 1959/1959/1959 1960/1960/1960
f  1961/1961/1961 1955/1955/1955 1954/1954/1954
f  1954/1954/1954 1962/1962/1962 1961/1961/1961
f  1957/1957/1957 1961/1961/1961 1962/1962/1962
f  1962/1962/1962 1958/1958/1958 1957/1957/1957
f  1963/1963/1963 1964/1964/1964 1965/1965/1965
f  1966/1966/1966 1967/1967/1967 1963/1963/1963
f  1968/1968/1968 1969/1969/1969 1970/1970/1970
f  1971/1971/1971 1972/1972/1972 1968/1968/1968
f  1969/1969/1969 1963/1963/1963 1973/1973/1973
f  1974/1974/1974 1975/1975/1975 1969/1969/1969
f  1976/1976/1976 1977/1977/1977 1978/1978/1978
f  1979/1979/1979 1980/1980/1980 1981/1981/1981
f  1982/1982/1982 1983/1983/1983 1984/1984/1984
f  1985/1985/1985 1986/1986/1986 1982/1982/1982
f  1977/1977/1977 1982/1982/1982 1987/1987/1987
f  1988/1988/1988 1989/1989/1989 1977/1977/1977
f  1990/1990/1990 1991/1991/1991 1992/1992/1992
f  1993/1993/1993 1994/1994/1994 1995/1995/1995
f  1996/1996/1996 1997/1997/1997 1998/1998/1998
f  1999/1999/1999 2000/2000/2000 2001/2001/2001
f  2002/2002/2002 2003/2003/2003 2004/2004/2004
f  2005/2005/2005 2006/2006/2006 2007/2007/2007
f  2008/2008/2008 2009/2009/2009 2010/2010/2010
f  2011/2011/2011 2012/2012/2012 2013/2013/2013
f  2014/2014/2014 2015/2015/2015 2016/2016/2016
f  2017/2017/2017 2018/2018/2018 2014/2014/2014
f  2019/2019/2019 2014/2014/2014 2020/2020/2020
f  2021/2021/2021 2022/2022/2022 2019/2019/2019
f  2023/2023/2023 2019/2019/2019 2024/2024/2024
f  2025/2025/2025 2026/2026/2026 2023/2023/2023
f  2027/2027/2027 2023/2023/2023 2028/2028/2028
f  2029/2029/2029 2030/2030/2030 2031/2031/2031
f  2032/2032/2032 2033/2033/2033 2034/2034/2034
f  2035/2035/2035 2036/2036/2036 2032/2032/2032
f  2037/2037/2037 2032/2032/2032 2038/2038/2038
f  2039/2039/2039 2040/2040/2040 2041/2041/2041
f  2042/2042/2042 2043/2043/2043 2044/2044/2044
f  2045/2045/2045 2046/2046/2046 2047/2047/2047
f  1948/1948/1948 2048/2048/2048 2049/2049/2049
f  2050/2050/2050 2046/2046/2046 1948/1948/1948
f  2051/2051/2051 2052/2052/2052 2053/2053/2053
f  2054/2054/2054 1933/1933/1933 2055/2055/2055
f  2056/2056/2056 2057/2057/2057 1938/1938/1938
f  1938/1938/1938 2058/2058/2058 2059/2059/2059
f  2060/2060/2060 1942/1942/1942 2061/2061/2061
f  2062/2062/2062 2063/2063/2063 2064/2064/2064
f  2065/2065/2065 2066/2066/2066 2067/2067/2067
f  2068/2068/2068 2069/2069/2069 2070/2070/2070
f  1906/1906/1906 2071/2071/2071 2072/2072/2072
f  2073/2073/2073 2074/2074/2074 1906/1906/1906
f  2075/2075/2075 2076/2076/2076 2077/2077/2077
f  2078/2078/2078 1906/1906/1906 2079/2079/2079
f  2080/2080/2080 2081/2081/2081 759/759/759
f  759/759/759 2082/2082/2082 2083/2083/2083
f  681/681/681 758/758/758 2084/2084/2084
f  2085/2085/2085 2086/2086/2086 681/681/681
f  9/9/9 11/11/11 10/10/10
f  16/16/16 27/27/27 14/14/14
f  18/18/18 17/17/17 32/32/32
f  2087/2087/2087 2088/2088/2088 2089/2089/2089
f  2090/2090/2090 2091/2091/2091 2089/2089/2089
f  2092/2092/2092 2093/2093/2093 2089/2089/2089
f  2094/2094/2094 2095/2095/2095 2089/2089/2089
f  2096/2096/2096 2097/2097/2097 2089/2089/2089
f  2098/2098/2098 2099/2099/2099 2089/2089/2089
f  2100/2100/2100 2101/2101/2101 2089/2089/2089
f  2102/2102/2102 2103/2103/2103 2089/2089/2089
f  2104/2104/2104 69/69/69 2105/2105/2105
f  2106/2106/2106 211/211/211 2107/2107/2107
f  2108/2108/2108 236/236/236 2109/2109/2109
f  2110/2110/2110 211/211/211 2111/2111/2111
f  236/236/236 2112/2112/2112 2113/2113/2113
f  2114/2114/2114 3/3/3 2/2/2
f  20/20/20 2115/2115/2115 17/17/17
f  23/23/23 22/22/22 21/21/21
f  26/26/26 2116/2116/2116 2117/2117/2117
f  70/70/70 2118/2118/2118 67/67/67
f  67/67/67 2119/2119/2119 66/66/66
f  132/132/132 150/150/150 130/130/130
f  189/189/189 2120/2120/2120 2121/2121/2121
f  169/169/169 167/167/167 195/195/195
f  2122/2122/2122 200/200/200 199/199/199
f  160/160/160 159/159/159 196/196/196
f  2123/2123/2123 199/199/199 193/193/193
f  152/152/152 149/149/149 148/148/148
f  206/206/206 205/205/205 177/177/177
f  24/24/24 23/23/23 36/36/36
f  8/8/8 10/10/10 29/29/29
f  2124/2124/2124 69/69/69 68/68/68
f  12/12/12 11/11/11 9/9/9
f  2125/2125/2125 2126/2126/2126 2127/2127/2127
f  2128/2128/2128 2129/2129/2129 2127/2127/2127
f  2130/2130/2130 2131/2131/2131 2127/2127/2127
f  2132/2132/2132 2133/2133/2133 2127/2127/2127
f  2134/2134/2134 2135/2135/2135 2127/2127/2127
f  2136/2136/2136 2137/2137/2137 2127/2127/2127
f  2138/2138/2138 2139/2139/2139 2127/2127/2127
f  2140/2140/2140 2141/2141/2141 2127/2127/2127
f  288/288/288 2142/2142/2142 294/294/294
f  292/292/292 2142/2142/2142 291/291/291
f  288/288/288 287/287/287 2142/2142/2142
f  291/291/291 2142/2142/2142 290/290/290
f  2142/2142/2142 287/287/287 289/289/289
f  290/290/290 2142/2142/2142 289/289/289
f  293/293/293 2142/2142/2142 292/292/292
f  294/294/294 2142/2142/2142 293/293/293
f  338/338/338 2143/2143/2143 339/339/339
f  2144/2144/2144 352/352/352 2145/2145/2145
f  2146/2146/2146 338/338/338 2147/2147/2147
f  2148/2148/2148 352/352/352 351/351/351
f  2149/2149/2149 2150/2150/2150 2151/2151/2151
f  2152/2152/2152 2153/2153/2153 2154/2154/2154
f  391/391/391 390/390/390 2155/2155/2155
f  390/390/390 394/394/394 2155/2155/2155
f  394/394/394 396/396/396 2155/2155/2155
f  396/396/396 398/398/398 2155/2155/2155
f  398/398/398 400/400/400 2155/2155/2155
f  400/400/400 402/402/402 2155/2155/2155
f  402/402/402 404/404/404 2155/2155/2155
f  404/404/404 391/391/391 2155/2155/2155
f  2156/2156/2156 2157/2157/2157 2158/2158/2158
f  2159/2159/2159 2160/2160/2160 2161/2161/2161
f  2162/2162/2162 2163/2163/2163 2164/2164/2164
f  2165/2165/2165 2166/2166/2166 2167/2167/2167
f  818/818/818 812/812/812 816/816/816
f  807/807/807 813/813/813 808/808/808
f  819/819/819 808/808/808 813/813/813
f  2168/2168/2168 2169/2169/2169 2170/2170/2170
f  2171/2171/2171 2172/2172/2172 2173/2173/2173
f  2174/2174/2174 2175/2175/2175 2170/2170/2170
f  2170/2170/2170 2176/2176/2176 2177/2177/2177
f  2178/2178/2178 2179/2179/2179 2170/2170/2170
f  2180/2180/2180 2181/2181/2181 2170/2170/2170
f  1726/1726/1726 842/842/842 2182/2182/2182
f  2183/2183/2183 839/839/839 2184/2184/2184
f  2185/2185/2185 942/942/942 953/953/953
f  759/759/759 2186/2186/2186 2187/2187/2187
f  1293/1293/1293 1280/1280/1280 2188/2188/2188
f  1280/1280/1280 1279/1279/1279 2188/2188/2188
f  1279/1279/1279 1283/1283/1283 2188/2188/2188
f  1283/1283/1283 1285/1285/1285 2188/2188/2188
f  1285/1285/1285 1287/1287/1287 2188/2188/2188
f  1287/1287/1287 1289/1289/1289 2188/2188/2188
f  1289/1289/1289 1291/1291/1291 2188/2188/2188
f  1291/1291/1291 1293/1293/1293 2188/2188/2188
f  2189/2189/2189 2190/2190/2190 2191/2191/2191
f  2192/2192/2192 2193/2193/2193 2191/2191/2191
f  2194/2194/2194 2195/2195/2195 2191/2191/2191
f  2196/2196/2196 2197/2197/2197 2191/2191/2191
f  2198/2198/2198 2199/2199/2199 2191/2191/2191
f  2200/2200/2200 2201/2201/2201 2191/2191/2191
f  2202/2202/2202 2203/2203/2203 2191/2191/2191
f  2204/2204/2204 2205/2205/2205 2191/2191/2191
f  1335/1335/1335 1331/1331/1331 1323/1323/1323
f  1325/1325/1325 1315/1315/1315 1314/1314/1314
f  1325/1325/1325 1314/1314/1314 1337/1337/1337
f  2206/2206/2206 2207/2207/2207 2208/2208/2208
f  2209/2209/2209 2210/2210/2210 2211/2211/2211
f  2212/2212/2212 2213/2213/2213 2214/2214/2214
f  2215/2215/2215 2216/2216/2216 2217/2217/2217
f  2218/2218/2218 2219/2219/2219 2220/2220/2220
f  1369/1369/1369 2221/2221/2221 2222/2222/2222
f  2223/2223/2223 2224/2224/2224 2225/2225/2225
f  2226/2226/2226 2227/2227/2227 2228/2228/2228
f  2229/2229/2229 1490/1490/1490 1489/1489/1489
f  2230/2230/2230 2231/2231/2231 2232/2232/2232
f  2233/2233/2233 2234/2234/2234 2235/2235/2235
f  2236/2236/2236 2237/2237/2237 2238/2238/2238
f  2239/2239/2239 1540/1540/1540 1539/1539/1539
f  2240/2240/2240 2241/2241/2241 2242/2242/2242
f  2243/2243/2243 2244/2244/2244 2245/2245/2245
f  2246/2246/2246 1552/1552/1552 1557/1557/1557
f  1593/1593/1593 1563/1563/1563 1567/1567/1567
f  1574/1574/1574 2247/2247/2247 1590/1590/1590
f  1590/1590/1590 2248/2248/2248 1577/1577/1577
f  1584/1584/1584 1563/1563/1563 2249/2249/2249
f  1551/1551/1551 2250/2250/2250 2251/2251/2251
f  2252/2252/2252 1642/1642/1642 1610/1610/1610
f  2253/2253/2253 2254/2254/2254 1638/1638/1638
f  2255/2255/2255 2256/2256/2256 1610/1610/1610
f  1641/1641/1641 1638/1638/1638 1619/1619/1619
f  2257/2257/2257 2258/2258/2258 2259/2259/2259
f  2260/2260/2260 2257/2257/2257 2261/2261/2261
f  1683/1683/1683 1672/1672/1672 1684/1684/1684
f  2262/2262/2262 1702/1702/1702 2263/2263/2263
f  1705/1705/1705 1704/1704/1704 1718/1718/1718
f  2264/2264/2264 2265/2265/2265 2266/2266/2266
f  2267/2267/2267 2268/2268/2268 2269/2269/2269
f  2270/2270/2270 2271/2271/2271 2272/2272/2272
f  2273/2273/2273 2274/2274/2274 2275/2275/2275
f  2276/2276/2276 2277/2277/2277 2278/2278/2278
f  2279/2279/2279 2280/2280/2280 2281/2281/2281
f  2282/2282/2282 2283/2283/2283 2284/2284/2284
f  2285/2285/2285 2286/2286/2286 2287/2287/2287
f  2288/2288/2288 2289/2289/2289 2290/2290/2290
f  2291/2291/2291 2292/2292/2292 2293/2293/2293
f  2294/2294/2294 2295/2295/2295 2293/2293/2293
f  2296/2296/2296 2297/2297/2297 2293/2293/2293
f  2298/2298/2298 2299/2299/2299 2293/2293/2293
f  2300/2300/2300 2301/2301/2301 2293/2293/2293
f  2302/2302/2302 2303/2303/2303 2293/2293/2293
f  2304/2304/2304 2305/2305/2305 2293/2293/2293
f  2306/2306/2306 2307/2307/2307 2293/2293/2293
f  2308/2308/2308 2309/2309/2309 2310/2310/2310
f  2311/2311/2311 2312/2312/2312 2310/2310/2310
f  2313/2313/2313 2314/2314/2314 2310/2310/2310
f  2315/2315/2315 2316/2316/2316 2310/2310/2310
f  2317/2317/2317 2318/2318/2318 2310/2310/2310
f  2319/2319/2319 2320/2320/2320 2310/2310/2310
f  2321/2321/2321 2322/2322/2322 2310/2310/2310
f  2323/2323/2323 2324/2324/2324 2310/2310/2310
f  654/654/654 2325/2325/2325 650/650/650
f  2326/2326/2326 2327/2327/2327 2328/2328/2328
f  2329/2329/2329 2330/2330/2330 2331/2331/2331
f  816/816/816 812/812/812 811/811/811
f  2332/2332/2332 2333/2333/2333 2173/2173/2173
f  2334/2334/2334 2335/2335/2335 2173/2173/2173
f  2336/2336/2336 2337/2337/2337 2173/2173/2173
f  2338/2338/2338 2339/2339/2339 2173/2173/2173
f  843/843/843 822/822/822 847/847/847
f  2340/2340/2340 2173/2173/2173 2341/2341/2341
f  2173/2173/2173 2342/2342/2342 2343/2343/2343
f  2173/2173/2173 2344/2344/2344 2345/2345/2345
f  2346/2346/2346 2347/2347/2347 2173/2173/2173
f  2348/2348/2348 823/823/823 822/822/822
f  2349/2349/2349 2350/2350/2350 2351/2351/2351
f  2352/2352/2352 2353/2353/2353 2354/2354/2354
f  2355/2355/2355 2356/2356/2356 2357/2357/2357
f  2358/2358/2358 2359/2359/2359 2360/2360/2360
f  2361/2361/2361 2362/2362/2362 2363/2363/2363
f  2364/2364/2364 2365/2365/2365 2366/2366/2366
f  2367/2367/2367 2368/2368/2368 2369/2369/2369
f  2370/2370/2370 2371/2371/2371 2369/2369/2369
f  2372/2372/2372 2373/2373/2373 2369/2369/2369
f  2374/2374/2374 2375/2375/2375 2369/2369/2369
f  2376/2376/2376 2377/2377/2377 2369/2369/2369
f  2378/2378/2378 2379/2379/2379 2369/2369/2369
f  2380/2380/2380 2381/2381/2381 2369/2369/2369
f  2382/2382/2382 2383/2383/2383 2369/2369/2369
f  2384/2384/2384 2385/2385/2385 2386/2386/2386
f  2387/2387/2387 2388/2388/2388 2386/2386/2386
f  2389/2389/2389 2390/2390/2390 2386/2386/2386
f  2391/2391/2391 2392/2392/2392 2386/2386/2386
f  2393/2393/2393 2394/2394/2394 2386/2386/2386
f  2395/2395/2395 2396/2396/2396 2386/2386/2386
f  2397/2397/2397 2398/2398/2398 2386/2386/2386
f  2399/2399/2399 2400/2400/2400 2386/2386/2386
f  2401/2401/2401 2402/2402/2402 1166/1166/1166
f  2403/2403/2403 2404/2404/2404 2405/2405/2405
f  2406/2406/2406 2407/2407/2407 2405/2405/2405
f  2408/2408/2408 2409/2409/2409 2405/2405/2405
f  2410/2410/2410 2411/2411/2411 2405/2405/2405
f  2412/2412/2412 2413/2413/2413 2405/2405/2405
f  2414/2414/2414 2415/2415/2415 2405/2405/2405
f  2416/2416/2416 2417/2417/2417 2405/2405/2405
f  2418/2418/2418 2419/2419/2419 2405/2405/2405
f  2420/2420/2420 2421/2421/2421 2422/2422/2422
f  2423/2423/2423 2421/2421/2421 2420/2420/2420
f  1308/1308/1308 1277/1277/1277 1276/1276/1276
f  1331/1331/1331 1324/1324/1324 1323/1323/1323
f  2424/2424/2424 2425/2425/2425 2426/2426/2426
f  2427/2427/2427 2428/2428/2428 2429/2429/2429
f  2430/2430/2430 2431/2431/2431 2432/2432/2432
f  2433/2433/2433 2434/2434/2434 2435/2435/2435
f  1363/1363/1363 1366/1366/1366 1340/1340/1340
f  2436/2436/2436 2437/2437/2437 2438/2438/2438
f  2439/2439/2439 2440/2440/2440 2441/2441/2441
f  2442/2442/2442 2443/2443/2443 2444/2444/2444
f  2445/2445/2445 2446/2446/2446 2447/2447/2447
f  2448/2448/2448 1340/1340/1340 1339/1339/1339
f  2173/2173/2173 2449/2449/2449 2450/2450/2450
f  2173/2173/2173 2451/2451/2451 2452/2452/2452
f  2453/2453/2453 2454/2454/2454 2455/2455/2455
f  2456/2456/2456 2457/2457/2457 2458/2458/2458
f  2459/2459/2459 2460/2460/2460 2461/2461/2461
f  2462/2462/2462 2463/2463/2463 2464/2464/2464
f  2465/2465/2465 2466/2466/2466 2467/2467/2467
f  1490/1490/1490 2468/2468/2468 2469/2469/2469
f  2470/2470/2470 1471/1471/1471 2471/2471/2471
f  2472/2472/2472 1498/1498/1498 2473/2473/2473
f  2474/2474/2474 2475/2475/2475 2476/2476/2476
f  2473/2473/2473 1498/1498/1498 1497/1497/1497
f  2477/2477/2477 2478/2478/2478 2479/2479/2479
f  2480/2480/2480 2481/2481/2481 2482/2482/2482
f  2483/2483/2483 2484/2484/2484 2485/2485/2485
f  2486/2486/2486 2487/2487/2487 1539/1539/1539
f  2488/2488/2488 1521/1521/1521 2489/2489/2489
f  2490/2490/2490 1497/1497/1497 2491/2491/2491
f  2492/2492/2492 2493/2493/2493 2494/2494/2494
f  2266/2266/2266 2495/2495/2495 2496/2496/2496
f  2497/2497/2497 2266/2266/2266 2498/2498/2498
f  2266/2266/2266 2499/2499/2499 2500/2500/2500
f  2501/2501/2501 2266/2266/2266 2502/2502/2502
f  2503/2503/2503 2266/2266/2266 2504/2504/2504
f  1560/1560/1560 1559/1559/1559 1554/1554/1554
f  1560/1560/1560 1554/1554/1554 1553/1553/1553
f  1592/1592/1592 1597/1597/1597 1600/1600/1600
f  1599/1599/1599 2249/2249/2249 1593/1593/1593
f  2505/2505/2505 1553/1553/1553 1605/1605/1605
f  2506/2506/2506 1840/1840/1840 1641/1641/1641
f  2507/2507/2507 1642/1642/1642 2508/2508/2508
f  2509/2509/2509 2510/2510/2510 2511/2511/2511
f  2512/2512/2512 2513/2513/2513 2511/2511/2511
f  2514/2514/2514 2515/2515/2515 2511/2511/2511
f  2516/2516/2516 2517/2517/2517 2511/2511/2511
f  2518/2518/2518 2519/2519/2519 2511/2511/2511
f  2520/2520/2520 2511/2511/2511 2257/2257/2257
f  2511/2511/2511 2521/2521/2521 2522/2522/2522
f  2523/2523/2523 2524/2524/2524 2511/2511/2511
f  2511/2511/2511 2525/2525/2525 2526/2526/2526
f  2527/2527/2527 2528/2528/2528 2511/2511/2511
f  2529/2529/2529 2530/2530/2530 2511/2511/2511
f  2511/2511/2511 2261/2261/2261 2257/2257/2257
f  2531/2531/2531 1670/1670/1670 1673/1673/1673
f  2531/2531/2531 1673/1673/1673 1661/1661/1661
f  2532/2532/2532 1669/1669/1669 1668/1668/1668
f  2533/2533/2533 2534/2534/2534 2535/2535/2535
f  2533/2533/2533 1669/1669/1669 2536/2536/2536
f  1702/1702/1702 2537/2537/2537 1701/1701/1701
f  2538/2538/2538 1704/1704/1704 2539/2539/2539
f  2540/2540/2540 1695/1695/1695 1704/1704/1704
f  2541/2541/2541 2542/2542/2542 2263/2263/2263
f  2543/2543/2543 2544/2544/2544 2545/2545/2545
f  2546/2546/2546 2547/2547/2547 2263/2263/2263
f  2266/2266/2266 2548/2548/2548 2549/2549/2549
f  2550/2550/2550 2266/2266/2266 2551/2551/2551
f  1551/1551/1551 1552/1552/1552 2552/2552/2552
f  2553/2553/2553 2554/2554/2554 1552/1552/1552
f  1551/1551/1551 2555/2555/2555 1603/1603/1603
f  1624/1624/1624 1638/1638/1638 1636/1636/1636
f  1590/1590/1590 2556/2556/2556 2557/2557/2557
f  2558/2558/2558 1638/1638/1638 1624/1624/1624
f  1588/1588/1588 1590/1590/1590 1577/1577/1577
f  1610/1610/1610 1642/1642/1642 1611/1611/1611
f  2249/2249/2249 1563/1563/1563 1593/1593/1593
f  2559/2559/2559 2560/2560/2560 2561/2561/2561
f  2562/2562/2562 1369/1369/1369 1368/1368/1368
f  1726/1726/1726 2170/2170/2170 2563/2563/2563
f  1726/1726/1726 2564/2564/2564 2170/2170/2170
f  1359/1359/1359 1369/1369/1369 2565/2565/2565
f  2566/2566/2566 2567/2567/2567 2568/2568/2568
f  2569/2569/2569 839/839/839 2570/2570/2570
f  2571/2571/2571 2572/2572/2572 2573/2573/2573
f  2574/2574/2574 2575/2575/2575 2576/2576/2576
f  2577/2577/2577 2578/2578/2578 2579/2579/2579
f  2580/2580/2580 2581/2581/2581 2582/2582/2582
f  2583/2583/2583 2584/2584/2584 2585/2585/2585
f  2586/2586/2586 2587/2587/2587 2588/2588/2588
f  2589/2589/2589 2590/2590/2590 2591/2591/2591
f  2592/2592/2592 2593/2593/2593 2594/2594/2594
f  2595/2595/2595 1453/1453/1453 2596/2596/2596
f  2597/2597/2597 2598/2598/2598 2599/2599/2599
f  2600/2600/2600 2601/2601/2601 2602/2602/2602
f  2603/2603/2603 2604/2604/2604 1516/1516/1516
f  1452/1452/1452 2605/2605/2605 2606/2606/2606
f  2607/2607/2607 1450/1450/1450 1453/1453/1453
f  2608/2608/2608 2609/2609/2609 2610/2610/2610
f  2611/2611/2611 2612/2612/2612 2613/2613/2613
f  2614/2614/2614 2615/2615/2615 2616/2616/2616
f  2617/2617/2617 2618/2618/2618 2619/2619/2619
f  2620/2620/2620 2621/2621/2621 2622/2622/2622
f  2623/2623/2623 2624/2624/2624 2625/2625/2625
f  2626/2626/2626 2627/2627/2627 2628/2628/2628
f  1783/1783/1783 2629/2629/2629 1784/1784/1784
f  1784/1784/1784 2629/2629/2629 1786/1786/1786
f  1786/1786/1786 2629/2629/2629 1788/1788/1788
f  1788/1788/1788 2629/2629/2629 1790/1790/1790
f  1790/1790/1790 2629/2629/2629 1792/1792/1792
f  1792/1792/1792 2629/2629/2629 1794/1794/1794
f  1794/1794/1794 2629/2629/2629 1796/1796/1796
f  1796/1796/1796 2629/2629/2629 1783/1783/1783
f  941/941/941 2630/2630/2630 954/954/954
f  2631/2631/2631 2263/2263/2263 2632/2632/2632
f  1669/1669/1669 2633/2633/2633 2634/2634/2634
f  1673/1673/1673 1672/1672/1672 1683/1683/1683
f  1705/1705/1705 1718/1718/1718 1719/1719/1719
f  2635/2635/2635 1619/1619/1619 1638/1638/1638
f  2636/2636/2636 2637/2637/2637 2638/2638/2638
f  1574/1574/1574 1590/1590/1590 1592/1592/1592
f  2639/2639/2639 2640/2640/2640 1968/1968/1968
f  2641/2641/2641 2642/2642/2642 2643/2643/2643
f  2644/2644/2644 2645/2645/2645 2646/2646/2646
f  2647/2647/2647 2648/2648/2648 2649/2649/2649
f  2650/2650/2650 2651/2651/2651 1983/1983/1983
f  2652/2652/2652 2653/2653/2653 2654/2654/2654
f  2655/2655/2655 2656/2656/2656 1860/1860/1860
f  2657/2657/2657 2658/2658/2658 2659/2659/2659
f  2660/2660/2660 2661/2661/2661 2662/2662/2662
f  2663/2663/2663 2664/2664/2664 1943/1943/1943
f  2665/2665/2665 2666/2666/2666 2667/2667/2667
f  2668/2668/2668 2669/2669/2669 2670/2670/2670
f  2671/2671/2671 2672/2672/2672 1877/1877/1877
f  2673/2673/2673 2674/2674/2674 2675/2675/2675
f  2676/2676/2676 2677/2677/2677 2678/2678/2678
f  758/758/758 681/681/681 2679/2679/2679
f  2680/2680/2680 2681/2681/2681 2682/2682/2682
f  2682/2682/2682 2683/2683/2683 2680/2680/2680
f  2684/2684/2684 2680/2680/2680 2683/2683/2683
f  2683/2683/2683 2685/2685/2685 2684/2684/2684
f  2686/2686/2686 2684/2684/2684 2685/2685/2685
f  2685/2685/2685 2687/2687/2687 2686/2686/2686
f  2688/2688/2688 2686/2686/2686 2687/2687/2687
f  2687/2687/2687 2689/2689/2689 2688/2688/2688
f  2690/2690/2690 2688/2688/2688 2689/2689/2689
f  2689/2689/2689 2691/2691/2691 2690/2690/2690
f  2692/2692/2692 2690/2690/2690 2691/2691/2691
f  2691/2691/2691 2693/2693/2693 2692/2692/2692
f  2694/2694/2694 2692/2692/2692 2693/2693/2693
f  2693/2693/2693 2695/2695/2695 2694/2694/2694
f  2681/2681/2681 2694/2694/2694 2695/2695/2695
f  2695/2695/2695 2682/2682/2682 2681/2681/2681
f  2696/2696/2696 2697/2697/2697 2694/2694/2694
f  2694/2694/2694 2681/2681/2681 2696/2696/2696
f  2698/2698/2698 2696/2696/2696 2681/2681/2681
f  2681/2681/2681 2680/2680/2680 2698/2698/2698
f  2699/2699/2699 2698/2698/2698 2680/2680/2680
f  2680/2680/2680 2684/2684/2684 2699/2699/2699
f  2700/2700/2700 2699/2699/2699 2684/2684/2684
f  2684/2684/2684 2686/2686/2686 2700/2700/2700
f  2701/2701/2701 2700/2700/2700 2686/2686/2686
f  2686/2686/2686 2688/2688/2688 2701/2701/2701
f  2702/2702/2702 2701/2701/2701 2688/2688/2688
f  2688/2688/2688 2690/2690/2690 2702/2702/2702
f  2703/2703/2703 2702/2702/2702 2690/2690/2690
f  2690/2690/2690 2692/2692/2692 2703/2703/2703
f  2697/2697/2697 2703/2703/2703 2692/2692/2692
f  2692/2692/2692 2694/2694/2694 2697/2697/2697
f  2704/2704/2704 2705/2705/2705 2706/2706/2706
f  2706/2706/2706 2707/2707/2707 2704/2704/2704
f  2708/2708/2708 2709/2709/2709 2710/2710/2710
f  2711/2711/2711 2712/2712/2712 2708/2708/2708
f  2713/2713/2713 2714/2714/2714 2715/2715/2715
f  2715/2715/2715 2716/2716/2716 2713/2713/2713
f  2717/2717/2717 2705/2705/2705 2704/2704/2704
f  2704/2704/2704 2718/2718/2718 2717/2717/2717
f  2708/2708/2708 2719/2719/2719 2720/2720/2720
f  2721/2721/2721 2722/2722/2722 2708/2708/2708
f  2713/2713/2713 2723/2723/2723 2724/2724/2724
f  2724/2724/2724 2714/2714/2714 2713/2713/2713
f  2725/2725/2725 2726/2726/2726 2727/2727/2727
f  2727/2727/2727 2728/2728/2728 2725/2725/2725
f  2729/2729/2729 2730/2730/2730 2731/2731/2731
f  2731/2731/2731 2732/2732/2732 2733/2733/2733
f  2734/2734/2734 2735/2735/2735 2736/2736/2736
f  2736/2736/2736 2737/2737/2737 2734/2734/2734
f  2738/2738/2738 2739/2739/2739 2740/2740/2740
f  2741/2741/2741 2742/2742/2742 2743/2743/2743
f  2744/2744/2744 2745/2745/2745 2746/2746/2746
f  2746/2746/2746 2747/2747/2747 2748/2748/2748
f  2749/2749/2749 2745/2745/2745 2750/2750/2750
f  2751/2751/2751 2752/2752/2752 2749/2749/2749
f  2753/2753/2753 2754/2754/2754 2755/2755/2755
f  2756/2756/2756 2757/2757/2757 2753/2753/2753
f  2758/2758/2758 2759/2759/2759 2760/2760/2760
f  2760/2760/2760 2761/2761/2761 2758/2758/2758
f  2762/2762/2762 2763/2763/2763 2759/2759/2759
f  2759/2759/2759 2758/2758/2758 2762/2762/2762
f  2764/2764/2764 2765/2765/2765 2763/2763/2763
f  2763/2763/2763 2762/2762/2762 2764/2764/2764
f  2766/2766/2766 2767/2767/2767 2765/2765/2765
f  2765/2765/2765 2764/2764/2764 2766/2766/2766
f  2768/2768/2768 2769/2769/2769 2770/2770/2770
f  2771/2771/2771 2772/2772/2772 2773/2773/2773
f  2774/2774/2774 2775/2775/2775 2776/2776/2776
f  2777/2777/2777 2778/2778/2778 2779/2779/2779
f  2780/2780/2780 2781/2781/2781 2782/2782/2782
f  2783/2783/2783 2784/2784/2784 2785/2785/2785
f  2786/2786/2786 2787/2787/2787 2788/2788/2788
f  2789/2789/2789 2790/2790/2790 2791/2791/2791
f  2792/2792/2792 2793/2793/2793 2794/2794/2794
f  2795/2795/2795 2796/2796/2796 2797/2797/2797
f  2798/2798/2798 2799/2799/2799 2800/2800/2800
f  2801/2801/2801 2802/2802/2802 2803/2803/2803
f  2804/2804/2804 2805/2805/2805 2806/2806/2806
f  2807/2807/2807 2808/2808/2808 2809/2809/2809
f  2810/2810/2810 2811/2811/2811 2812/2812/2812
f  2813/2813/2813 2814/2814/2814 2815/2815/2815
f  2816/2816/2816 2817/2817/2817 2818/2818/2818
f  2819/2819/2819 2820/2820/2820 2816/2816/2816
f  2821/2821/2821 2822/2822/2822 2823/2823/2823
f  2824/2824/2824 2825/2825/2825 2821/2821/2821
f  2826/2826/2826 2827/2827/2827 2828/2828/2828
f  2828/2828/2828 2829/2829/2829 2830/2830/2830
f  2831/2831/2831 2832/2832/2832 2833/2833/2833
f  2834/2834/2834 2835/2835/2835 2831/2831/2831
f  2836/2836/2836 2837/2837/2837 2838/2838/2838
f  2839/2839/2839 2832/2832/2832 2836/2836/2836
f  2840/2840/2840 2841/2841/2841 2842/2842/2842
f  2843/2843/2843 2844/2844/2844 2840/2840/2840
f  2845/2845/2845 2846/2846/2846 2847/2847/2847
f  2847/2847/2847 2848/2848/2848 2845/2845/2845
f  2849/2849/2849 2850/2850/2850 2845/2845/2845
f  2845/2845/2845 2848/2848/2848 2849/2849/2849
f  2851/2851/2851 2850/2850/2850 2849/2849/2849
f  2849/2849/2849 2852/2852/2852 2851/2851/2851
f  2853/2853/2853 2854/2854/2854 2851/2851/2851
f  2851/2851/2851 2852/2852/2852 2855/2855/2855
f  2856/2856/2856 2857/2857/2857 2858/2858/2858
f  2859/2859/2859 2860/2860/2860 2861/2861/2861
f  2862/2862/2862 2863/2863/2863 2864/2864/2864
f  2865/2865/2865 2866/2866/2866 2867/2867/2867
f  2868/2868/2868 2869/2869/2869 2870/2870/2870
f  2871/2871/2871 2872/2872/2872 2873/2873/2873
f  2874/2874/2874 2875/2875/2875 2876/2876/2876
f  2877/2877/2877 2878/2878/2878 2879/2879/2879
f  2880/2880/2880 2881/2881/2881 2882/2882/2882
f  2883/2883/2883 2884/2884/2884 2885/2885/2885
f  2886/2886/2886 2887/2887/2887 2888/2888/2888
f  2889/2889/2889 2890/2890/2890 2891/2891/2891
f  2892/2892/2892 2893/2893/2893 2894/2894/2894
f  2894/2894/2894 2895/2895/2895 2896/2896/2896
f  2897/2897/2897 2898/2898/2898 2899/2899/2899
f  2900/2900/2900 2901/2901/2901 2902/2902/2902
f  2903/2903/2903 2904/2904/2904 2905/2905/2905
f  2905/2905/2905 2906/2906/2906 2903/2903/2903
f  2907/2907/2907 2908/2908/2908 2909/2909/2909
f  2909/2909/2909 2910/2910/2910 2907/2907/2907
f  2911/2911/2911 2912/2912/2912 2913/2913/2913
f  2914/2914/2914 2915/2915/2915 2916/2916/2916
f  2917/2917/2917 2918/2918/2918 2919/2919/2919
f  2920/2920/2920 2921/2921/2921 2922/2922/2922
f  2923/2923/2923 2924/2924/2924 2925/2925/2925
f  2926/2926/2926 2927/2927/2927 2928/2928/2928
f  2929/2929/2929 2930/2930/2930 2931/2931/2931
f  2932/2932/2932 2933/2933/2933 2934/2934/2934
f  2727/2727/2727 2726/2726/2726 2717/2717/2717
f  2717/2717/2717 2718/2718/2718 2727/2727/2727
f  2935/2935/2935 2829/2829/2829 2825/2825/2825
f  2825/2825/2825 2936/2936/2936 2937/2937/2937
f  2836/2836/2836 2844/2844/2844 2938/2938/2938
f  2939/2939/2939 2940/2940/2940 2836/2836/2836
f  2734/2734/2734 2737/2737/2737 2724/2724/2724
f  2724/2724/2724 2723/2723/2723 2734/2734/2734
f  2941/2941/2941 2754/2754/2754 2749/2749/2749
f  2749/2749/2749 2942/2942/2942 2943/2943/2943
f  2719/2719/2719 2730/2730/2730 2944/2944/2944
f  2945/2945/2945 2946/2946/2946 2719/2719/2719
f  2947/2947/2947 2948/2948/2948 2821/2821/2821
f  2821/2821/2821 2949/2949/2949 2950/2950/2950
f  2951/2951/2951 2952/2952/2952 2817/2817/2817
f  2817/2817/2817 2953/2953/2953 2954/2954/2954
f  2739/2739/2739 2816/2816/2816 2955/2955/2955
f  2956/2956/2956 2957/2957/2957 2739/2739/2739
f  2958/2958/2958 2959/2959/2959 2960/2960/2960
f  2961/2961/2961 2962/2962/2962 2960/2960/2960
f  2963/2963/2963 2964/2964/2964 2960/2960/2960
f  2965/2965/2965 2966/2966/2966 2960/2960/2960
f  2967/2967/2967 2968/2968/2968 2960/2960/2960
f  2969/2969/2969 2970/2970/2970 2960/2960/2960
f  2971/2971/2971 2972/2972/2972 2960/2960/2960
f  2973/2973/2973 2974/2974/2974 2960/2960/2960
f  2697/2697/2697 2975/2975/2975 2703/2703/2703
f  2701/2701/2701 2975/2975/2975 2700/2700/2700
f  2697/2697/2697 2696/2696/2696 2975/2975/2975
f  2700/2700/2700 2975/2975/2975 2699/2699/2699
f  2975/2975/2975 2696/2696/2696 2698/2698/2698
f  2699/2699/2699 2975/2975/2975 2698/2698/2698
f  2702/2702/2702 2975/2975/2975 2701/2701/2701
f  2703/2703/2703 2975/2975/2975 2702/2702/2702
f  2976/2976/2976 2977/2977/2977 2978/2978/2978
f  2817/2817/2817 2979/2979/2979 2980/2980/2980
f  2712/2712/2712 2981/2981/2981 2708/2708/2708
f  2982/2982/2982 2983/2983/2983 2821/2821/2821
f  2984/2984/2984 2985/2985/2985 2986/2986/2986
f  2816/2816/2816 2739/2739/2739 2987/2987/2987

g
